word	frequency	offensive
you	250	0
I	249	0
the	245	0
to	240	0
a	237	0
it	235	0
and	231	0
that	230	0
of	227	0
it's	225	0
is	224	0
in	223	0
we	222	0
what	222	0
me	221	0
this	219	0
he	218	0
for	217	0
my	216	0
can't	215	0
have	215	0
on	215	0
that's	215	0
do	214	0
was	214	0
your	214	0
are	213	0
be	213	0
I'm	213	0
no	213	0
not	213	0
don't	212	0
can	211	0
know	211	0
with	211	0
but	210	0
I'll	210	0
you're	210	0
all	209	0
so	209	0
just	208	0
here	207	0
there	207	0
like	206	0
they	206	0
get	205	0
she	205	0
go	204	0
if	204	0
out	203	0
right	203	0
about	202	0
at	202	0
him	202	0
up	202	0
now	201	0
oh	201	0
one	201	0
come	200	0
her	200	0
how	200	0
I've	200	0
we're	200	0
well	200	0
what's	200	0
won't	200	0
got	198	0
want	198	0
will	198	0
yeah	198	0
think	197	0
as	196	0
did	196	0
good	196	0
see	196	0
from	195	0
he's	195	0
his	195	0
I'd	195	0
let	195	0
let's	195	0
they're	195	0
who	195	0
why	195	0
you'll	195	0
yes	194	0
going	193	0
when	193	0
an	192	0
okay	192	0
time	192	0
back	191	0
look	191	0
us	191	0
take	190	0
them	190	0
then	190	0
there's	190	0
we'll	190	0
were	190	0
where	190	0
would	190	0
been	189	0
had	189	0
or	189	0
gonna	188	0
man	188	0
our	188	0
really	188	0
say	188	0
some	188	0
tell	188	0
could	187	0
didn't	187	0
hey	187	0
by	186	0
need	186	0
something	186	0
has	185	0
more	185	0
she's	185	0
too	185	0
way	185	0
you've	185	0
down	184	0
make	184	0
very	184	0
never	183	0
because	182	0
little	182	0
only	182	0
over	182	0
people	182	0
give	181	0
love	181	0
mean	181	0
please	181	0
said	181	0
should	181	0
sorry	181	0
am	180	0
any	180	0
off	180	0
thank	180	0
two	180	0
we've	180	0
you'd	180	0
doing	179	0
even	179	0
much	179	0
sure	178	0
thing	178	0
first	177	0
help	177	0
into	177	0
these	177	0
anything	176	0
find	176	0
life	176	0
nothing	176	0
still	176	0
again	175	0
day	175	0
god	175	0
here's	175	0
sir	175	0
their	175	0
they'll	175	0
work	175	0
after	174	0
away	174	0
before	174	0
call	174	0
maybe	174	0
must	174	0
other	174	0
stop	174	0
talk	174	0
than	174	0
wait	174	0
won	174	0
great	173	0
home	173	0
night	173	0
put	173	0
thought	173	0
better	172	0
everything	172	0
last	172	0
new	172	0
those	172	0
told	172	0
always	171	0
keep	171	0
long	171	0
things	171	0
years	171	0
Ahmedabad	170	0
airdash	170	0
around	170	0
Bangalore	170	0
batchmate	170	0
batchmates	170	0
Bengaluru	170	0
Bharat	170	0
Bombay	170	0
Calcutta	170	0
canteen	170	0
Chennai	170	0
co-brother	170	0
convent	170	0
cousin-brother	170	0
crore	170	0
crores	170	0
Delhi	170	0
dicky	170	0
does	170	0
doesn't	170	0
eve-teasing	170	0
fresher	170	0
freshers	170	0
godown	170	0
he'll	170	0
Hindustan	170	0
hostel	170	0
Hyderabad	170	0
India	170	0
INR	170	0
intimation	170	0
jugaad	170	0
kindly	170	0
Kolkata	170	0
lakh	170	0
lakhs	170	0
leave	170	0
Madras	170	0
money	170	0
Mumbai	170	0
name	170	0
needful	170	0
outstation	170	0
paise	170	0
passout	170	0
prepone	170	0
preponed	170	0
Pune	170	0
revert	170	0
Rs	170	0
rupee	170	0
rupees	170	0
stepney	170	0
tiffin	170	0
timepass	170	0
updation	170	0
ever	169	0
father	169	0
feel	169	0
guy	169	0
guys	169	0
made	169	0
place	169	0
big	168	0
isn't	168	0
lot	168	0
old	168	0
which	168	0
believe	167	0
coming	167	0
done	167	0
fine	167	0
girl	167	0
hello	167	0
kind	167	0
nice	167	0
someone	167	0
thanks	167	0
wanted	167	0
being	166	0
came	166	0
course	166	0
dad	166	0
enough	166	0
every	166	0
happened	166	0
house	166	0
left	166	0
may	166	0
mother	166	0
ok	166	0
stay	166	0
through	166	0
world	166	0
wrong	166	0
another	165	0
ask	165	0
bad	165	0
God	165	0
hear	165	0
it'll	165	0
listen	165	0
might	165	0
own	165	0
remember	165	0
they've	165	0
three	165	0
today	165	0
understand	165	0
we'd	165	0
who's	165	0
else	164	0
found	164	0
kill	164	0
next	164	0
same	164	0
show	164	0
talking	164	0
car	163	0
care	163	0
dead	163	0
getting	163	0
hi	163	0
looking	163	0
son	163	0
try	163	0
went	163	0
woman	163	0
best	162	0
boy	162	0
friend	162	0
hell	162	0
many	162	0
mind	162	0
mom	162	0
morning	162	0
together	162	0
trying	162	0
wasn't	162	0
yourself	162	0
already	161	0
baby	161	0
family	161	0
job	161	0
real	161	0
room	161	0
saw	161	0
without	161	0
wouldn't	161	0
actually	160	0
he'd	160	0
live	160	0
miss	160	0
most	160	0
move	160	0
seen	160	0
she'll	160	0
where's	160	0
would've	160	0
also	159	0
bit	159	0
both	159	0
brother	159	0
called	159	0
door	159	0
happy	159	0
haven't	159	0
head	159	0
heard	159	0
hold	159	0
idea	159	0
knew	159	0
once	159	0
pretty	159	0
ready	159	0
such	159	0
took	159	0
used	159	0
bring	158	0
days	158	0
everyone	158	0
guess	158	0
matter	158	0
meet	158	0
men	158	0
since	158	0
start	158	0
tomorrow	158	0
tonight	158	0
use	158	0
while	158	0
whole	158	0
wife	158	0
yet	158	0
alone	157	0
couldn't	157	0
end	157	0
gone	157	0
hard	157	0
looks	157	0
myself	157	0
phone	157	0
play	157	0
run	157	0
saying	157	0
school	157	0
wanna	157	0
ago	156	0
anyone	156	0
face	156	0
few	156	0
friends	156	0
gotta	156	0
hope	156	0
killed	156	0
lost	156	0
May	156	0
open	156	0
police	156	0
problem	156	0
until	156	0
business	155	0
case	155	0
die	155	0
each	155	0
excuse	155	0
heart	155	0
says	155	0
should've	155	0
soon	155	0
they'd	155	0
true	155	0
turn	155	0
wants	155	0
worry	155	0
beautiful	154	0
hand	154	0
having	154	0
later	154	0
music	154	0
probably	154	0
watch	154	0
year	154	0
doctor	153	0
eat	153	0
kids	153	0
late	153	0
part	153	0
person	153	0
second	153	0
sit	153	0
stuff	153	0
thinking	153	0
water	153	0
working	153	0
young	153	0
change	152	0
crazy	152	0
damn	152	0
death	152	0
drink	152	0
everybody	152	0
exactly	152	0
far	152	0
five	152	0
forget	152	0
gave	152	0
happen	152	0
its	152	0
kid	152	0
knows	152	0
minute	152	0
pay	152	0
under	152	0
whatever	152	0
aren't	151	0
asked	151	0
check	151	0
deal	151	0
different	151	0
easy	151	0
eyes	151	0
hands	151	0
hit	151	0
inside	151	0
makes	151	0
means	151	0
minutes	151	0
point	151	0
shut	151	0
somebody	151	0
taking	151	0
times	151	0
Aadhaar	150	0
afraid	150	0
against	150	0
AIIMS	150	0
ain't	150	0
Airtel	150	0
anyway	150	0
BBA	150	0
BCCI	150	0
BCom	150	0
BHIM	150	0
BMC	150	0
body	150	0
Bollywood	150	0
BSc	150	0
BSE	150	0
BSNL	150	0
BTech	150	0
CBSE	150	0
challan	150	0
chance	150	0
close	150	0
collectorate	150	0
comes	150	0
could've	150	0
daughter	150	0
dear	150	0
DigiLocker	150	0
Doordarshan	150	0
DRDO	150	0
DTC	150	0
EWS	150	0
Flipkart	150	0
four	150	0
fun	150	0
GST	150	0
HDFC	150	0
how's	150	0
HSC	150	0
IAS	150	0
ICICI	150	0
ICSE	150	0
IFSC	150	0
IIM	150	0
IIMs	150	0
IIT	150	0
IITs	150	0
important	150	0
IMPS	150	0
IPL	150	0
IRCTC	150	0
ISRO	150	0
Jio	150	0
Kollywood	150	0
KYC	150	0
least	150	0
LIC	150	0
Lok	150	0
making	150	0
MBBS	150	0
MCom	150	0
mine	150	0
MLAs	150	0
MPs	150	0
MSc	150	0
MTech	150	0
NDMC	150	0
NEET	150	0
NEFT	150	0
NSE	150	0
number	150	0
o'clock	150	0
OBC	150	0
Ola	150	0
panchayat	150	0
party	150	0
Paytm	150	0
PhonePe	150	0
pincode	150	0
PSU	150	0
quite	150	0
Rajya	150	0
ration	150	0
RBI	150	0
RTGS	150	0
RuPay	150	0
Sabha	150	0
sarpanch	150	0
SBI	150	0
SEBI	150	0
Sensex	150	0
set	150	0
shall	150	0
she'd	150	0
sleep	150	0
SSC	150	0
story	150	0
Swiggy	150	0
T20	150	0
taluka	150	0
tehsil	150	0
tehsildar	150	0
that'll	150	0
Tollywood	150	0
UPI	150	0
UPSC	150	0
Vidhan	150	0
waiting	150	0
word	150	0
Zomato	150	0
children	149	0
cut	149	0
fight	149	0
fire	149	0
game	149	0
girls	149	0
hurt	149	0
husband	149	0
married	149	0
moment	149	0
Mr	149	0
nobody	149	0
read	149	0
rest	149	0
side	149	0
stand	149	0
started	149	0
though	149	0
week	149	0
wish	149	0
able	148	0
almost	148	0
anymore	148	0
behind	148	0
between	148	0
blood	148	0
child	148	0
goes	148	0
hours	148	0
lady	148	0
playing	148	0
sister	148	0
speak	148	0
supposed	148	0
truth	148	0
women	148	0
break	147	0
brought	147	0
city	147	0
gets	147	0
high	147	0
met	147	0
office	147	0
question	147	0
reason	147	0
shot	147	0
town	147	0
trouble	147	0
trust	147	0
walk	147	0
war	147	0
welcome	147	0
wow	147	0
yours	147	0
answer	146	0
boys	146	0
buy	146	0
bye	146	0
cool	146	0
couple	146	0
died	146	0
either	146	0
free	146	0
front	146	0
gun	146	0
half	146	0
honey	146	0
line	146	0
power	146	0
seems	146	0
team	146	0
telling	146	0
tried	146	0
whoa	146	0
along	145	0
become	145	0
bed	145	0
clear	145	0
country	145	0
dog	145	0
food	145	0
full	145	0
hate	145	0
hurry	145	0
light	145	0
months	145	0
needs	145	0
news	145	0
outside	145	0
save	145	0
send	145	0
sometimes	145	0
stupid	145	0
ahead	144	0
alive	144	0
black	144	0
captain	144	0
cause	144	0
fact	144	0
feeling	144	0
funny	144	0
hot	144	0
living	144	0
lord	144	0
order	144	0
pick	144	0
six	144	0
alright	143	0
book	143	0
boss	143	0
dinner	143	0
king	143	0
leaving	143	0
lose	143	0
ma	143	0
plan	143	0
promise	143	0
running	143	0
safe	143	0
sent	143	0
shouldn't	143	0
sighs	143	0
sort	143	0
taken	143	0
anybody	142	0
company	142	0
ha	142	0
himself	142	0
hour	142	0
john	142	0
lives	142	0
parents	142	0
perfect	142	0
perhaps	142	0
scared	142	0
serious	142	0
sick	142	0
small	142	0
sounds	142	0
special	142	0
uncle	142	0
white	142	0
asking	141	0
ass	141	0
cannot	141	0
control	141	0
drive	141	0
earth	141	0
glad	141	0
human	141	0
laughs	141	0
past	141	0
poor	141	0
possible	141	0
red	141	0
shoot	141	0
sound	141	0
top	141	0
touch	141	0
win	141	0
aarti	140	0
achaar	140	0
Adyar	140	0
Agartala	140	0
Agra	140	0
air	140	0
Aizawl	140	0
Ajanta	140	0
Ajmer	140	0
Alappuzha	140	0
Aligarh	140	0
Allahabad	140	0
Alleppey	140	0
aloo	140	0
Amravati	140	0
Amritsar	140	0
Andaman	140	0
Andheri	140	0
Andhra	140	0
Anna	140	0
Aravalli	140	0
Arunachal	140	0
Asansol	140	0
ashram	140	0
Assam	140	0
Assamese	140	0
Aurangabad	140	0
auto	140	0
autorickshaw	140	0
Ayodhya	140	0
ayurveda	140	0
babu	140	0
Bagh	140	0
bahu	140	0
Baisakhi	140	0
Bakrid	140	0
Banaras	140	0
Bandhan	140	0
Bandra	140	0
Bangla	140	0
Banjara	140	0
baraat	140	0
Bareilly	140	0
barfi	140	0
Baroda	140	0
bazaar	140	0
Beas	140	0
Bengal	140	0
Bengali	140	0
beta	140	0
beti	140	0
bhai	140	0
bhaiya	140	0
bhaji	140	0
bhature	140	0
Bhavnagar	140	0
bhel	140	0
Bhilai	140	0
bhindi	140	0
Bhiwandi	140	0
Bhojpuri	140	0
Bhopal	140	0
Bhubaneswar	140	0
Bihar	140	0
Bihu	140	0
Bikaner	140	0
bindi	140	0
biryani	140	0
Blair	140	0
Bodh	140	0
Bodo	140	0
Borivali	140	0
bowled	140	0
Brahmaputra	140	0
bua	140	0
Calicut	140	0
Cauvery	140	0
century	140	0
chaat	140	0
chacha	140	0
chachi	140	0
chai	140	0
Chandigarh	140	0
Chandni	140	0
chapati	140	0
chapatis	140	0
Charminar	140	0
Chaturthi	140	0
Chauth	140	0
Chenab	140	0
Chhath	140	0
Chhattisgarh	140	0
chole	140	0
chowk	140	0
chuckles	140	0
chutney	140	0
Cochin	140	0
Coimbatore	140	0
Colaba	140	0
cold	140	0
Connaught	140	0
Coorg	140	0
Cuttack	140	0
daal	140	0
dada	140	0
Dadar	140	0
daddy	140	0
dadi	140	0
Dadra	140	0
dal	140	0
Daman	140	0
dance	140	0
dargah	140	0
Darjeeling	140	0
Dasara	140	0
Deccan	140	0
Deepavali	140	0
Dehradun	140	0
dhaba	140	0
dhabas	140	0
Dhanbad	140	0
dhaniya	140	0
Dhanteras	140	0
dharma	140	0
Dharwad	140	0
dhokla	140	0
dhoti	140	0
didi	140	0
Dispur	140	0
Diu	140	0
Diwali	140	0
diya	140	0
diyas	140	0
Dogri	140	0
Dombivli	140	0
Dooj	140	0
dosa	140	0
dupatta	140	0
Durga	140	0
Durgapur	140	0
Dussehra	140	0
Dwarka	140	0
Eid	140	0
Ellora	140	0
Esplanade	140	0
Faridabad	140	0
fast	140	0
finally	140	0
Firozabad	140	0
Gachibowli	140	0
Ganesh	140	0
Ganges	140	0
Gangtok	140	0
Gaya	140	0
ghat	140	0
ghats	140	0
Ghaziabad	140	0
ghee	140	0
Goa	140	0
gobi	140	0
Godavari	140	0
Golconda	140	0
golgappa	140	0
Gorakhpur	140	0
Govardhan	140	0
Gudi	140	0
Gujarat	140	0
Gujarati	140	0
gulab	140	0
Gulbarga	140	0
Guntur	140	0
Gurgaon	140	0
Gurpurab	140	0
gurudwara	140	0
Gurugram	140	0
Guwahati	140	0
Gwalior	140	0
hair	140	0
haldi	140	0
halwa	140	0
Hampi	140	0
hang	140	0
Hanuman	140	0
happens	140	0
Haridwar	140	0
Haryana	140	0
Haryanvi	140	0
haveli	140	0
Hawa	140	0
Himachal	140	0
Himalaya	140	0
Himalayas	140	0
Hindi	140	0
Hinglish	140	0
Hitech	140	0
Holi	140	0
hospital	140	0
Howrah	140	0
Hubli	140	0
idli	140	0
Imphal	140	0
Indiranagar	140	0
Indore	140	0
Indus	140	0
innings	140	0
Itanagar	140	0
Jabalpur	140	0
jack	140	0
Jaipur	140	0
Jaisalmer	140	0
Jalandhar	140	0
jalebi	140	0
Jammu	140	0
Jamnagar	140	0
Jamshedpur	140	0
jamun	140	0
Janmashtami	140	0
Jayanagar	140	0
Jayanti	140	0
jeera	140	0
Jhansi	140	0
Jharkhand	140	0
Jhelum	140	0
ji	140	0
jijaji	140	0
Jodhpur	140	0
Juhu	140	0
kachori	140	0
Kalyan	140	0
kameez	140	0
Kannada	140	0
Kanpur	140	0
Kanyakumari	140	0
Kargil	140	0
karma	140	0
Karnataka	140	0
Karol	140	0
Karva	140	0
Kashi	140	0
Kashmir	140	0
Kashmiri	140	0
Kaveri	140	0
kebab	140	0
Kerala	140	0
Khajuraho	140	0
kheer	140	0
khichdi	140	0
kirana	140	0
Kochi	140	0
Kodagu	140	0
Kohima	140	0
Kolhapur	140	0
Konark	140	0
Konkan	140	0
Konkani	140	0
Koramangala	140	0
korma	140	0
Kota	140	0
Kozhikode	140	0
Krishna	140	0
kulfi	140	0
kurta	140	0
kurti	140	0
Kutch	140	0
Ladakh	140	0
laddoo	140	0
laddu	140	0
ladoo	140	0
Lakshadweep	140	0
lassi	140	0
laughing	140	0
LBW	140	0
Leh	140	0
lehenga	140	0
Lohri	140	0
Lonavala	140	0
luck	140	0
Lucknow	140	0
Ludhiana	140	0
Madhapur	140	0
Madhya	140	0
Madurai	140	0
maggi	140	0
Mahabaleshwar	140	0
Mahal	140	0
Mahanadi	140	0
Maharashtra	140	0
Mahashivratri	140	0
Maithili	140	0
Makar	140	0
makhani	140	0
Malabar	140	0
Malayalam	140	0
mama	140	0
mami	140	0
Manali	140	0
mandap	140	0
mandir	140	0
Mangalore	140	0
mangalsutra	140	0
Mangaluru	140	0
Manipur	140	0
Manipuri	140	0
mantra	140	0
Marathi	140	0
Margao	140	0
masala	140	0
masjid	140	0
Mathura	140	0
mausi	140	0
Meenakshi	140	0
Meerut	140	0
meeting	140	0
Meghalaya	140	0
mehendi	140	0
mehndi	140	0
mela	140	0
metro	140	0
Minar	140	0
mirchi	140	0
Mizoram	140	0
mohalla	140	0
momos	140	0
Moradabad	140	0
Mubarak	140	0
Muharram	140	0
Munnar	140	0
murder	140	0
Mussoorie	140	0
Mysore	140	0
Mysuru	140	0
naan	140	0
Nadu	140	0
Nagaland	140	0
nagar	140	0
Nagpur	140	0
Nainital	140	0
namaskar	140	0
namaste	140	0
nana	140	0
Nanded	140	0
nani	140	0
Narmada	140	0
Nashik	140	0
Navami	140	0
Navaratri	140	0
Navi	140	0
Navratri	140	0
Nepali	140	0
Nicobar	140	0
Nilgiri	140	0
Nilgiris	140	0
nimbu	140	0
Noida	140	0
Odia	140	0
Odisha	140	0
Onam	140	0
Ooty	140	0
Orissa	140	0
Oriya	140	0
Padwa	140	0
pakoda	140	0
pakora	140	0
pakoras	140	0
palak	140	0
Panaji	140	0
paneer	140	0
panipuri	140	0
Panvel	140	0
papad	140	0
paratha	140	0
parathas	140	0
Patna	140	0
pav	140	0
poha	140	0
Pondicherry	140	0
Pondy	140	0
Pongal	140	0
pooja	140	0
Powai	140	0
Pradesh	140	0
prasad	140	0
Prayagraj	140	0
Puducherry	140	0
puja	140	0
pulao	140	0
Punjab	140	0
Punjabi	140	0
puri	140	0
Pushkar	140	0
Qutub	140	0
Raipur	140	0
raita	140	0
Rajasthan	140	0
Rajasthani	140	0
Rajkot	140	0
rajma	140	0
Raksha	140	0
Ramadan	140	0
Rameswaram	140	0
Ramzan	140	0
Ranchi	140	0
rangoli	140	0
Ranji	140	0
rasgulla	140	0
rasmalai	140	0
rickshaw	140	0
Rishikesh	140	0
Rohini	140	0
roti	140	0
rotis	140	0
sabji	140	0
sabzi	140	0
Saharanpur	140	0
saheb	140	0
sahib	140	0
Sahyadri	140	0
Saket	140	0
Salem	140	0
salwar	140	0
sambar	140	0
samosa	140	0
samosas	140	0
sangeet	140	0
Sankranti	140	0
Sanskrit	140	0
Santali	140	0
saree	140	0
sarees	140	0
sari	140	0
Secunderabad	140	0
seem	140	0
shaadi	140	0
sherwani	140	0
Shillong	140	0
Shimla	140	0
Shirdi	140	0
Sikkim	140	0
Siliguri	140	0
Sindhi	140	0
sindoor	140	0
sixer	140	0
sixes	140	0
Solapur	140	0
Srinagar	140	0
street	140	0
Sundarbans	140	0
Surat	140	0
Sutlej	140	0
Taj	140	0
Tamil	140	0
tandoori	140	0
Tapti	140	0
Teej	140	0
Telangana	140	0
Telugu	140	0
tempo	140	0
ten	140	0
thali	140	0
Thane	140	0
Thanjavur	140	0
Thar	140	0
Thiruvananthapuram	140	0
tikka	140	0
till	140	0
Tiruchirappalli	140	0
Tirunelveli	140	0
Tirupati	140	0
Tiruppur	140	0
Trichy	140	0
Tripura	140	0
Trivandrum	140	0
Tulu	140	0
Udaipur	140	0
Ugadi	140	0
Ujjain	140	0
upma	140	0
Urdu	140	0
Uttar	140	0
Uttarakhand	140	0
vada	140	0
Vadodara	140	0
Vaisakhi	140	0
Varanasi	140	0
Vasai	140	0
Velachery	140	0
Vijayawada	140	0
Vindhya	140	0
Virar	140	0
Visakhapatnam	140	0
Vizag	140	0
Vrindavan	140	0
Warangal	140	0
Whitefield	140	0
wicket	140	0
wickets	140	0
words	140	0
Worli	140	0
Yamuna	140	0
yoga	140	0
catch	139	0
dream	139	0
evening	139	0
felt	139	0
follow	139	0
known	139	0
lie	139	0
lucky	139	0
master	139	0
million	139	0
others	139	0
rather	139	0
sense	139	0
sex	139	0
sign	139	0
somewhere	139	0
sweet	139	0
voice	139	0
write	139	0
beat	138	0
bet	138	0
calling	138	0
careful	138	0
coffee	138	0
date	138	0
fall	138	0
given	138	0
Jesus	138	0
less	138	0
longer	138	0
looked	138	0
pull	138	0
quiet	138	0
return	138	0
secret	138	0
seeing	138	0
weeks	138	0
weren't	138	0
worked	138	0
absolutely	137	0
calm	137	0
changed	137	0
clean	137	0
drop	137	0
early	137	0
explain	137	0
fault	137	0
feet	137	0
future	137	0
gentlemen	137	0
ladies	137	0
land	137	0
learn	137	0
loved	137	0
mad	137	0
picture	137	0
piece	137	0
road	137	0
song	137	0
step	137	0
straight	137	0
takes	137	0
throw	137	0
turned	137	0
wonderful	137	0
yesterday	137	0
act	136	0
amazing	136	0
darling	136	0
dude	136	0
eye	136	0
figure	136	0
giving	136	0
moving	136	0
none	136	0
ones	136	0
president	136	0
questions	136	0
quick	136	0
sam	136	0
speaking	136	0
state	136	0
strong	136	0
wonder	136	0
works	136	0
worth	136	0
busy	135	0
chief	135	0
choice	135	0
class	135	0
decided	135	0
general	135	0
goodbye	135	0
happening	135	0
kept	135	0
kidding	135	0
law	135	0
missing	135	0
needed	135	0
officer	135	0
pain	135	0
pass	135	0
report	135	0
strange	135	0
tired	135	0
wake	135	0
wedding	135	0
weird	135	0
worried	135	0
worse	135	0
ya	135	0
age	134	0
birthday	134	0
born	134	0
building	134	0
caught	134	0
certainly	134	0
completely	134	0
court	134	0
dark	134	0
definitely	134	0
during	134	0
evidence	134	0
film	134	0
finish	134	0
forgive	134	0
imagine	134	0
information	134	0
instead	134	0
kiss	134	0
marry	134	0
meant	134	0
mistake	134	0
mouth	134	0
movie	134	0
ride	134	0
security	134	0
sell	134	0
ship	134	0
suppose	134	0
system	134	0
totally	134	0
tv	134	0
watching	134	0
attack	133	0
bag	133	0
blue	133	0
broke	133	0
Christmas	133	0
clothes	133	0
david	133	0
entire	133	0
except	133	0
expect	133	0
forever	133	0
frank	133	0
George	133	0
hasn't	133	0
history	133	0
hotel	133	0
joe	133	0
lying	133	0
message	133	0
michael	133	0
month	133	0
near	133	0
round	133	0
seriously	133	0
seven	133	0
sing	133	0
station	133	0
table	133	0
talked	133	0
terrible	133	0
thinks	133	0
train	133	0
unless	133	0
wear	133	0
across	132	0
anywhere	132	0
army	132	0
attention	132	0
bill	132	0
bought	132	0
box	132	0
buddy	132	0
club	132	0
dangerous	132	0
fair	132	0
fear	132	0
finished	132	0
floor	132	0
fool	132	0
group	132	0
handle	132	0
interesting	132	0
join	132	0
lead	132	0
letter	132	0
lovely	132	0
marriage	132	0
middle	132	0
paid	132	0
peace	132	0
protect	132	0
ran	132	0
ring	132	0
rock	132	0
simple	132	0
single	132	0
sitting	132	0
situation	132	0
space	132	0
spend	132	0
sun	132	0
swear	132	0
test	132	0
using	132	0
york	132	0
accident	131	0
American	131	0
area	131	0
ball	131	0
bar	131	0
boat	131	0
certain	131	0
charge	131	0
charlie	131	0
count	131	0
cover	131	0
crime	131	0
crying	131	0
eight	131	0
enjoy	131	0
fell	131	0
fish	131	0
force	131	0
forgot	131	0
gold	131	0
government	131	0
ground	131	0
honour	131	0
horse	131	0
idiot	131	0
key	131	0
lunch	131	0
mark	131	0
mike	131	0
miles	131	0
normal	131	0
paper	131	0
present	131	0
quickly	131	0
radio	131	0
short	131	0
surprise	131	0
tom	131	0
wearing	131	0
aaj	130	0
aap	130	0
aapka	130	0
aapke	130	0
aapki	130	0
abhi	130	0
accha	130	0
acha	130	0
achha	130	0
afternoon	130	0
agent	130	0
agree	130	0
America	130	0
angry	130	0
aur	130	0
bahut	130	0
bank	130	0
Bhai	130	0
bhi	130	0
blow	130	0
bohat	130	0
bohot	130	0
brain	130	0
Chowk	130	0
deep	130	0
detective	130	0
difficult	130	0
dress	130	0
fighting	130	0
fir	130	0
fix	130	0
forward	130	0
ghar	130	0
haan	130	0
hai	130	0
hain	130	0
hamara	130	0
han	130	0
Haveli	130	0
hide	130	0
ho	130	0
hum	130	0
humara	130	0
interested	130	0
isko	130	0
jyada	130	0
kaam	130	0
kab	130	0
kahaan	130	0
kahan	130	0
kaisa	130	0
kaise	130	0
kaisi	130	0
kal	130	0
kaun	130	0
koi	130	0
kuch	130	0
kya	130	0
kyon	130	0
kyu	130	0
kyun	130	0
lekin	130	0
list	130	0
mai	130	0
major	130	0
Mary	130	0
mera	130	0
mere	130	0
meri	130	0
missed	130	0
mujhe	130	0
Nagar	130	0
nahi	130	0
nahin	130	0
nhi	130	0
offer	130	0
park	130	0
paul	130	0
personal	130	0
peter	130	0
phir	130	0
prison	130	0
problems	130	0
proud	130	0
public	130	0
Puja	130	0
Puri	130	0
record	130	0
relax	130	0
rich	130	0
sab	130	0
scene	130	0
screaming	130	0
sea	130	0
service	130	0
smart	130	0
soul	130	0
star	130	0
stick	130	0
stopped	130	0
tea	130	0
tera	130	0
tere	130	0
teri	130	0
theek	130	0
thik	130	0
thoda	130	0
toh	130	0
trip	130	0
tujhe	130	0
tum	130	0
tumhara	130	0
tumhari	130	0
unko	130	0
usko	130	0
whether	130	0
wo	130	0
woh	130	0
ye	130	0
yeh	130	0
zyada	130	0
ben	129	0
broken	129	0
calls	129	0
camera	129	0
card	129	0
cell	129	0
church	129	0
dare	129	0
drunk	129	0
English	129	0
feels	129	0
fly	129	0
girlfriend	129	0
honest	129	0
hungry	129	0
ice	129	0
judge	129	0
killer	129	0
killing	129	0
laugh	129	0
mess	129	0
moved	129	0
mum	129	0
often	129	0
prove	129	0
relationship	129	0
respect	129	0
sad	129	0
saved	129	0
share	129	0
smell	129	0
spent	129	0
standing	129	0
starting	129	0
third	129	0
tough	129	0
visit	129	0
window	129	0
within	129	0
accept	128	0
apartment	128	0
art	128	0
became	128	0
besides	128	0
bloody	128	0
boyfriend	128	0
carry	128	0
college	128	0
cops	128	0
cry	128	0
especially	128	0
french	128	0
green	128	0
impossible	128	0
involved	128	0
la	128	0
lieutenant	128	0
liked	128	0
lived	128	0
loves	128	0
lt	128	0
machine	128	0
neither	128	0
obviously	128	0
pleasure	128	0
position	128	0
private	128	0
queen	128	0
realise	128	0
sake	128	0
seat	128	0
teach	128	0
teacher	128	0
upset	128	0
walking	128	0
wall	128	0
appreciate	127	0
beginning	127	0
cash	127	0
cat	127	0
congratulations	127	0
contact	127	0
continue	127	0
continues	127	0
cop	127	0
cute	127	0
decision	127	0
difference	127	0
doubt	127	0
driving	127	0
dying	127	0
evil	127	0
field	127	0
glass	127	0
holy	127	0
huge	127	0
hundred	127	0
island	127	0
jail	127	0
james	127	0
joke	127	0
laughter	127	0
lawyer	127	0
likes	127	0
plane	127	0
professor	127	0
push	127	0
quit	127	0
shop	127	0
sleeping	127	0
slow	127	0
south	127	0
store	127	0
village	127	0
whose	127	0
wine	127	0
wrote	127	0
bear	126	0
beer	126	0
board	126	0
bus	126	0
cheers	126	0
Christ	126	0
colonel	126	0
computer	126	0
dirty	126	0
dreams	126	0
eating	126	0
experience	126	0
gift	126	0
gives	126	0
grab	126	0
grunts	126	0
henry	126	0
immediately	126	0
madam	126	0
magic	126	0
max	126	0
Mrs	126	0
north	126	0
partner	126	0
planet	126	0
promised	126	0
putting	126	0
reach	126	0
rules	126	0
search	126	0
seconds	126	0
singing	126	0
staying	126	0
stuck	126	0
support	126	0
thousand	126	0
tree	126	0
truck	126	0
upon	126	0
victim	126	0
wind	126	0
aah	125	0
address	125	0
arms	125	0
arrest	125	0
aunt	125	0
bob	125	0
choose	125	0
de	125	0
decide	125	0
er	125	0
escape	125	0
everywhere	125	0
fat	125	0
final	125	0
gasps	125	0
grand	125	0
grow	125	0
harry	125	0
holding	125	0
jump	125	0
kitchen	125	0
knock	125	0
listening	125	0
lots	125	0
match	125	0
moon	125	0
nervous	125	0
ow	125	0
owe	125	0
passed	125	0
patient	125	0
rid	125	0
river	125	0
shh	125	0
shoes	125	0
suddenly	125	0
summer	125	0
themselves	125	0
turns	125	0
usually	125	0
worst	125	0
yep	125	0
yo	125	0
action	124	0
alex	124	0
allow	124	0
allowed	124	0
arrived	124	0
awesome	124	0
battle	124	0
begin	124	0
blame	124	0
books	124	0
bother	124	0
crap	124	0
danny	124	0
director	124	0
dollars	124	0
drinking	124	0
drugs	124	0
enemy	124	0
favour	124	0
feelings	124	0
fit	124	0
foot	124	0
further	124	0
guard	124	0
hadn't	124	0
heaven	124	0
herself	124	0
innocent	124	0
learned	124	0
London	124	0
mate	124	0
mission	124	0
named	124	0
narrator	124	0
nick	124	0
notice	124	0
orders	124	0
otherwise	124	0
ourselves	124	0
Paris	124	0
picked	124	0
pictures	124	0
played	124	0
press	124	0
price	124	0
race	124	0
rings	124	0
risk	124	0
smile	124	0
smoke	124	0
spot	124	0
surprised	124	0
type	124	0
according	123	0
adam	123	0
admit	123	0
apart	123	0
arm	123	0
bell	123	0
bigger	123	0
brothers	123	0
build	123	0
bunch	123	0
chicken	123	0
closed	123	0
cross	123	0
department	123	0
destroy	123	0
duty	123	0
earlier	123	0
energy	123	0
favourite	123	0
figured	123	0
fired	123	0
form	123	0
gas	123	0
gay	123	0
grunting	123	0
guilty	123	0
helped	123	0
helping	123	0
hero	123	0
hole	123	0
indeed	123	0
jim	123	0
jimmy	123	0
keeping	123	0
kick	123	0
leg	123	0
legs	123	0
lock	123	0
locked	123	0
low	123	0
mention	123	0
names	123	0
nine	123	0
places	123	0
pregnant	123	0
prince	123	0
ringing	123	0
sergeant	123	0
silly	123	0
sold	123	0
stage	123	0
starts	123	0
steal	123	0
suit	123	0
taste	123	0
throat	123	0
tony	123	0
track	123	0
twice	123	0
upstairs	123	0
waste	123	0
ways	123	0
west	123	0
witness	123	0
writing	123	0
above	122	0
acting	122	0
animals	122	0
apparently	122	0
applause	122	0
band	122	0
bathroom	122	0
bomb	122	0
breakfast	122	0
built	122	0
burn	122	0
client	122	0
closer	122	0
complete	122	0
cost	122	0
crowd	122	0
danger	122	0
double	122	0
empty	122	0
engine	122	0
excited	122	0
flight	122	0
following	122	0
fresh	122	0
groans	122	0
hiding	122	0
however	122	0
interest	122	0
itself	122	0
level	122	0
losing	122	0
memory	122	0
nature	122	0
nose	122	0
plans	122	0
pop	122	0
pressure	122	0
raise	122	0
ray	122	0
reading	122	0
richard	122	0
roll	122	0
sarah	122	0
seemed	122	0
sky	122	0
spirit	122	0
steve	122	0
stole	122	0
study	122	0
treat	122	0
video	122	0
weapon	122	0
written	122	0
animal	121	0
asleep	121	0
awful	121	0
beach	121	0
beauty	121	0
beg	121	0
billy	121	0
bird	121	0
bottle	121	0
bottom	121	0
camp	121	0
cheering	121	0
common	121	0
consider	121	0
cook	121	0
deserve	121	0
dogs	121	0
driver	121	0
excellent	121	0
extra	121	0
faith	121	0
famous	121	0
flowers	121	0
german	121	0
goddamn	121	0
grace	121	0
guns	121	0
heavy	121	0
hoping	121	0
jane	121	0
justice	121	0
keeps	121	0
keys	121	0
large	121	0
lay	121	0
lee	121	0
local	121	0
majesty	121	0
medical	121	0
military	121	0
mommy	121	0
neck	121	0
opportunity	121	0
pants	121	0
papers	121	0
plenty	121	0
rain	121	0
responsible	121	0
ridiculous	121	0
shame	121	0
shooting	121	0
showed	121	0
simply	121	0
skin	121	0
stone	121	0
suspect	121	0
sweetheart	121	0
van	121	0
walked	121	0
warm	121	0
weekend	121	0
whoever	121	0
whom	121	0
wild	121	0
willing	121	0
wondering	121	0
advice	120	0
agreed	120	0
although	120	0
apologise	120	0
blind	120	0
cars	120	0
clearly	120	0
code	120	0
commander	120	0
conversation	120	0
corner	120	0
correct	120	0
cup	120	0
devil	120	0
drug	120	0
due	120	0
east	120	0
faster	120	0
fellow	120	0
flying	120	0
folks	120	0
ghost	120	0
gotten	120	0
grandma	120	0
hall	120	0
hanging	120	0
hat	120	0
health	120	0
held	120	0
johnny	120	0
knife	120	0
knowing	120	0
language	120	0
leader	120	0
leaves	120	0
lies	120	0
lights	120	0
main	120	0
might've	120	0
necessary	120	0
nor	120	0
note	120	0
princess	120	0
pulled	120	0
restaurant	120	0
rose	120	0
several	120	0
shouting	120	0
shows	120	0
speed	120	0
stars	120	0
stories	120	0
tells	120	0
tight	120	0
tommy	120	0
account	119	0
among	119	0
angel	119	0
beyond	119	0
biggest	119	0
breath	119	0
bringing	119	0
cake	119	0
career	119	0
challenge	119	0
chris	119	0
copy	119	0
cousin	119	0
crew	119	0
dancing	119	0
dropped	119	0
eddie	119	0
emergency	119	0
file	119	0
freedom	119	0
hardly	119	0
hearing	119	0
inspector	119	0
jake	119	0
lied	119	0
manager	119	0
market	119	0
martin	119	0
meat	119	0
milk	119	0
minister	119	0
murdered	119	0
national	119	0
natural	119	0
operation	119	0
ought	119	0
pardon	119	0
plays	119	0
plus	119	0
possibly	119	0
powerful	119	0
practice	119	0
robert	119	0
rule	119	0
somehow	119	0
spoke	119	0
states	119	0
strength	119	0
student	119	0
super	119	0
tape	119	0
taught	119	0
towards	119	0
trial	119	0
understood	119	0
vote	119	0
weapons	119	0
arrested	118	0
aw	118	0
bobby	118	0
breaking	118	0
breathe	118	0
breathing	118	0
bridge	118	0
bro	118	0
centre	118	0
character	118	0
charles	118	0
checked	118	0
chinese	118	0
coach	118	0
colour	118	0
criminal	118	0
doc	118	0
dressed	118	0
example	118	0
fake	118	0
fantastic	118	0
feed	118	0
games	118	0
grandpa	118	0
greatest	118	0
honestly	118	0
horrible	118	0
ideas	118	0
incredible	118	0
investigation	118	0
loud	118	0
monster	118	0
nearly	118	0
nonsense	118	0
noticed	118	0
numbers	118	0
nurse	118	0
oil	118	0
older	118	0
pack	118	0
paying	118	0
photo	118	0
planning	118	0
prepared	118	0
project	118	0
records	118	0
science	118	0
screams	118	0
serve	118	0
sight	118	0
size	118	0
soldiers	118	0
suicide	118	0
survive	118	0
sweetie	118	0
target	118	0
teeth	118	0
training	118	0
travel	118	0
trick	118	0
truly	118	0
united	118	0
amy	117	0
audience	117	0
aye	117	0
balls	117	0
began	117	0
belong	117	0
brown	117	0
cards	117	0
chair	117	0
comfortable	117	0
concerned	117	0
condition	117	0
credit	117	0
destroyed	117	0
discuss	117	0
Dr	117	0
dry	117	0
easier	117	0
ended	117	0
female	117	0
fill	117	0
finding	117	0
forgotten	117	0
guest	117	0
heads	117	0
hurts	117	0
invited	117	0
jealous	117	0
jeff	117	0
kim	117	0
letting	117	0
meaning	117	0
mountain	117	0
movies	117	0
nowhere	117	0
onto	117	0
opinion	117	0
original	117	0
papa	117	0
perfectly	117	0
pieces	117	0
pray	117	0
prepare	117	0
pretend	117	0
recognise	117	0
release	117	0
remain	117	0
research	117	0
roger	117	0
sheriff	117	0
shirt	117	0
society	117	0
soldier	117	0
strike	117	0
turning	117	0
ugh	117	0
unfortunately	117	0
universe	117	0
view	117	0
wash	117	0
whoo	117	0
afford	116	0
aware	116	0
base	116	0
believed	116	0
birds	116	0
birth	116	0
bodies	116	0
brilliant	116	0
British	116	0
bucks	116	0
bullet	116	0
command	116	0
cream	116	0
create	116	0
created	116	0
dan	116	0
daniel	116	0
distance	116	0
draw	116	0
dumb	116	0
ends	116	0
england	116	0
exist	116	0
falling	116	0
focus	116	0
followed	116	0
France	116	0
heat	116	0
joy	116	0
kevin	116	0
lab	116	0
lately	116	0
letters	116	0
lift	116	0
male	116	0
matters	116	0
mister	116	0
noise	116	0
nuts	116	0
opened	116	0
opening	116	0
opens	116	0
ours	116	0
prefer	116	0
program	116	0
proof	116	0
purpose	116	0
realised	116	0
responsibility	116	0
ryan	116	0
season	116	0
selling	116	0
social	116	0
stayed	116	0
stolen	116	0
students	116	0
suggest	116	0
Sunday	116	0
surely	116	0
threw	116	0
ticket	116	0
tie	116	0
total	116	0
ugly	116	0
usual	116	0
aa	115	0
aaja	115	0
aao	115	0
Aarav	115	0
Aarti	115	0
Abhishek	115	0
Abraham	115	0
access	115	0
add	115	0
Aditi	115	0
Aditya	115	0
agar	115	0
Agarwal	115	0
Aggarwal	115	0
Ahmed	115	0
Ahuja	115	0
Aishwarya	115	0
Ajay	115	0
Akanksha	115	0
Akash	115	0
Akshay	115	0
alarm	115	0
Ali	115	0
Alok	115	0
Aman	115	0
Amandeep	115	0
Ambani	115	0
Amit	115	0
Anand	115	0
Ananya	115	0
ancient	115	0
Aniket	115	0
Anil	115	0
Anita	115	0
Anjali	115	0
Ankit	115	0
Ankita	115	0
Annie	115	0
Ansari	115	0
Anthony	115	0
Anu	115	0
Anuj	115	0
Anushka	115	0
Aparna	115	0
Archana	115	0
arey	115	0
Arif	115	0
Arjun	115	0
Arora	115	0
arre	115	0
Arun	115	0
Arvind	115	0
Ashish	115	0
Ashok	115	0
Ayesha	115	0
Ayush	115	0
baat	115	0
baatein	115	0
babe	115	0
bacche	115	0
bachcha	115	0
bakwas	115	0
Banerjee	115	0
Bansal	115	0
based	115	0
bata	115	0
batao	115	0
Bhat	115	0
Bhatia	115	0
Bhatt	115	0
Bhattacharya	115	0
Bhavna	115	0
bilkul	115	0
bindaas	115	0
Birla	115	0
Bisht	115	0
bite	115	0
bol	115	0
bolo	115	0
Bose	115	0
brave	115	0
brings	115	0
cares	115	0
Chakraborty	115	0
chal	115	0
chalega	115	0
chalo	115	0
Chatterjee	115	0
Chaturvedi	115	0
Chaudhary	115	0
Chauhan	115	0
Chetan	115	0
Chopra	115	0
Choudhary	115	0
chup	115	0
Darshan	115	0
Das	115	0
Deepa	115	0
Deepika	115	0
dekh	115	0
dekho	115	0
Desai	115	0
Deshpande	115	0
desk	115	0
dhanyavad	115	0
dhanyawad	115	0
dheere	115	0
Dhillon	115	0
Dhruv	115	0
dil	115	0
din	115	0
Dinesh	115	0
disappeared	115	0
discovered	115	0
Divya	115	0
Diya	115	0
dost	115	0
dosti	115	0
DSouza	115	0
Dubey	115	0
dukh	115	0
duniya	115	0
Dutta	115	0
Dwivedi	115	0
easily	115	0
ekdum	115	0
enter	115	0
eric	115	0
expected	115	0
expecting	115	0
failed	115	0
Faisal	115	0
fan	115	0
Farah	115	0
fate	115	0
Fatima	115	0
Fernandes	115	0
finger	115	0
flat	115	0
forced	115	0
Friday	115	0
galat	115	0
Gandhi	115	0
gang	115	0
Ganguly	115	0
garden	115	0
Gaurav	115	0
Gauri	115	0
gaya	115	0
gaye	115	0
gayi	115	0
Geeta	115	0
gentleman	115	0
Ghosh	115	0
Girish	115	0
Gita	115	0
Gopal	115	0
Goyal	115	0
Grewal	115	0
Grover	115	0
Gupta	115	0
Gurdeep	115	0
Gurpreet	115	0
handsome	115	0
happiness	115	0
Hari	115	0
Harish	115	0
Harpreet	115	0
Hemant	115	0
hoga	115	0
hogi	115	0
horses	115	0
hua	115	0
hui	115	0
Hussain	115	0
Imran	115	0
indistinct	115	0
insane	115	0
interview	115	0
introduce	115	0
Irfan	115	0
Isha	115	0
Ishaan	115	0
isliye	115	0
issue	115	0
itna	115	0
Iyengar	115	0
Iyer	115	0
ja	115	0
jab	115	0
Jadhav	115	0
Jagdish	115	0
Jain	115	0
jaldi	115	0
jao	115	0
Jaspreet	115	0
Jatin	115	0
Jha	115	0
jhooth	115	0
Joseph	115	0
Joshi	115	0
Jyoti	115	0
kaha	115	0
Kajal	115	0
Kapoor	115	0
kar	115	0
Karan	115	0
karenge	115	0
karna	115	0
karo	115	0
Kartik	115	0
Kaur	115	0
Kavita	115	0
Kavya	115	0
Khan	115	0
khana	115	0
Khanna	115	0
khush	115	0
kinda	115	0
Kirti	115	0
Kishore	115	0
kitna	115	0
kitne	115	0
kitni	115	0
Komal	115	0
kripya	115	0
Krishnan	115	0
Kulkarni	115	0
Kumar	115	0
Kunal	115	0
kyunki	115	0
ladka	115	0
ladki	115	0
Lakshmi	115	0
Laxmi	115	0
le	115	0
lines	115	0
lo	115	0
log	115	0
logon	115	0
Lokesh	115	0
lonely	115	0
maa	115	0
maaf	115	0
Madhu	115	0
Mahesh	115	0
Malhotra	115	0
Mamta	115	0
Manish	115	0
Manisha	115	0
Manoj	115	0
Manpreet	115	0
mast	115	0
masti	115	0
mat	115	0
Mathew	115	0
matlab	115	0
Mayank	115	0
mayor	115	0
maza	115	0
mazaa	115	0
medicine	115	0
Meena	115	0
Meera	115	0
Megha	115	0
Mehta	115	0
member	115	0
Menon	115	0
milenge	115	0
milna	115	0
milte	115	0
Mirza	115	0
Mishra	115	0
Mittal	115	0
model	115	0
Modi	115	0
Mohammad	115	0
Mohammed	115	0
Mohan	115	0
Mohit	115	0
Monika	115	0
Muhammad	115	0
Mukesh	115	0
Mukherjee	115	0
mummy	115	0
Murthy	115	0
Naidu	115	0
Naik	115	0
Nair	115	0
Naresh	115	0
nashta	115	0
Navdeep	115	0
Naveen	115	0
Nazia	115	0
Negi	115	0
Nehru	115	0
Nidhi	115	0
Nikhil	115	0
Nisha	115	0
Nitin	115	0
Om	115	0
ordered	115	0
oye	115	0
paani	115	0
pagal	115	0
paisa	115	0
pakka	115	0
Pallavi	115	0
Pandey	115	0
pani	115	0
Pankaj	115	0
Parth	115	0
pata	115	0
Patel	115	0
Patil	115	0
Pawan	115	0
Pawar	115	0
pig	115	0
Pillai	115	0
Pinto	115	0
Piyush	115	0
Pooja	115	0
pool	115	0
Pradeep	115	0
Prakash	115	0
Pranav	115	0
Prasad	115	0
Prashant	115	0
Praveen	115	0
Preeti	115	0
Priya	115	0
Priyanka	115	0
process	115	0
property	115	0
pyaar	115	0
pyar	115	0
Qureshi	115	0
raat	115	0
Radha	115	0
Raghav	115	0
raha	115	0
rahe	115	0
rahi	115	0
Rahul	115	0
Raj	115	0
Rajat	115	0
Rajesh	115	0
Rajiv	115	0
Raju	115	0
Rakesh	115	0
Ramesh	115	0
Ranjit	115	0
Rao	115	0
Rashmi	115	0
Rathore	115	0
Rawat	115	0
received	115	0
recently	115	0
Reddy	115	0
Rekha	115	0
Rishi	115	0
Ritesh	115	0
Ritu	115	0
Riya	115	0
Rizvi	115	0
Rodrigues	115	0
Rohan	115	0
Rohit	115	0
Roy	115	0
Rukhsar	115	0
sach	115	0
Sachin	115	0
sachme	115	0
sahi	115	0
Sahil	115	0
Sakshi	115	0
Salman	115	0
samajh	115	0
samay	115	0
Sameer	115	0
samjha	115	0
Sana	115	0
Sandeep	115	0
Sandhu	115	0
Sangeeta	115	0
Sanjana	115	0
Sanjay	115	0
Santosh	115	0
Sapna	115	0
Sarita	115	0
Sarkar	115	0
Sarthak	115	0
Saturday	115	0
Saurabh	115	0
Saxena	115	0
screw	115	0
Seema	115	0
Sen	115	0
Sethi	115	0
settle	115	0
shaam	115	0
shadi	115	0
Shah	115	0
Shahid	115	0
Shalini	115	0
Sharma	115	0
Sheikh	115	0
Shikha	115	0
Shilpa	115	0
Shinde	115	0
Shiv	115	0
Shivam	115	0
shower	115	0
Shreya	115	0
Shruti	115	0
Shubham	115	0
Shukla	115	0
shukriya	115	0
Siddharth	115	0
Siddiqui	115	0
Sidhu	115	0
signed	115	0
Simran	115	0
Simranjit	115	0
Singh	115	0
Sinha	115	0
slept	115	0
slowly	115	0
Sneha	115	0
Sonia	115	0
Sood	115	0
spanish	115	0
split	115	0
Srivastava	115	0
staff	115	0
subah	115	0
Subramanian	115	0
Sumit	115	0
Sunil	115	0
Sunita	115	0
suno	115	0
Suresh	115	0
surgery	115	0
Swati	115	0
sword	115	0
Syed	115	0
tab	115	0
Tanvi	115	0
Tanya	115	0
Tarun	115	0
Tejas	115	0
tha	115	0
Thakkar	115	0
Thakur	115	0
thi	115	0
Thomas	115	0
thousands	115	0
tiny	115	0
Tiwari	115	0
Tripathi	115	0
Trivedi	115	0
Tushar	115	0
Uday	115	0
Umesh	115	0
unit	115	0
Usha	115	0
vaise	115	0
Vandana	115	0
Varsha	115	0
Varun	115	0
Venkatesh	115	0
Verma	115	0
Vidya	115	0
Vikas	115	0
Vikram	115	0
Vinay	115	0
Vinod	115	0
Vipin	115	0
Vishal	115	0
Vivek	115	0
waise	115	0
waqt	115	0
warna	115	0
weak	115	0
weight	115	0
whenever	115	0
yaar	115	0
Yadav	115	0
yar	115	0
Yash	115	0
Yogesh	115	0
Zara	115	0
zindagi	115	0
Zoya	115	0
al	114	0
amount	114	0
basically	114	0
block	114	0
brian	114	0
bright	114	0
buried	114	0
changes	114	0
chef	114	0
chest	114	0
community	114	0
contract	114	0
covered	114	0
damage	114	0
dave	114	0
details	114	0
dig	114	0
divorce	114	0
doors	114	0
drinks	114	0
ed	114	0
fancy	114	0
fbi	114	0
fingers	114	0
funeral	114	0
harder	114	0
harm	114	0
heading	114	0
journey	114	0
kate	114	0
lake	114	0
loose	114	0
manage	114	0
maria	114	0
members	114	0
nah	114	0
naked	114	0
nope	114	0
ohh	114	0
paint	114	0
pal	114	0
path	114	0
pete	114	0
post	114	0
remind	114	0
returned	114	0
roof	114	0
russian	114	0
safety	114	0
san	114	0
scott	114	0
sees	114	0
sending	114	0
shake	114	0
showing	114	0
signal	114	0
silence	114	0
snow	114	0
soft	114	0
spare	114	0
speech	114	0
stomach	114	0
streets	114	0
style	114	0
success	114	0
sugar	114	0
thoughts	114	0
trade	114	0
weather	114	0
wet	114	0
andy	113	0
artist	113	0
assistant	113	0
ate	113	0
barely	113	0
beeping	113	0
bike	113	0
bread	113	0
castle	113	0
caused	113	0
cheese	113	0
coat	113	0
connection	113	0
cos	113	0
dating	113	0
doctors	113	0
ears	113	0
eggs	113	0
exciting	113	0
expensive	113	0
farm	113	0
football	113	0
foreign	113	0
forest	113	0
gate	113	0
goin	113	0
goodness	113	0
gosh	113	0
grew	113	0
growing	113	0
hidden	113	0
hill	113	0
ill	113	0
japanese	113	0
jason	113	0
jerry	113	0
larry	113	0
legal	113	0
lesson	113	0
likely	113	0
loss	113	0
lover	113	0
matt	113	0
mood	113	0
murderer	113	0
nights	113	0
obvious	113	0
outta	113	0
owner	113	0
page	113	0
painting	113	0
pair	113	0
parts	113	0
permission	113	0
personally	113	0
pocket	113	0
points	113	0
professional	113	0
reality	113	0
reasons	113	0
regret	113	0
rent	113	0
revenge	113	0
rough	113	0
ruined	113	0
runs	113	0
rush	113	0
santa	113	0
secretary	113	0
simon	113	0
sooner	113	0
spread	113	0
spring	113	0
storm	113	0
subject	113	0
sudden	113	0
theory	113	0
tickets	113	0
tim	113	0
trees	113	0
West	113	0
william	113	0
yelling	113	0
airport	112	0
alan	112	0
alice	112	0
avoid	112	0
bedroom	112	0
bleep	112	0
bless	112	0
bones	112	0
boring	112	0
burning	112	0
buying	112	0
cancer	112	0
cases	112	0
cheap	112	0
clock	112	0
competition	112	0
complicated	112	0
crash	112	0
da	112	0
defence	112	0
dna	112	0
downstairs	112	0
emily	112	0
Europe	112	0
event	112	0
familiar	112	0
filled	112	0
finds	112	0
fortune	112	0
genius	112	0
giant	112	0
grandfather	112	0
groaning	112	0
grown	112	0
higher	112	0
including	112	0
insurance	112	0
invite	112	0
jobs	112	0
kelly	112	0
knocking	112	0
laura	112	0
liar	112	0
lisa	112	0
lower	112	0
madame	112	0
memories	112	0
mentioned	112	0
ocean	112	0
period	112	0
photos	112	0
planned	112	0
plant	112	0
player	112	0
pleased	112	0
political	112	0
priest	112	0
rachel	112	0
reached	112	0
repeat	112	0
results	112	0
rights	112	0
romantic	112	0
royal	112	0
ruin	112	0
scare	112	0
secrets	112	0
shape	112	0
silver	112	0
smith	112	0
square	112	0
statement	112	0
stops	112	0
suck	112	0
tears	112	0
telephone	112	0
thief	112	0
toilet	112	0
tongue	112	0
tour	112	0
university	112	0
victims	112	0
walter	112	0
warning	112	0
winter	112	0
woods	112	0
younger	112	0
answers	111	0
ashamed	111	0
assume	111	0
attacked	111	0
attorney	111	0
bath	111	0
belongs	111	0
carefully	111	0
carrying	111	0
celebrate	111	0
changing	111	0
chase	111	0
china	111	0
data	111	0
delicious	111	0
deliver	111	0
depends	111	0
direction	111	0
doin	111	0
eventually	111	0
families	111	0
fixed	111	0
forces	111	0
fought	111	0
glasses	111	0
grant	111	0
grave	111	0
guests	111	0
hired	111	0
horn	111	0
humans	111	0
jacket	111	0
jury	111	0
knowledge	111	0
led	111	0
location	111	0
map	111	0
meal	111	0
millions	111	0
odd	111	0
offered	111	0
officers	111	0
official	111	0
particular	111	0
per	111	0
pity	111	0
positive	111	0
pounds	111	0
powers	111	0
proper	111	0
regular	111	0
request	111	0
rise	111	0
role	111	0
rome	111	0
saving	111	0
scary	111	0
site	111	0
speaks	111	0
switch	111	0
temple	111	0
useless	111	0
waited	111	0
walls	111	0
advantage	110	0
affair	110	0
appear	110	0
appointment	110	0
arthur	110	0
babies	110	0
badly	110	0
bang	110	0
becomes	110	0
below	110	0
butt	110	0
carl	110	0
charges	110	0
checking	110	0
chocolate	110	0
chose	110	0
clears	110	0
clever	110	0
closes	110	0
committed	110	0
confused	110	0
council	110	0
courage	110	0
crack	110	0
dealing	110	0
disease	110	0
disgusting	110	0
drove	110	0
emma	110	0
faces	110	0
golden	110	0
headed	110	0
healthy	110	0
hunt	110	0
image	110	0
Indian	110	0
italian	110	0
jenny	110	0
kicked	110	0
lips	110	0
lucy	110	0
managed	110	0
march	110	0
mercy	110	0
midnight	110	0
Monday	110	0
mystery	110	0
nation	110	0
neighbourhood	110	0
palace	110	0
panting	110	0
patients	110	0
phil	110	0
physical	110	0
picking	110	0
piss	110	0
pizza	110	0
plate	110	0
poison	110	0
raised	110	0
rat	110	0
rick	110	0
sat	110	0
sexual	110	0
sexy	110	0
shock	110	0
shopping	110	0
shots	110	0
soup	110	0
source	110	0
stood	110	0
suffer	110	0
tall	110	0
television	110	0
terms	110	0
threat	110	0
traffic	110	0
trap	110	0
victory	110	0
watched	110	0
wherever	110	0
winner	110	0
wound	110	0
y'all	110	0
yellow	110	0
yourselves	110	0
aside	109	0
available	109	0
awake	109	0
beating	109	0
becoming	109	0
bleeding	109	0
burned	109	0
capable	109	0
carter	109	0
central	109	0
chatter	109	0
Christian	109	0
chuckling	109	0
claire	109	0
concern	109	0
cooking	109	0
dawn	109	0
deeply	109	0
desert	109	0
desire	109	0
dies	109	0
disappear	109	0
ear	109	0
effect	109	0
enemies	109	0
extremely	109	0
factory	109	0
firm	109	0
freak	109	0
fred	109	0
gary	109	0
gods	109	0
governor	109	0
grandmother	109	0
grateful	109	0
guards	109	0
hearts	109	0
heh	109	0
hook	109	0
illegal	109	0
iron	109	0
jerk	109	0
joking	109	0
laid	109	0
leo	109	0
license	109	0
literally	109	0
louis	109	0
luke	109	0
mail	109	0
media	109	0
metal	109	0
miracle	109	0
mirror	109	0
modern	109	0
monkey	109	0
moves	109	0
passing	109	0
performance	109	0
piano	109	0
pills	109	0
pride	109	0
prime	109	0
protection	109	0
pure	109	0
rate	109	0
remove	109	0
rescue	109	0
result	109	0
rob	109	0
scream	109	0
screwed	109	0
sisters	109	0
smells	109	0
songs	109	0
spell	109	0
stronger	109	0
studio	109	0
suffering	109	0
swim	109	0
talent	109	0
taxi	109	0
text	109	0
touched	109	0
treasure	109	0
treatment	109	0
union	109	0
vacation	109	0
value	109	0
vehicle	109	0
violence	109	0
washington	109	0
wood	109	0
Africa	108	0
announcer	108	0
appears	108	0
arrive	108	0
bags	108	0
bone	108	0
boom	108	0
borrow	108	0
bride	108	0
candy	108	0
cast	108	0
champagne	108	0
chuck	108	0
claim	108	0
convinced	108	0
curious	108	0
dean	108	0
decent	108	0
desperate	108	0
directly	108	0
dragon	108	0
dramatic	108	0
dust	108	0
edge	108	0
egg	108	0
escaped	108	0
fail	108	0
fallen	108	0
falls	108	0
false	108	0
flower	108	0
former	108	0
friendship	108	0
Germany	108	0
holiday	108	0
hundreds	108	0
hunting	108	0
intelligence	108	0
internet	108	0
issues	108	0
josh	108	0
junior	108	0
kyle	108	0
load	108	0
loving	108	0
monsieur	108	0
mostly	108	0
mountains	108	0
penny	108	0
pissed	108	0
popular	108	0
presence	108	0
properly	108	0
pulling	108	0
punch	108	0
refuse	108	0
remains	108	0
riding	108	0
scoffs	108	0
sean	108	0
silent	108	0
solve	108	0
someday	108	0
stealing	108	0
stranger	108	0
sue	108	0
surface	108	0
susan	108	0
tear	108	0
technology	108	0
ted	108	0
theme	108	0
therefore	108	0
thou	108	0
throwing	108	0
tied	108	0
tip	108	0
tires	108	0
unbelievable	108	0
warn	108	0
winning	108	0
witch	108	0
woke	108	0
zero	108	0
americans	107	0
April	107	0
armed	107	0
beast	107	0
blake	107	0
blew	107	0
brains	107	0
button	107	0
cab	107	0
california	107	0
carried	107	0
chattering	107	0
chicago	107	0
cigarette	107	0
clark	107	0
cleaning	107	0
coast	107	0
considered	107	0
convince	107	0
cow	107	0
creature	107	0
cure	107	0
darkness	107	0
destiny	107	0
direct	107	0
drag	107	0
elizabeth	107	0
eve	107	0
exact	107	0
exchange	107	0
expert	107	0
explosion	107	0
files	107	0
fourth	107	0
fruit	107	0
goal	107	0
grade	107	0
hank	107	0
hated	107	0
helen	107	0
houses	107	0
hung	107	0
jackson	107	0
Japan	107	0
juice	107	0
julie	107	0
karen	107	0
lf	107	0
ls	107	0
marks	107	0
material	107	0
mistakes	107	0
notes	107	0
ordinary	107	0
pilot	107	0
precious	107	0
prisoner	107	0
range	107	0
rare	107	0
receive	107	0
released	107	0
reports	107	0
rice	107	0
rooms	107	0
row	107	0
sacrifice	107	0
sale	107	0
schedule	107	0
score	107	0
section	107	0
separate	107	0
series	107	0
served	107	0
shift	107	0
signs	107	0
smoking	107	0
solution	107	0
spoken	107	0
steps	107	0
successful	107	0
talks	107	0
thy	107	0
toast	107	0
tower	107	0
treated	107	0
twenty	107	0
uniform	107	0
victor	107	0
wheel	107	0
wide	107	0
wise	107	0
wolf	107	0
actor	106	0
alien	106	0
amanda	106	0
ambulance	106	0
amen	106	0
anger	106	0
attitude	106	0
beeps	106	0
bored	106	0
bull	106	0
cameras	106	0
campaign	106	0
chain	106	0
chances	106	0
charming	106	0
chosen	106	0
circumstances	106	0
closing	106	0
clue	106	0
collect	106	0
connected	106	0
county	106	0
curse	106	0
defend	106	0
dump	106	0
eaten	106	0
effort	106	0
elevator	106	0
emperor	106	0
empire	106	0
engaged	106	0
equipment	106	0
fishing	106	0
freeze	106	0
friendly	106	0
fully	106	0
garage	106	0
gasping	106	0
gordon	106	0
gorgeous	106	0
greg	106	0
helps	106	0
highness	106	0
hire	106	0
id	106	0
incident	106	0
international	106	0
jamie	106	0
joey	106	0
jones	106	0
julia	106	0
kinds	106	0
kingdom	106	0
knees	106	0
leading	106	0
leads	106	0
learning	106	0
lily	106	0
magazine	106	0
mass	106	0
merry	106	0
mexico	106	0
moments	106	0
morgan	106	0
mustn't	106	0
nasty	106	0
negative	106	0
newspaper	106	0
parking	106	0
passion	106	0
pie	106	0
pot	106	0
progress	106	0
pushed	106	0
puts	106	0
reporter	106	0
ricky	106	0
robin	106	0
rocks	106	0
route	106	0
rude	106	0
screen	106	0
searching	106	0
senior	106	0
sentence	106	0
shadow	106	0
sharp	106	0
shoulder	106	0
similar	106	0
sin	106	0
snake	106	0
sometime	106	0
spending	106	0
spy	106	0
squad	106	0
stairs	106	0
staring	106	0
sucks	106	0
taylor	106	0
tests	106	0
trace	106	0
trapped	106	0
understanding	106	0
unusual	106	0
vision	106	0
warrant	106	0
wave	106	0
workers	106	0
writer	106	0
youth	106	0
zone	106	0
actual	105	0
agency	105	0
alcohol	105	0
anne	105	0
apple	105	0
approach	105	0
authority	105	0
barry	105	0
beloved	105	0
blows	105	0
border	105	0
bravo	105	0
circle	105	0
clients	105	0
climb	105	0
conference	105	0
confidence	105	0
current	105	0
customers	105	0
debt	105	0
design	105	0
despite	105	0
device	105	0
duck	105	0
earn	105	0
education	105	0
emotional	105	0
episode	105	0
estate	105	0
exhales	105	0
facts	105	0
failure	105	0
fashion	105	0
federal	105	0
films	105	0
flesh	105	0
glory	105	0
growling	105	0
gunshot	105	0
highly	105	0
hitler	105	0
hitting	105	0
howard	105	0
hug	105	0
joined	105	0
knocked	105	0
lack	105	0
library	105	0
loser	105	0
maggie	105	0
marty	105	0
mental	105	0
movement	105	0
nightmare	105	0
normally	105	0
nothin	105	0
object	105	0
pen	105	0
percent	105	0
politics	105	0
previously	105	0
prize	105	0
provide	105	0
rape	105	0
remembered	105	0
reputation	105	0
rope	105	0
salt	105	0
sand	105	0
secure	105	0
seek	105	0
senator	105	0
setting	105	0
skills	105	0
sobbing	105	0
sons	105	0
sports	105	0
stock	105	0
studying	105	0
tail	105	0
tank	105	0
thee	105	0
thrown	105	0
thunder	105	0
trash	105	0
troops	105	0
valley	105	0
wanting	105	0
wings	105	0
wire	105	0
wishes	105	0
witnesses	105	0
yard	105	0
abandoned	104	0
ability	104	0
accepted	104	0
agreement	104	0
alert	104	0
andrew	104	0
attempt	104	0
background	104	0
barking	104	0
bay	104	0
begins	104	0
belt	104	0
blowing	104	0
bow	104	0
chat	104	0
chick	104	0
childhood	104	0
coincidence	104	0
commit	104	0
crown	104	0
culture	104	0
custody	104	0
cutting	104	0
demon	104	0
detail	104	0
disappointed	104	0
disaster	104	0
district	104	0
doll	104	0
embarrassing	104	0
entirely	104	0
events	104	0
extraordinary	104	0
fed	104	0
fellas	104	0
garbage	104	0
gather	104	0
gee	104	0
guarantee	104	0
guitar	104	0
hates	104	0
heavily	104	0
hollywood	104	0
identity	104	0
ignore	104	0
impressive	104	0
intend	104	0
jackie	104	0
jesse	104	0
johnson	104	0
kissed	104	0
Lake	104	0
mac	104	0
maid	104	0
minds	104	0
naturally	104	0
online	104	0
opposite	104	0
pa	104	0
panic	104	0
parties	104	0
patrick	104	0
perform	104	0
pink	104	0
policy	104	0
potential	104	0
pushing	104	0
revolution	104	0
reward	104	0
robbery	104	0
saint	104	0
sara	104	0
services	104	0
settled	104	0
ships	104	0
slip	104	0
solid	104	0
stands	104	0
task	104	0
terrific	104	0
terry	104	0
theatre	104	0
thin	104	0
tiger	104	0
useful	104	0
violent	104	0
virgin	104	0
wasting	104	0
whispering	104	0
windows	104	0
abby	103	0
accused	103	0
advance	103	0
agents	103	0
approaching	103	0
article	103	0
asks	103	0
assure	103	0
basement	103	0
behave	103	0
behaviour	103	0
billion	103	0
bound	103	0
bury	103	0
capital	103	0
carol	103	0
channel	103	0
chasing	103	0
cheer	103	0
clicks	103	0
closet	103	0
committee	103	0
couch	103	0
counting	103	0
cruel	103	0
daily	103	0
damned	103	0
delivery	103	0
deny	103	0
dirt	103	0
dish	103	0
doug	103	0
dozen	103	0
drew	103	0
duke	103	0
erm	103	0
explanation	103	0
fella	103	0
fever	103	0
firing	103	0
greater	103	0
guide	103	0
guts	103	0
hits	103	0
hunter	103	0
hurting	103	0
jean	103	0
jo	103	0
jumped	103	0
latest	103	0
lets	103	0
linda	103	0
loan	103	0
los	103	0
marie	103	0
mask	103	0
massive	103	0
mixed	103	0
molly	103	0
navy	103	0
pathetic	103	0
production	103	0
punishment	103	0
quality	103	0
quarter	103	0
quietly	103	0
roman	103	0
sally	103	0
shoe	103	0
shy	103	0
slave	103	0
species	103	0
stan	103	0
stays	103	0
stopping	103	0
struggle	103	0
subtitles	103	0
swimming	103	0
swing	103	0
teaching	103	0
threatened	103	0
title	103	0
transfer	103	0
trusted	103	0
unique	103	0
urgent	103	0
vegas	103	0
whistle	103	0
wins	103	0
accent	102	0
adult	102	0
ages	102	0
albert	102	0
angela	102	0
anytime	102	0
argue	102	0
assault	102	0
balance	102	0
bars	102	0
baseball	102	0
believes	102	0
blast	102	0
boots	102	0
bowl	102	0
breaks	102	0
bruce	102	0
bullets	102	0
ceremony	102	0
charity	102	0
charlotte	102	0
cheating	102	0
civil	102	0
collection	102	0
concert	102	0
confess	102	0
considering	102	0
coward	102	0
creatures	102	0
crossed	102	0
customer	102	0
decisions	102	0
defeat	102	0
degrees	102	0
demand	102	0
diamond	102	0
dollar	102	0
donna	102	0
drama	102	0
embarrassed	102	0
entered	102	0
express	102	0
flag	102	0
flash	102	0
frightened	102	0
gear	102	0
germans	102	0
hong	102	0
hopefully	102	0
impressed	102	0
impression	102	0
Italy	102	0
jay	102	0
jessica	102	0
joint	102	0
jokes	102	0
June	102	0
katie	102	0
kidnapped	102	0
kills	102	0
lane	102	0
laws	102	0
league	102	0
lion	102	0
lou	102	0
mighty	102	0
miserable	102	0
mobile	102	0
museum	102	0
network	102	0
nuclear	102	0
oliver	102	0
option	102	0
orange	102	0
package	102	0
parker	102	0
particularly	102	0
partners	102	0
possibility	102	0
prisoners	102	0
protecting	102	0
reaction	102	0
recall	102	0
refused	102	0
rolling	102	0
sandwich	102	0
sec	102	0
sensitive	102	0
shine	102	0
shout	102	0
sides	102	0
singer	102	0
siren	102	0
specific	102	0
steady	102	0
steven	102	0
supply	102	0
suspicious	102	0
terribly	102	0
Thursday	102	0
todd	102	0
tone	102	0
trail	102	0
trained	102	0
Tuesday	102	0
unknown	102	0
version	102	0
vincent	102	0
voices	102	0
wallet	102	0
warned	102	0
wilson	102	0
wounded	102	0
aboard	101	0
afterwards	101	0
arrange	101	0
arranged	101	0
attend	101	0
bat	101	0
beaten	101	0
betrayed	101	0
betty	101	0
bible	101	0
bills	101	0
bond	101	0
brand	101	0
bud	101	0
burns	101	0
bust	101	0
butter	101	0
cabin	101	0
cap	101	0
catherine	101	0
cats	101	0
cave	101	0
champion	101	0
cheat	101	0
China	101	0
classic	101	0
comfort	101	0
commissioner	101	0
comrade	101	0
conditions	101	0
costs	101	0
coughing	101	0
crimes	101	0
crisis	101	0
crush	101	0
deck	101	0
degree	101	0
describe	101	0
deserves	101	0
designed	101	0
drawing	101	0
dreaming	101	0
edward	101	0
el	101	0
enjoying	101	0
entrance	101	0
exercise	101	0
experiment	101	0
fans	101	0
fifth	101	0
financial	101	0
fox	101	0
frankie	101	0
fuel	101	0
generation	101	0
ghosts	101	0
golf	101	0
grass	101	0
gross	101	0
gym	101	0
heck	101	0
homework	101	0
imagination	101	0
industry	101	0
influence	101	0
insist	101	0
jordan	101	0
justin	101	0
kissing	101	0
kitty	101	0
kong	101	0
launch	101	0
legend	101	0
lewis	101	0
lifetime	101	0
marcus	101	0
margaret	101	0
mason	101	0
messages	101	0
messed	101	0
mix	101	0
mysterious	101	0
nathan	101	0
neighbour	101	0
noble	101	0
offering	101	0
painful	101	0
pee	101	0
plastic	101	0
practically	101	0
print	101	0
rabbit	101	0
religion	101	0
reported	101	0
rip	101	0
ross	101	0
sauce	101	0
scientists	101	0
script	101	0
self	101	0
selfish	101	0
servant	101	0
sheep	101	0
shown	101	0
skull	101	0
steel	101	0
stephen	101	0
stress	101	0
suffered	101	0
suits	101	0
surrender	101	0
survived	101	0
sweat	101	0
tax	101	0
teddy	101	0
term	101	0
texas	101	0
therapy	101	0
throughout	101	0
toward	101	0
tricks	101	0
tunnel	101	0
tyler	101	0
wing	101	0
wipe	101	0
yup	101	0
aana	100	0
acche	100	0
acchi	100	0
apna	100	0
apne	100	0
apni	100	0
argument	100	0
attractive	100	0
baad	100	0
baitho	100	0
barbara	100	0
bas	100	0
beef	100	0
begging	100	0
bina	100	0
blessed	100	0
bolna	100	0
brad	100	0
buck	100	0
bug	100	0
bura	100	0
bure	100	0
buri	100	0
cancel	100	0
carlos	100	0
cells	100	0
chahiye	100	0
chahta	100	0
chahti	100	0
charged	100	0
chffffff	100	0
chill	100	0
chip	100	0
clinic	100	0
confession	100	0
confirm	100	0
confirmed	100	0
construction	100	0
contest	100	0
crystal	100	0
dekhna	100	0
delivered	100	0
deputy	100	0
distant	100	0
division	100	0
divorced	100	0
dobara	100	0
dumped	100	0
ekbaar	100	0
electricity	100	0
ellen	100	0
ending	100	0
enjoyed	100	0
equal	100	0
everyday	100	0
exit	100	0
footsteps	100	0
frankly	100	0
gain	100	0
generous	100	0
gentle	100	0
goodnight	100	0
greetings	100	0
haanji	100	0
hannah	100	0
headquarters	100	0
holly	100	0
identify	100	0
idiots	100	0
incredibly	100	0
inform	100	0
iska	100	0
iski	100	0
jana	100	0
jarur	100	0
jeremy	100	0
jewish	100	0
jhakaas	100	0
jungle	100	0
ka	100	0
ke	100	0
kehna	100	0
ken	100	0
kenny	100	0
khaana	100	0
ki	100	0
lad	100	0
laga	100	0
lagi	100	0
lagta	100	0
lagti	100	0
link	100	0
liye	100	0
lucas	100	0
makeup	100	0
March	100	0
mehnga	100	0
mein	100	0
michelle	100	0
mile	100	0
mistress	100	0
motion	100	0
murders	100	0
nahiji	100	0
naya	100	0
naye	100	0
nayi	100	0
neighbours	100	0
nerve	100	0
nina	100	0
oscar	100	0
par	100	0
parso	100	0
peena	100	0
pehle	100	0
phones	100	0
plain	100	0
players	100	0
presents	100	0
pretending	100	0
principal	100	0
prints	100	0
product	100	0
purana	100	0
purani	100	0
purse	100	0
rebecca	100	0
recent	100	0
reckon	100	0
related	100	0
religious	100	0
reminds	100	0
removed	100	0
response	100	0
robot	100	0
routine	100	0
ruk	100	0
ruko	100	0
Russia	100	0
saath	100	0
sabko	100	0
sabse	100	0
sacred	100	0
sakta	100	0
sakte	100	0
sakti	100	0
sasta	100	0
scratch	100	0
se	100	0
seal	100	0
shayad	100	0
sirf	100	0
smiling	100	0
sona	100	0
sophie	100	0
sounded	100	0
spirits	100	0
spit	100	0
standard	100	0
status	100	0
struck	100	0
sunna	100	0
surrounded	100	0
surveillance	100	0
systems	100	0
tak	100	0
teams	100	0
temperature	100	0
tina	100	0
torture	100	0
touching	100	0
toy	100	0
tracks	100	0
tribe	100	0
trigger	100	0
turkey	100	0
underground	100	0
underneath	100	0
unka	100	0
unki	100	0
uses	100	0
uska	100	0
uski	100	0
uthna	100	0
valuable	100	0
vampire	100	0
vice	100	0
virus	100	0
walks	100	0
wapas	100	0
wasted	100	0
waves	100	0
whispers	100	0
wore	100	0
zaroor	100	0
actions	99	0
adventure	99	0
affairs	99	0
aim	99	0
angeles	99	0
ann	99	0
anniversary	99	0
answering	99	0
average	99	0
awkward	99	0
backup	99	0
bail	99	0
banks	99	0
basic	99	0
beep	99	0
behalf	99	0
beings	99	0
benefit	99	0
berlin	99	0
beside	99	0
beth	99	0
bishop	99	0
blown	99	0
booth	99	0
cage	99	0
chloe	99	0
cigarettes	99	0
citizens	99	0
cleaned	99	0
cleared	99	0
cliff	99	0
complex	99	0
concentrate	99	0
conscience	99	0
costume	99	0
davis	99	0
dealer	99	0
defendant	99	0
dennis	99	0
determined	99	0
digging	99	0
documents	99	0
doorbell	99	0
drank	99	0
ease	99	0
effects	99	0
election	99	0
electric	99	0
environment	99	0
festival	99	0
fetch	99	0
fields	99	0
filthy	99	0
foolish	99	0
forth	99	0
frozen	99	0
guilt	99	0
hail	99	0
harvey	99	0
homes	99	0
ian	99	0
injured	99	0
interrupt	99	0
jews	99	0
jonathan	99	0
judy	99	0
landing	99	0
loaded	99	0
machines	99	0
martha	99	0
miller	99	0
motive	99	0
nail	99	0
nancy	99	0
nearby	99	0
nephew	99	0
officially	99	0
ouch	99	0
outfit	99	0
packed	99	0
patience	99	0
pattern	99	0
pet	99	0
placed	99	0
pleasant	99	0
port	99	0
pour	99	0
prayer	99	0
proceed	99	0
randy	99	0
raped	99	0
reasonable	99	0
recording	99	0
replace	99	0
russell	99	0
satisfied	99	0
seats	99	0
skip	99	0
smaller	99	0
someplace	99	0
somethin	99	0
Spain	99	0
sport	99	0
stake	99	0
starving	99	0
stones	99	0
thick	99	0
timing	99	0
tokyo	99	0
tradition	99	0
traitor	99	0
trunk	99	0
tune	99	0
unhappy	99	0
units	99	0
visiting	99	0
warrior	99	0
wayne	99	0
western	99	0
woo	99	0
worries	99	0
wounds	99	0
wrap	99	0
activity	98	0
actress	98	0
annoying	98	0
answered	98	0
apology	98	0
appeared	98	0
atmosphere	98	0
batman	98	0
bells	98	0
belly	98	0
boston	98	0
bothering	98	0
boxes	98	0
busted	98	0
buzzing	98	0
captured	98	0
chairman	98	0
circus	98	0
clay	98	0
comin	98	0
comment	98	0
confident	98	0
cooper	98	0
cried	98	0
criminals	98	0
derek	98	0
developed	98	0
downtown	98	0
dropping	98	0
dylan	98	0
earl	98	0
earned	98	0
eva	98	0
exam	98	0
existence	98	0
fairy	98	0
fence	98	0
figures	98	0
flow	98	0
footage	98	0
foster	98	0
frame	98	0
francisco	98	0
freaking	98	0
gifts	98	0
goods	98	0
greek	98	0
grey	98	0
habit	98	0
heavens	98	0
heroes	98	0
hills	98	0
holes	98	0
hoped	98	0
hopes	98	0
host	98	0
impact	98	0
individual	98	0
instructions	98	0
intelligent	98	0
jennifer	98	0
jess	98	0
judgement	98	0
knight	98	0
landed	98	0
laundry	98	0
lawyers	98	0
lend	98	0
lessons	98	0
limit	98	0
lousy	98	0
loyal	98	0
meantime	98	0
merely	98	0
mistaken	98	0
monk	98	0
mouse	98	0
mud	98	0
na	98	0
occasion	98	0
odds	98	0
organisation	98	0
owns	98	0
paradise	98	0
patrol	98	0
personality	98	0
pipe	98	0
pit	98	0
plants	98	0
policeman	98	0
pope	98	0
precisely	98	0
prevent	98	0
produce	98	0
punk	98	0
relief	98	0
returning	98	0
reveal	98	0
robbed	98	0
ron	98	0
rotten	98	0
salad	98	0
sample	98	0
sets	98	0
shelter	98	0
sink	98	0
slightly	98	0
souls	98	0
st	98	0
strangers	98	0
strip	98	0
tattoo	98	0
territory	98	0
testing	98	0
thus	98	0
travelling	98	0
tries	98	0
uncomfortable	98	0
underwear	98	0
unlike	98	0
vince	98	0
virginia	98	0
ward	98	0
Wednesday	98	0
wives	98	0
worker	98	0
worrying	98	0
yay	98	0
absolute	97	0
accounts	97	0
ad	97	0
angels	97	0
angle	97	0
apply	97	0
artists	97	0
attacks	97	0
august	97	0
auntie	97	0
authorities	97	0
beneath	97	0
blah	97	0
bottles	97	0
britain	97	0
bush	97	0
capture	97	0
cared	97	0
casey	97	0
chaos	97	0
charm	97	0
cheated	97	0
chips	97	0
cia	97	0
citizen	97	0
claims	97	0
classes	97	0
cloud	97	0
clouds	97	0
clown	97	0
companies	97	0
complain	97	0
countries	97	0
dates	97	0
deaf	97	0
diamonds	97	0
discover	97	0
dishes	97	0
ex	97	0
extreme	97	0
facing	97	0
fantasy	97	0
farewell	97	0
fifty	97	0
flew	97	0
flies	97	0
fools	97	0
francis	97	0
gambling	97	0
gates	97	0
gene	97	0
gettin	97	0
gus	97	0
hammer	97	0
helicopter	97	0
hers	97	0
hid	97	0
highest	97	0
holds	97	0
homicide	97	0
hood	97	0
humanity	97	0
ii	97	0
increase	97	0
informed	97	0
intense	97	0
interests	97	0
invented	97	0
investigate	97	0
invitation	97	0
jacob	97	0
jeez	97	0
kit	97	0
listened	97	0
liz	97	0
lovers	97	0
marrying	97	0
mars	97	0
math	97	0
matthew	97	0
meanwhile	97	0
messing	97	0
mickey	97	0
minor	97	0
moaning	97	0
monitor	97	0
noon	97	0
offence	97	0
oi	97	0
options	97	0
oxygen	97	0
passport	97	0
pat	97	0
pays	97	0
photograph	97	0
pitch	97	0
previous	97	0
procedure	97	0
producer	97	0
profile	97	0
pulse	97	0
rats	97	0
represent	97	0
resist	97	0
respond	97	0
ripped	97	0
rocket	97	0
sales	97	0
scientific	97	0
screeching	97	0
session	97	0
shed	97	0
signature	97	0
slap	97	0
slipped	97	0
smooth	97	0
snap	97	0
spin	97	0
stable	97	0
stretch	97	0
stubborn	97	0
talkin	97	0
tastes	97	0
technically	97	0
terrorist	97	0
thirty	97	0
tragedy	97	0
twelve	97	0
unable	97	0
vic	97	0
wailing	97	0
whirring	97	0
wondered	97	0
yell	97	0
academy	96	0
acts	96	0
album	96	0
alibi	96	0
alley	96	0
alpha	96	0
beats	96	0
begun	96	0
blade	96	0
blocks	96	0
bombs	96	0
bum	96	0
caroline	96	0
carrie	96	0
chamber	96	0
choices	96	0
chop	96	0
coke	96	0
cole	96	0
commercial	96	0
compared	96	0
consequences	96	0
corpse	96	0
creepy	96	0
cries	96	0
dancer	96	0
daughters	96	0
deeper	96	0
destruction	96	0
diet	96	0
dragged	96	0
drill	96	0
elena	96	0
emotions	96	0
engagement	96	0
engineer	96	0
escort	96	0
ethan	96	0
exhausted	96	0
exists	96	0
experienced	96	0
fascinating	96	0
fighter	96	0
fort	96	0
furniture	96	0
grabbed	96	0
granted	96	0
groups	96	0
helpful	96	0
highway	96	0
hop	96	0
imagined	96	0
instance	96	0
investigating	96	0
jazz	96	0
jet	96	0
jin	96	0
joan	96	0
joining	96	0
judges	96	0
July	96	0
jumping	96	0
junk	96	0
keith	96	0
kicking	96	0
latin	96	0
liberty	96	0
lightning	96	0
liquor	96	0
liver	96	0
louise	96	0
loyalty	96	0
malcolm	96	0
matches	96	0
maya	96	0
monsters	96	0
moral	96	0
moron	96	0
nate	96	0
necklace	96	0
obey	96	0
olivia	96	0
parent	96	0
passes	96	0
penis	96	0
philip	96	0
pigs	96	0
pin	96	0
pole	96	0
population	96	0
powder	96	0
protected	96	0
punished	96	0
ralph	96	0
remote	96	0
reverend	96	0
rita	96	0
romance	96	0
rubbish	96	0
sammy	96	0
sandy	96	0
scale	96	0
schools	96	0
scientist	96	0
serving	96	0
shared	96	0
shark	96	0
shell	96	0
shocked	96	0
sneak	96	0
softly	96	0
southern	96	0
stanley	96	0
strategy	96	0
studied	96	0
studies	96	0
succeed	96	0
supper	96	0
supplies	96	0
surgeon	96	0
sync	96	0
teachers	96	0
testify	96	0
threatening	96	0
toby	96	0
transport	96	0
typical	96	0
walker	96	0
wheels	96	0
widow	96	0
williams	96	0
worthy	96	0
aaron	95	0
abuse	95	0
active	95	0
admiral	95	0
aid	95	0
alexander	95	0
appeal	95	0
areas	95	0
arguing	95	0
arts	95	0
ashley	95	0
attached	95	0
award	95	0
banging	95	0
beans	95	0
beard	95	0
bend	95	0
bitter	95	0
bo	95	0
bout	95	0
branch	95	0
brief	95	0
burnt	95	0
causing	95	0
characters	95	0
cities	95	0
colleague	95	0
commission	95	0
connect	95	0
constantly	95	0
conversations	95	0
cooked	95	0
core	95	0
corn	95	0
counts	95	0
covering	95	0
craig	95	0
crane	95	0
creating	95	0
critical	95	0
development	95	0
diana	95	0
diane	95	0
disturb	95	0
divine	95	0
dreamed	95	0
dressing	95	0
driven	95	0
drives	95	0
elder	95	0
elephant	95	0
enormous	95	0
eternal	95	0
fabulous	95	0
fifteen	95	0
fights	95	0
fits	95	0
florida	95	0
forms	95	0
fraud	95	0
gimme	95	0
global	95	0
gloves	95	0
goat	95	0
granny	95	0
grief	95	0
growls	95	0
guessing	95	0
happily	95	0
harold	95	0
headache	95	0
heal	95	0
honeymoon	95	0
hostage	95	0
humming	95	0
images	95	0
Indians	95	0
insult	95	0
intention	95	0
internal	95	0
invisible	95	0
jam	95	0
julian	95	0
knee	95	0
lads	95	0
lemon	95	0
li	95	0
ln	95	0
locker	95	0
lois	95	0
lookin	95	0
maintain	95	0
marshall	95	0
miami	95	0
monica	95	0
naughty	95	0
nerves	95	0
net	95	0
nicely	95	0
nicole	95	0
novel	95	0
objection	95	0
occurred	95	0
opera	95	0
owen	95	0
painted	95	0
peaceful	95	0
plates	95	0
porn	95	0
possession	95	0
praise	95	0
prick	95	0
pro	95	0
profit	95	0
propose	95	0
punish	95	0
random	95	0
recorded	95	0
relatives	95	0
required	95	0
resistance	95	0
review	95	0
ruth	95	0
safely	95	0
salary	95	0
Salt	95	0
sang	95	0
scotland	95	0
separated	95	0
serial	95	0
sharing	95	0
shore	95	0
shoulders	95	0
sins	95	0
soap	95	0
solved	95	0
stabbed	95	0
string	95	0
survival	95	0
suspects	95	0
tale	95	0
talented	95	0
tap	95	0
tend	95	0
tent	95	0
testimony	95	0
thieves	95	0
thirsty	95	0
tools	95	0
tracking	95	0
trauma	95	0
troubles	95	0
twins	95	0
upper	95	0
victoria	95	0
visitors	95	0
votes	95	0
warehouse	95	0
washed	95	0
waters	95	0
wealth	95	0
whiskey	95	0
zoe	95	0
abandon	94	0
actors	94	0
admire	94	0
aii	94	0
ambassador	94	0
anxious	94	0
appearance	94	0
appropriate	94	0
assignment	94	0
awfully	94	0
badge	94	0
baker	94	0
basketball	94	0
battery	94	0
bears	94	0
bee	94	0
bits	94	0
blonde	94	0
brick	94	0
brush	94	0
bucket	94	0
buildings	94	0
burden	94	0
buzz	94	0
cable	94	0
Canada	94	0
catching	94	0
centuries	94	0
checks	94	0
chin	94	0
cinema	94	0
clicking	94	0
colleagues	94	0
colours	94	0
combat	94	0
comedy	94	0
communication	94	0
complaint	94	0
concept	94	0
cookies	94	0
coughs	94	0
currently	94	0
deadly	94	0
delay	94	0
depressed	94	0
description	94	0
dessert	94	0
differently	94	0
drawn	94	0
employees	94	0
entry	94	0
explained	94	0
exposed	94	0
expression	94	0
facility	94	0
feeding	94	0
fingerprints	94	0
fond	94	0
foundation	94	0
freezing	94	0
fridge	94	0
function	94	0
giggles	94	0
goddess	94	0
halfway	94	0
handed	94	0
harris	94	0
herr	94	0
hip	94	0
homeless	94	0
indistinctly	94	0
injury	94	0
janet	94	0
karl	94	0
korea	94	0
labour	94	0
lap	94	0
lazy	94	0
leaders	94	0
levels	94	0
madness	94	0
magical	94	0
magnificent	94	0
mall	94	0
management	94	0
manner	94	0
marco	94	0
measure	94	0
meetings	94	0
mia	94	0
motel	94	0
mothers	94	0
motor	94	0
mount	94	0
multiple	94	0
muscle	94	0
musical	94	0
natalie	94	0
native	94	0
nelson	94	0
norman	94	0
obsessed	94	0
pages	94	0
pan	94	0
paperwork	94	0
payment	94	0
pile	94	0
pill	94	0
poem	94	0
poetry	94	0
polish	94	0
pork	94	0
potatoes	94	0
pound	94	0
promises	94	0
proved	94	0
quarters	94	0
racing	94	0
raw	94	0
raymond	94	0
reception	94	0
recommend	94	0
relationships	94	0
remarkable	94	0
resources	94	0
rifle	94	0
roads	94	0
rub	94	0
rumbling	94	0
russians	94	0
sail	94	0
sends	94	0
September	94	0
shaking	94	0
shawn	94	0
shortly	94	0
slide	94	0
socks	94	0
soda	94	0
soil	94	0
squeeze	94	0
statue	94	0
steak	94	0
stepped	94	0
stroke	94	0
structure	94	0
superior	94	0
symbol	94	0
tense	94	0
throne	94	0
tits	94	0
tons	94	0
tooth	94	0
toys	94	0
transferred	94	0
tube	94	0
ultimate	94	0
unfortunate	94	0
visited	94	0
von	94	0
waiter	94	0
wars	94	0
weed	94	0
whistling	94	0
wicked	94	0
willie	94	0
abroad	93	0
achieve	93	0
acted	93	0
added	93	0
advanced	93	0
affect	93	0
amber	93	0
amongst	93	0
analysis	93	0
assumed	93	0
barn	93	0
basis	93	0
betray	93	0
bid	93	0
blessing	93	0
boo	93	0
booked	93	0
booze	93	0
bothered	93	0
budget	93	0
catholic	93	0
causes	93	0
cents	93	0
chapter	93	0
chemical	93	0
chirping	93	0
christine	93	0
clan	93	0
coin	93	0
constant	93	0
contrary	93	0
cookie	93	0
counter	93	0
cowboy	93	0
creative	93	0
cuts	93	0
damaged	93	0
delighted	93	0
discovery	93	0
discussion	93	0
dive	93	0
dope	93	0
drops	93	0
eagle	93	0
eats	93	0
editor	93	0
effective	93	0
employee	93	0
engines	93	0
entering	93	0
evan	93	0
farmer	93	0
felix	93	0
finest	93	0
fires	93	0
fleet	93	0
flip	93	0
forbidden	93	0
fu	93	0
fund	93	0
gloria	93	0
graham	93	0
gravity	93	0
height	93	0
horror	93	0
humour	93	0
illness	93	0
inner	93	0
introduced	93	0
irish	93	0
item	93	0
jersey	93	0
juan	93	0
kings	93	0
korean	93	0
lamb	93	0
lame	93	0
largest	93	0
leak	93	0
logan	93	0
manners	93	0
marine	93	0
medication	93	0
mel	93	0
metres	93	0
mi	93	0
mo	93	0
moscow	93	0
necessarily	93	0
neil	93	0
nest	93	0
noah	93	0
October	93	0
operate	93	0
owned	93	0
palm	93	0
patch	93	0
phase	93	0
plot	93	0
poker	93	0
pops	93	0
preparing	93	0
privacy	93	0
prom	93	0
proposal	93	0
prosecutor	93	0
provided	93	0
pub	93	0
pump	93	0
quinn	93	0
radar	93	0
rage	93	0
recover	93	0
region	93	0
require	93	0
retired	93	0
returns	93	0
riley	93	0
rising	93	0
rocky	93	0
roses	93	0
sack	93	0
satellite	93	0
searched	93	0
shane	93	0
sighing	93	0
slaves	93	0
smash	93	0
solar	93	0
sonny	93	0
sorts	93	0
soviet	93	0
sticking	93	0
sticks	93	0
suggested	93	0
suggesting	93	0
suitcase	93	0
sunshine	93	0
suspected	93	0
sydney	93	0
temper	93	0
temporary	93	0
terrified	93	0
tested	93	0
torn	93	0
treating	93	0
twist	93	0
undercover	93	0
valentine	93	0
various	93	0
vast	93	0
vodka	93	0
warren	93	0
washing	93	0
wears	93	0
web	93	0
wendy	93	0
whip	93	0
wisdom	93	0
wrapped	93	0
yards	93	0
absurd	92	0
admitted	92	0
adults	92	0
aliens	92	0
ancestors	92	0
antonio	92	0
ash	92	0
ashes	92	0
assuming	92	0
audition	92	0
Australia	92	0
avenue	92	0
backwards	92	0
bacon	92	0
baron	92	0
blanket	92	0
boats	92	0
bonnie	92	0
brandon	92	0
bugs	92	0
bunny	92	0
burst	92	0
caesar	92	0
carla	92	0
casino	92	0
celebrating	92	0
cellphone	92	0
chanting	92	0
chicks	92	0
click	92	0
colin	92	0
complaining	92	0
completed	92	0
computers	92	0
con	92	0
conduct	92	0
conspiracy	92	0
crashing	92	0
crossing	92	0
daisy	92	0
dammit	92	0
dana	92	0
delicate	92	0
demands	92	0
demons	92	0
diary	92	0
diego	92	0
dutch	92	0
elliot	92	0
entertainment	92	0
European	92	0
executive	92	0
focused	92	0
ford	92	0
forgiveness	92	0
fried	92	0
gathered	92	0
gently	92	0
grandson	92	0
grounds	92	0
grows	92	0
guardian	92	0
gunfire	92	0
gunshots	92	0
halt	92	0
heather	92	0
holmes	92	0
hooked	92	0
iike	92	0
immunity	92	0
independent	92	0
inspired	92	0
intended	92	0
interfere	92	0
investment	92	0
ivan	92	0
jill	92	0
kidnapping	92	0
lands	92	0
lauren	92	0
leather	92	0
leonard	92	0
leslie	92	0
liam	92	0
limited	92	0
lincoln	92	0
marshal	92	0
massage	92	0
megan	92	0
menu	92	0
method	92	0
mexican	92	0
misunderstanding	92	0
mitch	92	0
nails	92	0
needle	92	0
newspapers	92	0
niece	92	0
northern	92	0
nowadays	92	0
nut	92	0
operations	92	0
packing	92	0
paintings	92	0
parade	92	0
passengers	92	0
permanent	92	0
permit	92	0
petty	92	0
pierre	92	0
planes	92	0
pockets	92	0
poisoned	92	0
polite	92	0
potato	92	0
prayers	92	0
praying	92	0
promotion	92	0
questioning	92	0
raising	92	0
ram	92	0
ranch	92	0
rangers	92	0
recognised	92	0
recovered	92	0
regarding	92	0
registered	92	0
repair	92	0
requires	92	0
reverse	92	0
rounds	92	0
ruby	92	0
rumors	92	0
safer	92	0
scenes	92	0
sealed	92	0
senses	92	0
sheet	92	0
shining	92	0
sis	92	0
skill	92	0
sober	92	0
spencer	92	0
spider	92	0
sunny	92	0
superman	92	0
swallow	92	0
tag	92	0
technique	92	0
tennis	92	0
terror	92	0
thanksgiving	92	0
tire	92	0
tool	92	0
towel	92	0
traditional	92	0
tragic	92	0
travis	92	0
understands	92	0
unfair	92	0
wagon	92	0
weakness	92	0
worn	92	0
yells	92	0
yen	92	0
zoo	92	0
ace	91	0
adrian	91	0
alicia	91	0
alike	91	0
alliance	91	0
announce	91	0
approve	91	0
arrival	91	0
bait	91	0
barney	91	0
basket	91	0
belonged	91	0
benny	91	0
bingo	91	0
bloke	91	0
boot	91	0
borrowed	91	0
breasts	91	0
broad	91	0
buddies	91	0
bump	91	0
bureau	91	0
burger	91	0
candidate	91	0
carson	91	0
cart	91	0
cattle	91	0
celebration	91	0
chan	91	0
cherry	91	0
christina	91	0
christopher	91	0
clara	91	0
closely	91	0
closest	91	0
clothing	91	0
combination	91	0
comrades	91	0
concerns	91	0
conflict	91	0
connor	91	0
continued	91	0
counsel	91	0
dale	91	0
deaths	91	0
debbie	91	0
denied	91	0
deserved	91	0
detectives	91	0
develop	91	0
di	91	0
dignity	91	0
directed	91	0
dismissed	91	0
disturbing	91	0
document	91	0
donald	91	0
dorothy	91	0
dough	91	0
drawer	91	0
drown	91	0
economy	91	0
electronic	91	0
elements	91	0
eli	91	0
ellie	91	0
en	91	0
et	91	0
excellency	91	0
excitement	91	0
explains	91	0
explode	91	0
fairly	91	0
fee	91	0
forgetting	91	0
foul	91	0
franklin	91	0
gabriel	91	0
galaxy	91	0
gina	91	0
gossip	91	0
groom	91	0
gut	91	0
halloween	91	0
ham	91	0
happier	91	0
harper	91	0
heroin	91	0
holidays	91	0
homer	91	0
honking	91	0
honor	91	0
humble	91	0
hunger	91	0
hut	91	0
ideal	91	0
identified	91	0
immediate	91	0
impress	91	0
inch	91	0
instant	91	0
jewellery	91	0
kang	91	0
killers	91	0
kisses	91	0
lance	91	0
larger	91	0
laughed	91	0
lean	91	0
lighter	91	0
limits	91	0
lit	91	0
luggage	91	0
lungs	91	0
mankind	91	0
mario	91	0
masters	91	0
mitchell	91	0
muffled	91	0
nanny	91	0
nap	91	0
November	91	0
objects	91	0
oops	91	0
organised	91	0
overnight	91	0
parked	91	0
pearl	91	0
photographs	91	0
physically	91	0
pillow	91	0
pm	91	0
priority	91	0
produced	91	0
radiation	91	0
raining	91	0
register	91	0
rehearsal	91	0
relative	91	0
republic	91	0
retreat	91	0
rex	91	0
roaring	91	0
ronnie	91	0
root	91	0
samantha	91	0
sarge	91	0
scan	91	0
scandal	91	0
sebastian	91	0
servants	91	0
seth	91	0
severe	91	0
shadows	91	0
sheets	91	0
shield	91	0
shooter	91	0
shouts	91	0
sire	91	0
sirens	91	0
soccer	91	0
sore	91	0
specifically	91	0
spiritual	91	0
splendid	91	0
spoil	91	0
stab	91	0
stare	91	0
stations	91	0
steam	91	0
stink	91	0
struggling	91	0
supreme	91	0
tara	91	0
threaten	91	0
tissue	91	0
toes	91	0
tracy	91	0
troy	91	0
turtle	91	0
types	91	0
unconscious	91	0
unexpected	91	0
vessel	91	0
vietnam	91	0
vital	91	0
voted	91	0
vulnerable	91	0
wade	91	0
whimpering	91	0
worlds	91	0
wreck	91	0
yang	91	0
acid	90	0
adorable	90	0
advise	90	0
ahem	90	0
aircraft	90	0
allen	90	0
allison	90	0
anderson	90	0
andrea	90	0
announcement	90	0
anonymous	90	0
apologies	90	0
application	90	0
arrives	90	0
arrow	90	0
assistance	90	0
attracted	90	0
audrey	90	0
autopsy	90	0
ay	90	0
banana	90	0
beam	90	0
bench	90	0
bin	90	0
breast	90	0
carpet	90	0
cemetery	90	0
chap	90	0
cocaine	90	0
coffin	90	0
coma	90	0
commitment	90	0
communicate	90	0
content	90	0
corporal	90	0
corrected	90	0
cotton	90	0
counsellor	90	0
cows	90	0
crashed	90	0
crushed	90	0
darn	90	0
dated	90	0
debate	90	0
December	90	0
del	90	0
deposit	90	0
described	90	0
determine	90	0
eastern	90	0
efforts	90	0
egypt	90	0
elsewhere	90	0
embrace	90	0
emotion	90	0
era	90	0
error	90	0
excuses	90	0
faithful	90	0
fathers	90	0
feast	90	0
flame	90	0
floating	90	0
fooled	90	0
formed	90	0
freddy	90	0
geez	90	0
gig	90	0
giggling	90	0
gum	90	0
handled	90	0
harsh	90	0
hector	90	0
hercules	90	0
hon	90	0
hopeless	90	0
inches	90	0
include	90	0
infected	90	0
injuries	90	0
inn	90	0
insisted	90	0
islands	90	0
jen	90	0
jew	90	0
journalist	90	0
jules	90	0
keen	90	0
lamp	90	0
laying	90	0
lecture	90	0
leon	90	0
lip	90	0
liquid	90	0
located	90	0
louder	90	0
luckily	90	0
marked	90	0
medal	90	0
misery	90	0
mob	90	0
murphy	90	0
nora	90	0
oath	90	0
oldest	90	0
operating	90	0
operator	90	0
paula	90	0
peggy	90	0
personnel	90	0
photographer	90	0
planted	90	0
poet	90	0
posted	90	0
practical	90	0
profession	90	0
protest	90	0
puppy	90	0
purple	90	0
rap	90	0
react	90	0
rear	90	0
relieved	90	0
rely	90	0
remaining	90	0
reporting	90	0
revealed	90	0
roommate	90	0
rubber	90	0
samples	90	0
scout	90	0
scum	90	0
shave	90	0
si	90	0
silk	90	0
sings	90	0
sixth	90	0
skinny	90	0
solo	90	0
spotted	90	0
suite	90	0
swell	90	0
symptoms	90	0
taxes	90	0
terrorists	90	0
theft	90	0
ton	90	0
toss	90	0
trevor	90	0
vanessa	90	0
visitor	90	0
walt	90	0
accidentally	89	0
activities	89	0
adopted	89	0
affected	89	0
African	89	0
aggressive	89	0
ally	89	0
alternative	89	0
arrangements	89	0
arriving	89	0
arse	89	0
assigned	89	0
association	89	0
attacking	89	0
bailey	89	0
bargain	89	0
barrel	89	0
becky	89	0
belief	89	0
believing	89	0
bleed	89	0
boarding	89	0
bold	89	0
cabinet	89	0
cameron	89	0
candles	89	0
cannon	89	0
cargo	89	0
certificate	89	0
chess	89	0
cindy	89	0
claimed	89	0
claudia	89	0
climbing	89	0
clubs	89	0
coal	89	0
collar	89	0
comic	89	0
compare	89	0
conclusion	89	0
congress	89	0
connie	89	0
controlled	89	0
cooperate	89	0
copies	89	0
corporate	89	0
creation	89	0
cruise	89	0
cursed	89	0
curtis	89	0
cycle	89	0
dedicated	89	0
defeated	89	0
designer	89	0
dial	89	0
dings	89	0
dining	89	0
discussed	89	0
display	89	0
drowned	89	0
drum	89	0
dug	89	0
dull	89	0
duncan	89	0
dunno	89	0
duties	89	0
eleven	89	0
embassy	89	0
envelope	89	0
envy	89	0
existed	89	0
faced	89	0
faint	89	0
fame	89	0
fears	89	0
filling	89	0
filming	89	0
fist	89	0
flames	89	0
folk	89	0
forbid	89	0
frog	89	0
fuss	89	0
gallery	89	0
gibbs	89	0
ginger	89	0
goose	89	0
grip	89	0
handling	89	0
heels	89	0
helmet	89	0
honoured	89	0
imperial	89	0
importance	89	0
improve	89	0
infection	89	0
instrumental	89	0
iraq	89	0
israel	89	0
items	89	0
January	89	0
jenna	89	0
jon	89	0
kent	89	0
kindness	89	0
ladder	89	0
lawrence	89	0
lloyd	89	0
loses	89	0
lung	89	0
martial	89	0
melissa	89	0
models	89	0
motorcycle	89	0
Ms	89	0
narrow	89	0
neat	89	0
observe	89	0
oven	89	0
paige	89	0
pale	89	0
pam	89	0
paranoid	89	0
penalty	89	0
pepper	89	0
perfume	89	0
perry	89	0
perspective	89	0
pierce	89	0
planets	89	0
Port	89	0
positions	89	0
primary	89	0
psychic	89	0
psycho	89	0
quote	89	0
raid	89	0
recovery	89	0
relations	89	0
replaced	89	0
requested	89	0
rhythm	89	0
risks	89	0
romeo	89	0
rosa	89	0
rosie	89	0
rumour	89	0
rusty	89	0
sandra	89	0
satan	89	0
scar	89	0
shove	89	0
sid	89	0
significant	89	0
signing	89	0
sits	89	0
skirt	89	0
smarter	89	0
sonic	89	0
sorrow	89	0
speaker	89	0
spike	89	0
stinks	89	0
storage	89	0
strikes	89	0
stuart	89	0
stuffed	89	0
sum	89	0
surprises	89	0
surprising	89	0
suspended	89	0
tables	89	0
tapes	89	0
tech	89	0
teenage	89	0
tension	89	0
threats	89	0
ties	89	0
tin	89	0
trailer	89	0
twin	89	0
twisted	89	0
un	89	0
upside	89	0
vault	89	0
villa	89	0
visual	89	0
volunteer	89	0
watson	89	0
wee	89	0
wha	89	0
whale	89	0
whistles	89	0
wiped	89	0
wished	89	0
wolves	89	0
worthless	89	0
addition	88	0
alison	88	0
anyways	88	0
appetite	88	0
arrangement	88	0
asses	88	0
attempted	88	0
bare	88	0
bass	88	0
benjamin	88	0
blackmail	88	0
blank	88	0
blocked	88	0
boobs	88	0
brakes	88	0
brandy	88	0
brazil	88	0
brooklyn	88	0
brutal	88	0
butcher	88	0
cafe	88	0
caleb	88	0
cam	88	0
campus	88	0
candle	88	0
ceiling	88	0
chased	88	0
chi	88	0
chickens	88	0
clerk	88	0
collins	88	0
communist	88	0
compete	88	0
compliment	88	0
consciousness	88	0
couples	88	0
deals	88	0
deer	88	0
democracy	88	0
denise	88	0
depend	88	0
destination	88	0
destroying	88	0
directions	88	0
disturbed	88	0
doubts	88	0
dresses	88	0
dummy	88	0
electrical	88	0
established	88	0
ew	88	0
examine	88	0
executed	88	0
execution	88	0
filed	88	0
fixing	88	0
fooling	88	0
formal	88	0
formula	88	0
francs	88	0
fry	88	0
funds	88	0
gathering	88	0
generations	88	0
genuine	88	0
glorious	88	0
graduate	88	0
gwen	88	0
hans	88	0
hatred	88	0
helpless	88	0
Hills	88	0
hiya	88	0
idol	88	0
inspiration	88	0
institute	88	0
joel	88	0
judging	88	0
kennedy	88	0
kurt	88	0
locate	88	0
losers	88	0
luxury	88	0
meets	88	0
mick	88	0
min	88	0
ministry	88	0
miranda	88	0
morris	88	0
myth	88	0
nazi	88	0
ned	88	0
nicky	88	0
nikki	88	0
organ	88	0
outer	88	0
overcome	88	0
pacific	88	0
parole	88	0
passage	88	0
persons	88	0
picnic	88	0
pistol	88	0
pos	88	0
practicing	88	0
prey	88	0
principle	88	0
prior	88	0
proves	88	0
published	88	0
rank	88	0
reaching	88	0
realize	88	0
residence	88	0
retire	88	0
risky	88	0
ritual	88	0
rod	88	0
sailor	88	0
samurai	88	0
scotch	88	0
screwing	88	0
shepherd	88	0
slight	88	0
sobs	88	0
somewhat	88	0
spots	88	0
ST	88	0
stella	88	0
stream	88	0
strict	88	0
strictly	88	0
strings	88	0
sucked	88	0
sucker	88	0
suggestion	88	0
sunset	88	0
sweater	88	0
sweep	88	0
switched	88	0
tae	88	0
tanks	88	0
technical	88	0
tender	88	0
therapist	88	0
thrilled	88	0
trains	88	0
trucks	88	0
tub	88	0
turner	88	0
vain	88	0
val	88	0
vera	88	0
veronica	88	0
wandering	88	0
warden	88	0
warriors	88	0
worship	88	0
yu	88	0
zombie	88	0
absence	87	0
accurate	87	0
affection	87	0
aha	87	0
airplane	87	0
Allah	87	0
anyhow	87	0
argh	87	0
associate	87	0
August	87	0
author	87	0
backs	87	0
bald	87	0
balloon	87	0
beers	87	0
bernard	87	0
blaring	87	0
blues	87	0
bonus	87	0
boxing	87	0
breeze	87	0
brenda	87	0
broadcast	87	0
bubble	87	0
carriage	87	0
celebrity	87	0
cellar	87	0
circles	87	0
clues	87	0
coins	87	0
concrete	87	0
confusing	87	0
connections	87	0
consent	87	0
constable	87	0
contacts	87	0
controls	87	0
convenient	87	0
convicted	87	0
cracked	87	0
crawl	87	0
creep	87	0
curtain	87	0
daylight	87	0
debts	87	0
decides	87	0
declare	87	0
deed	87	0
defending	87	0
disagree	87	0
discipline	87	0
dong	87	0
drain	87	0
drake	87	0
dudes	87	0
element	87	0
endless	87	0
engineering	87	0
ensure	87	0
entitled	87	0
eternity	87	0
euros	87	0
farmers	87	0
finishing	87	0
finn	87	0
fled	87	0
fortunately	87	0
freaked	87	0
freddie	87	0
furious	87	0
generally	87	0
genetic	87	0
gotcha	87	0
handy	87	0
harrison	87	0
hockey	87	0
honesty	87	0
horns	87	0
hostages	87	0
hush	87	0
income	87	0
instinct	87	0
intentions	87	0
invasion	87	0
jessie	87	0
jolly	87	0
jung	87	0
katherine	87	0
kay	87	0
kidney	87	0
kung	87	0
laptop	87	0
las	87	0
laser	87	0
lick	87	0
lobby	87	0
loudly	87	0
marvelous	87	0
mates	87	0
mature	87	0
maurice	87	0
maximum	87	0
missile	87	0
mortal	87	0
muscles	87	0
naive	87	0
nations	87	0
nicholas	87	0
ninja	87	0
offended	87	0
originally	87	0
pace	87	0
performed	87	0
philosophy	87	0
phoebe	87	0
physics	87	0
plague	87	0
plug	87	0
pointed	87	0
porter	87	0
privilege	87	0
products	87	0
protocol	87	0
puzzle	87	0
rainbow	87	0
ranger	87	0
rascal	87	0
receiving	87	0
recipe	87	0
reed	87	0
rejected	87	0
reminded	87	0
reporters	87	0
respected	87	0
rolls	87	0
roots	87	0
sausage	87	0
scent	87	0
scheme	87	0
secretly	87	0
sector	87	0
seed	87	0
seeking	87	0
shares	87	0
sharon	87	0
slice	87	0
snakes	87	0
sniffles	87	0
sniffs	87	0
spinning	87	0
spray	87	0
stiff	87	0
stores	87	0
subway	87	0
suspicion	87	0
swore	87	0
thumb	87	0
tips	87	0
tomb	87	0
tortured	87	0
tricky	87	0
ty	87	0
values	87	0
vampires	87	0
vanished	87	0
vegetables	87	0
verdict	87	0
waking	87	0
wallace	87	0
wang	87	0
winds	87	0
winston	87	0
wizard	87	0
woody	87	0
wrist	87	0
wu	87	0
accompany	86	0
adams	86	0
alfred	86	0
allows	86	0
almighty	86	0
ana	86	0
andre	86	0
approval	86	0
arnold	86	0
auction	86	0
austin	86	0
bachelor	86	0
bart	86	0
beds	86	0
benefits	86	0
bore	86	0
bowling	86	0
bra	86	0
brass	86	0
brat	86	0
bruno	86	0
bully	86	0
burt	86	0
butler	86	0
buttons	86	0
carmen	86	0
chairs	86	0
champ	86	0
chang	86	0
cheek	86	0
chimes	86	0
chuckle	86	0
civilization	86	0
claus	86	0
clearing	86	0
cocktail	86	0
collapse	86	0
collected	86	0
collecting	86	0
column	86	0
confessed	86	0
confusion	86	0
copper	86	0
cured	86	0
daphne	86	0
dealt	86	0
decades	86	0
deceased	86	0
dentist	86	0
depression	86	0
desires	86	0
dime	86	0
ding	86	0
disappoint	86	0
discussing	86	0
disgrace	86	0
distracted	86	0
ditch	86	0
dizzy	86	0
domestic	86	0
donkey	86	0
douglas	86	0
dreadful	86	0
economic	86	0
elvis	86	0
email	86	0
encounter	86	0
enterprise	86	0
erica	86	0
exclusive	86	0
expenses	86	0
expose	86	0
fatal	86	0
February	86	0
fellows	86	0
flood	86	0
follows	86	0
fortunate	86	0
forty	86	0
fur	86	0
georgia	86	0
gin	86	0
glenn	86	0
greet	86	0
growth	86	0
hack	86	0
hallway	86	0
hamilton	86	0
harbour	86	0
hardest	86	0
hats	86	0
haunted	86	0
hawaii	86	0
hears	86	0
hee	86	0
heir	86	0
hilarious	86	0
hooker	86	0
illusion	86	0
included	86	0
intel	86	0
jan	86	0
jewels	86	0
kirk	86	0
legally	86	0
length	86	0
lesbian	86	0
lin	86	0
lions	86	0
loads	86	0
lola	86	0
lydia	86	0
mademoiselle	86	0
manhattan	86	0
mansion	86	0
meals	86	0
methods	86	0
mikey	86	0
mill	86	0
minimum	86	0
mole	86	0
monkeys	86	0
murray	86	0
Muslim	86	0
naomi	86	0
negotiate	86	0
nurses	86	0
offers	86	0
orbit	86	0
owes	86	0
owners	86	0
passenger	86	0
password	86	0
patty	86	0
pedro	86	0
performing	86	0
phrase	86	0
PIN	86	0
pirate	86	0
platform	86	0
pointing	86	0
pounding	86	0
prices	86	0
prosecution	86	0
prostitute	86	0
psychiatrist	86	0
rang	86	0
ransom	86	0
rebel	86	0
reference	86	0
remained	86	0
rented	86	0
reply	86	0
retirement	86	0
richie	86	0
roars	86	0
roast	86	0
rodney	86	0
rory	86	0
rot	86	0
ruining	86	0
scheduled	86	0
screech	86	0
sheila	86	0
shotgun	86	0
shrink	86	0
sigh	86	0
slams	86	0
sleeps	86	0
sleepy	86	0
smashed	86	0
snack	86	0
sources	86	0
spill	86	0
spite	86	0
spreading	86	0
static	86	0
sung	86	0
survivors	86	0
sworn	86	0
sympathy	86	0
tales	86	0
th	86	0
theirs	86	0
thud	86	0
tide	86	0
toe	86	0
tournament	86	0
traces	86	0
troubled	86	0
tryin	86	0
turtles	86	0
waitress	86	0
wealthy	86	0
website	86	0
whimpers	86	0
writes	86	0
zach	86	0
zack	86	0
accomplished	85	0
administration	85	0
afghanistan	85	0
alexis	85	0
allergic	85	0
allies	85	0
angie	85	0
announced	85	0
apples	85	0
applied	85	0
approximately	85	0
archer	85	0
arrogant	85	0
assist	85	0
assured	85	0
atlantic	85	0
autumn	85	0
avoiding	85	0
aww	85	0
ballet	85	0
bees	85	0
begged	85	0
bent	85	0
bets	85	0
bicycle	85	0
boyd	85	0
bracelet	85	0
brooke	85	0
buddha	85	0
butterfly	85	0
caitlyn	85	0
cal	85	0
campbell	85	0
capacity	85	0
caring	85	0
cathy	85	0
chad	85	0
chains	85	0
championship	85	0
chemistry	85	0
chen	85	0
civilian	85	0
clarence	85	0
climate	85	0
cloth	85	0
companion	85	0
compromise	85	0
contacted	85	0
contain	85	0
contains	85	0
convention	85	0
corps	85	0
cough	85	0
covers	85	0
cracking	85	0
creaking	85	0
curiosity	85	0
customs	85	0
damon	85	0
dawson	85	0
dearest	85	0
declared	85	0
dee	85	0
den	85	0
dialogue	85	0
disguise	85	0
dock	85	0
drums	85	0
eager	85	0
ego	85	0
elected	85	0
erin	85	0
essential	85	0
establish	85	0
exception	85	0
experiments	85	0
experts	85	0
explore	85	0
Facebook	85	0
fighters	85	0
float	85	0
florence	85	0
flu	85	0
fog	85	0
forehead	85	0
forgiven	85	0
fries	85	0
gamble	85	0
gesture	85	0
glove	85	0
gratitude	85	0
greedy	85	0
guessed	85	0
harmless	85	0
healing	85	0
hint	85	0
homeland	85	0
household	85	0
hunters	85	0
inhales	85	0
ink	85	0
innocence	85	0
instrument	85	0
intimate	85	0
inviting	85	0
irene	85	0
isaac	85	0
ivy	85	0
jar	85	0
jeans	85	0
journal	85	0
juliet	85	0
knocks	85	0
label	85	0
lana	85	0
lawn	85	0
leaf	85	0
leap	85	0
lena	85	0
lindsay	85	0
logic	85	0
lottery	85	0
lust	85	0
madison	85	0
magazines	85	0
majority	85	0
manny	85	0
materials	85	0
meg	85	0
messenger	85	0
miguel	85	0
minus	85	0
mona	85	0
mouths	85	0
murmuring	85	0
nearest	85	0
nightmares	85	0
noises	85	0
officials	85	0
opponent	85	0
ou	85	0
pablo	85	0
painter	85	0
passionate	85	0
peanut	85	0
pervert	85	0
phoenix	85	0
piper	85	0
pirates	85	0
politicians	85	0
pond	85	0
possessed	85	0
precise	85	0
pregnancy	85	0
presentation	85	0
presented	85	0
programme	85	0
proposed	85	0
proven	85	0
publicity	85	0
que	85	0
rarely	85	0
receipt	85	0
regards	85	0
remembers	85	0
repay	85	0
reservation	85	0
resort	85	0
ribs	85	0
rivers	85	0
robbie	85	0
rolled	85	0
rudy	85	0
ruled	85	0
runway	85	0
sandwiches	85	0
sasha	85	0
savage	85	0
seattle	85	0
seventh	85	0
shakespeare	85	0
sharks	85	0
shirley	85	0
shocking	85	0
shrimp	85	0
sickness	85	0
signals	85	0
simpson	85	0
skies	85	0
snoring	85	0
sperm	85	0
spoiled	85	0
standards	85	0
stark	85	0
subjects	85	0
survivor	85	0
tan	85	0
targets	85	0
tasty	85	0
teresa	85	0
thompson	85	0
ticking	85	0
tore	85	0
tremendous	85	0
ultimately	85	0
unh	85	0
versus	85	0
via	85	0
vicious	85	0
vicky	85	0
wells	85	0
whatsoever	85	0
withdraw	85	0
wooden	85	0
worm	85	0
wyatt	85	0
yi	85	0
advertising	84	0
agnes	84	0
aids	84	0
ambition	84	0
ankle	84	0
annual	84	0
anxiety	84	0
approved	84	0
armour	84	0
Asia	84	0
Asian	84	0
assassin	84	0
bam	84	0
bean	84	0
bearing	84	0
beverly	84	0
beware	84	0
blaming	84	0
bon	84	0
bounce	84	0
breach	84	0
buffalo	84	0
businessman	84	0
cakes	84	0
camping	84	0
cancelled	84	0
cape	84	0
carbon	84	0
carries	84	0
cassie	84	0
chambers	84	0
chew	84	0
choi	84	0
choking	84	0
cleaner	84	0
cleveland	84	0
clyde	84	0
collapsed	84	0
colony	84	0
communications	84	0
complaints	84	0
compound	84	0
congratulate	84	0
convincing	84	0
cooperation	84	0
coordinates	84	0
correctly	84	0
countess	84	0
crawling	84	0
creek	84	0
crowded	84	0
crucial	84	0
dallas	84	0
danced	84	0
denny	84	0
depth	84	0
dice	84	0
doomed	84	0
doyle	84	0
draft	84	0
dreamt	84	0
drowning	84	0
earthquake	84	0
echo	84	0
educated	84	0
elaine	84	0
elegant	84	0
eliminate	84	0
engage	84	0
explosives	84	0
factor	84	0
fanny	84	0
fart	84	0
favor	84	0
fiona	84	0
fireworks	84	0
fletcher	84	0
font	84	0
fulfil	84	0
gal	84	0
gasp	84	0
georgie	84	0
graduated	84	0
harvest	84	0
hospitals	84	0
houston	84	0
howling	84	0
hugh	84	0
hugo	84	0
independence	84	0
indicate	84	0
involve	84	0
jeffrey	84	0
kathy	84	0
kidnap	84	0
leadership	84	0
learnt	84	0
legacy	84	0
lenny	84	0
lex	84	0
lighting	84	0
literature	84	0
locks	84	0
logical	84	0
lunatic	84	0
manual	84	0
marc	84	0
medium	84	0
melt	84	0
memorial	84	0
messy	84	0
mines	84	0
mode	84	0
morgue	84	0
mutual	84	0
nicer	84	0
occupied	84	0
occur	84	0
offensive	84	0
orleans	84	0
orphan	84	0
otto	84	0
palmer	84	0
PAN	84	0
panel	84	0
panties	84	0
pencil	84	0
pony	84	0
portrait	84	0
poverty	84	0
pursue	84	0
qualified	84	0
quest	84	0
racist	84	0
rattling	84	0
reads	84	0
relaxed	84	0
reliable	84	0
represents	84	0
reserve	84	0
respects	84	0
resting	84	0
reunion	84	0
revolutionary	84	0
rig	84	0
riot	84	0
rode	84	0
sailing	84	0
samuel	84	0
savings	84	0
scares	84	0
scores	84	0
seated	84	0
seeds	84	0
sells	84	0
sequence	84	0
serves	84	0
settlement	84	0
sexually	84	0
shirts	84	0
shops	84	0
situations	84	0
smack	84	0
sole	84	0
sophisticated	84	0
spectacular	84	0
spoon	84	0
squealing	84	0
stall	84	0
stamp	84	0
stefan	84	0
stephanie	84	0
stepping	84	0
stevie	84	0
stewart	84	0
stressed	84	0
strongest	84	0
sub	84	0
suggests	84	0
swamp	84	0
sweets	84	0
ta	84	0
teenager	84	0
terrifying	84	0
tess	84	0
tolerate	84	0
torch	84	0
transmission	84	0
travelled	84	0
tribal	84	0
triple	84	0
trousers	84	0
tucker	84	0
umbrella	84	0
unlikely	84	0
upbeat	84	0
vehicles	84	0
villain	84	0
violet	84	0
volume	84	0
wa	84	0
wakes	84	0
watches	84	0
welfare	84	0
whereabouts	84	0
whew	84	0
willy	84	0
witnessed	84	0
accuse	83	0
agenda	83	0
amateur	83	0
avery	83	0
awhile	83	0
ba	83	0
backyard	83	0
balcony	83	0
barbecue	83	0
barnes	83	0
bartender	83	0
belle	83	0
biological	83	0
bloom	83	0
boris	83	0
bothers	83	0
bribe	83	0
broadway	83	0
bubbles	83	0
burke	83	0
buys	83	0
calendar	83	0
cease	83	0
cent	83	0
choir	83	0
chopper	83	0
circuit	83	0
classified	83	0
conquer	83	0
conscious	83	0
corporation	83	0
cottage	83	0
courtesy	83	0
cousins	83	0
crab	83	0
cricket	83	0
cuba	83	0
cue	83	0
cultural	83	0
dam	83	0
deliberately	83	0
despair	83	0
devoted	83	0
differences	83	0
diner	83	0
dip	83	0
disorder	83	0
distress	83	0
divided	83	0
dolls	83	0
dot	83	0
dragging	83	0
dynamite	83	0
edgar	83	0
einstein	83	0
elderman	83	0
equally	83	0
es	83	0
evans	83	0
evolution	83	0
experiences	83	0
favorite	83	0
feathers	83	0
fiction	83	0
floors	83	0
fluid	83	0
flush	83	0
fold	83	0
fragile	83	0
gil	83	0
glue	83	0
graduation	83	0
grid	83	0
haircut	83	0
hal	83	0
hallelujah	83	0
harvard	83	0
hatch	83	0
hawk	83	0
hesitate	83	0
hobby	83	0
honorable	83	0
horny	83	0
hostile	83	0
howdy	83	0
husbands	83	0
importantly	83	0
inaudible	83	0
increased	83	0
industrial	83	0
initial	83	0
instincts	83	0
interrogation	83	0
interrupting	83	0
isolated	83	0
jealousy	83	0
knives	83	0
laboratory	83	0
landlord	83	0
landscape	83	0
lifted	83	0
liking	83	0
linked	83	0
lipstick	83	0
lodge	83	0
louie	83	0
luis	83	0
magician	83	0
mainly	83	0
mandy	83	0
maniac	83	0
marilyn	83	0
marina	83	0
mcgee	83	0
measures	83	0
melody	83	0
ming	83	0
miracles	83	0
misses	83	0
moans	83	0
movements	83	0
murderers	83	0
musician	83	0
neal	83	0
needing	83	0
ni	83	0
nickname	83	0
nigel	83	0
oak	83	0
olive	83	0
opposed	83	0
organs	83	0
owed	83	0
pad	83	0
pastor	83	0
perimeter	83	0
persuade	83	0
phillip	83	0
phoned	83	0
picks	83	0
pimp	83	0
poisoning	83	0
popped	83	0
pose	83	0
pouring	83	0
prescription	83	0
principles	83	0
projects	83	0
psychological	83	0
pudding	83	0
pulls	83	0
queens	83	0
questioned	83	0
quicker	83	0
quid	83	0
rally	83	0
rash	83	0
referring	83	0
regard	83	0
regardless	83	0
reggie	83	0
regrets	83	0
rehab	83	0
representative	83	0
robinson	83	0
ruins	83	0
sadly	83	0
sadness	83	0
sakes	83	0
salesman	83	0
salute	83	0
sayin	83	0
scaring	83	0
scenario	83	0
scholarship	83	0
scoundrel	83	0
sensible	83	0
shaw	83	0
shiny	83	0
shoots	83	0
shorts	83	0
shuttle	83	0
sincere	83	0
smoked	83	0
sneaking	83	0
sofa	83	0
software	83	0
soo	83	0
sophia	83	0
specialist	83	0
starve	83	0
statements	83	0
straw	83	0
strongly	83	0
stunt	83	0
suitable	83	0
swiss	83	0
switzerland	83	0
swords	83	0
sylvia	83	0
tanner	83	0
telegram	83	0
theo	83	0
tourists	83	0
toxic	83	0
trading	83	0
translation	83	0
tricked	83	0
trips	83	0
trophy	83	0
uniforms	83	0
unpleasant	83	0
update	83	0
valerie	83	0
venus	83	0
videos	83	0
weigh	83	0
witches	83	0
wong	83	0
yea	83	0
abortion	82	0
accidents	82	0
accountant	82	0
achieved	82	0
addict	82	0
alcoholic	82	0
alec	82	0
altogether	82	0
amusing	82	0
archie	82	0
attic	82	0
attract	82	0
aunty	82	0
automatic	82	0
bands	82	0
barks	82	0
battles	82	0
beautifully	82	0
behold	82	0
bernie	82	0
bert	82	0
betting	82	0
billions	82	0
bizarre	82	0
blamed	82	0
blond	82	0
bombing	82	0
brake	82	0
briefcase	82	0
buster	82	0
buzzer	82	0
cans	82	0
cd	82	0
chapel	82	0
charging	82	0
chelsea	82	0
cheryl	82	0
choosing	82	0
ciao	82	0
cigar	82	0
classical	82	0
clattering	82	0
clip	82	0
confidential	82	0
consistent	82	0
cooler	82	0
cope	82	0
coroner	82	0
corridor	82	0
corrupt	82	0
crow	82	0
custom	82	0
dame	82	0
dash	82	0
database	82	0
deeds	82	0
delightful	82	0
deserted	82	0
desperately	82	0
developing	82	0
difficulty	82	0
digital	82	0
discount	82	0
divide	82	0
dj	82	0
dozens	82	0
dried	82	0
drivers	82	0
du	82	0
Easter	82	0
ella	82	0
embarrass	82	0
emotionally	82	0
encourage	82	0
endure	82	0
erik	82	0
ernie	82	0
essentially	82	0
esther	82	0
eun	82	0
exams	82	0
expedition	82	0
expense	82	0
explaining	82	0
fabric	82	0
failing	82	0
feared	82	0
feature	82	0
features	82	0
feds	82	0
fisher	82	0
flee	82	0
flynn	82	0
forcing	82	0
fork	82	0
fountain	82	0
gained	82	0
gangster	82	0
gap	82	0
garcia	82	0
gavin	82	0
girlfriends	82	0
gps	82	0
grades	82	0
grain	82	0
griffin	82	0
guaranteed	82	0
harmony	82	0
heartbeat	82	0
heights	82	0
helena	82	0
herd	82	0
higgins	82	0
hudson	82	0
identical	82	0
ignorant	82	0
ignored	82	0
immortal	82	0
inappropriate	82	0
individuals	82	0
insects	82	0
institution	82	0
intact	82	0
integrity	82	0
interviews	82	0
invention	82	0
investigator	82	0
iris	82	0
isabel	82	0
jade	82	0
jae	82	0
jeep	82	0
jonas	82	0
joyce	82	0
jr	82	0
kane	82	0
kicks	82	0
kiddo	82	0
kira	82	0
legitimate	82	0
les	82	0
lester	82	0
loop	82	0
lords	82	0
mafia	82	0
maintenance	82	0
maker	82	0
marching	82	0
marsh	82	0
melanie	82	0
mentally	82	0
mercedes	82	0
meredith	82	0
milan	82	0
modest	82	0
mug	82	0
nailed	82	0
nazis	82	0
noodles	82	0
objective	82	0
observation	82	0
occasionally	82	0
offices	82	0
ofthe	82	0
organic	82	0
pancakes	82	0
parliament	82	0
patterns	82	0
peg	82	0
pension	82	0
photography	82	0
plea	82	0
plead	82	0
pledge	82	0
poland	82	0
polly	82	0
possess	82	0
possibilities	82	0
poster	82	0
potter	82	0
prep	82	0
pressing	82	0
priests	82	0
promising	82	0
puppet	82	0
pursuit	82	0
quitting	82	0
races	82	0
railroad	82	0
railway	82	0
Ram	82	0
randall	82	0
reaches	82	0
rebels	82	0
reduce	82	0
reduced	82	0
reese	82	0
relevant	82	0
replacement	82	0
rescued	82	0
residents	82	0
resign	82	0
restore	82	0
rico	82	0
rio	82	0
roberts	82	0
rum	82	0
rushing	82	0
sabrina	82	0
sacrificed	82	0
sal	82	0
salmon	82	0
salvation	82	0
scarf	82	0
scissors	82	0
seize	82	0
senate	82	0
sentimental	82	0
sketch	82	0
slightest	82	0
slim	82	0
spies	82	0
springs	82	0
spying	82	0
stadium	82	0
sting	82	0
straighten	82	0
substance	82	0
subtle	82	0
sucking	82	0
Sunny	82	0
supporting	82	0
theories	82	0
thread	82	0
throws	82	0
tobacco	82	0
topic	82	0
tops	82	0
touches	82	0
tracked	82	0
travels	82	0
tumor	82	0
underwater	82	0
unnecessary	82	0
vacuum	82	0
vagina	82	0
variety	82	0
vengeance	82	0
venice	82	0
visible	82	0
visits	82	0
voting	82	0
wax	82	0
wes	82	0
wheelchair	82	0
whining	82	0
whisper	82	0
wig	82	0
wonders	82	0
wrestling	82	0
writers	82	0
youngest	82	0
abilities	81	0
accusing	81	0
additional	81	0
adore	81	0
allowing	81	0
ambitious	81	0
anchor	81	0
anton	81	0
arabic	81	0
architect	81	0
assembly	81	0
assets	81	0
autograph	81	0
axe	81	0
bark	81	0
batteries	81	0
bella	81	0
bennett	81	0
benson	81	0
blanche	81	0
bolt	81	0
bonds	81	0
breed	81	0
brennan	81	0
bugger	81	0
buzzes	81	0
canal	81	0
ceo	81	0
challenges	81	0
chart	81	0
civilians	81	0
codes	81	0
cody	81	0
comments	81	0
compassion	81	0
concentration	81	0
congressman	81	0
controlling	81	0
cord	81	0
corners	81	0
corruption	81	0
costumes	81	0
counted	81	0
cracks	81	0
craft	81	0
creates	81	0
cult	81	0
cups	81	0
curtains	81	0
dang	81	0
delta	81	0
depending	81	0
disco	81	0
distract	81	0
dolly	81	0
doo	81	0
dose	81	0
dwight	81	0
eleanor	81	0
elite	81	0
erase	81	0
essence	81	0
examination	81	0
execute	81	0
explosive	81	0
fastest	81	0
fierce	81	0
flavour	81	0
flirting	81	0
forensics	81	0
freaks	81	0
freely	81	0
frequency	81	0
frightening	81	0
frustrated	81	0
globe	81	0
granddaughter	81	0
greece	81	0
guidance	81	0
gypsy	81	0
habits	81	0
handful	81	0
hanged	81	0
hangs	81	0
hanna	81	0
haul	81	0
heavenly	81	0
hence	81	0
hissing	81	0
historical	81	0
hollow	81	0
honks	81	0
hoo	81	0
housing	81	0
humiliated	81	0
inevitable	81	0
instantly	81	0
instruments	81	0
insulted	81	0
intent	81	0
interior	81	0
invest	81	0
ireland	81	0
issued	81	0
jacques	81	0
jerusalem	81	0
joon	81	0
jose	81	0
joshua	81	0
kai	81	0
knights	81	0
lasted	81	0
ling	81	0
lizzie	81	0
lobster	81	0
maddie	81	0
magnetic	81	0
maiden	81	0
marge	81	0
marines	81	0
meds	81	0
mice	81	0
missiles	81	0
moore	81	0
mutant	81	0
nam	81	0
napoleon	81	0
nun	81	0
obliged	81	0
obsession	81	0
ol	81	0
omar	81	0
opportunities	81	0
orchestra	81	0
origin	81	0
orphanage	81	0
outstanding	81	0
participate	81	0
pasta	81	0
peak	81	0
pinky	81	0
precinct	81	0
preserve	81	0
presume	81	0
profits	81	0
promoted	81	0
protective	81	0
pumpkin	81	0
purchase	81	0
radical	81	0
rains	81	0
razor	81	0
reagan	81	0
reckless	81	0
refuses	81	0
resident	81	0
responsibilities	81	0
restaurants	81	0
resume	81	0
ridge	81	0
rival	81	0
robots	81	0
rogue	81	0
romans	81	0
satisfaction	81	0
scam	81	0
scotty	81	0
seas	81	0
sentenced	81	0
seoul	81	0
serena	81	0
shade	81	0
sharply	81	0
shelf	81	0
shutter	81	0
sites	81	0
ski	81	0
smiles	81	0
sniffing	81	0
sofia	81	0
sorted	81	0
sour	81	0
spark	81	0
stew	81	0
stove	81	0
strain	81	0
stunning	81	0
submit	81	0
succeeded	81	0
sullivan	81	0
superintendent	81	0
supervisor	81	0
surrounding	81	0
suspenseful	81	0
swallowed	81	0
sweating	81	0
swedish	81	0
tearing	81	0
thankful	81	0
tick	81	0
tomato	81	0
towels	81	0
treats	81	0
triumph	81	0
unto	81	0
urge	81	0
veins	81	0
vet	81	0
vienna	81	0
villagers	81	0
vivian	81	0
wally	81	0
wander	81	0
wardrobe	81	0
weekends	81	0
whereas	81	0
whisky	81	0
yoon	81	0
accomplice	80	0
accomplish	80	0
adjust	80	0
adopt	80	0
agh	80	0
altar	80	0
amelia	80	0
ants	80	0
apologize	80	0
appointed	80	0
approached	80	0
arizona	80	0
artificial	80	0
asylum	80	0
attending	80	0
au	80	0
baba	80	0
backed	80	0
backing	80	0
bake	80	0
bandits	80	0
barrier	80	0
baxter	80	0
blunt	80	0
bodyguard	80	0
bounty	80	0
breakdown	80	0
burial	80	0
buyer	80	0
calvin	80	0
canyon	80	0
cardinal	80	0
carlo	80	0
carnival	80	0
casual	80	0
cha	80	0
cheaper	80	0
choke	80	0
chorus	80	0
claude	80	0
consideration	80	0
constitution	80	0
consult	80	0
contracts	80	0
conviction	80	0
countryside	80	0
courtney	80	0
courtroom	80	0
crackling	80	0
cynthia	80	0
dealers	80	0
decade	80	0
delayed	80	0
demanding	80	0
demonstration	80	0
detention	80	0
devon	80	0
dimension	80	0
dispatch	80	0
documentary	80	0
donor	80	0
dragons	80	0
ducks	80	0
duel	80	0
dvd	80	0
efficient	80	0
eliminated	80	0
enforcement	80	0
epic	80	0
equals	80	0
expectations	80	0
extend	80	0
fails	80	0
fare	80	0
favours	80	0
finance	80	0
fitting	80	0
flowing	80	0
frasier	80	0
frost	80	0
gladly	80	0
gown	80	0
gracious	80	0
hah	80	0
handcuffs	80	0
Harsh	80	0
herman	80	0
hogan	80	0
hotels	80	0
identification	80	0
incoming	80	0
info	80	0
inspection	80	0
jared	80	0
jaw	80	0
jefferson	80	0
jelly	80	0
launched	80	0
layer	80	0
legendary	80	0
lethal	80	0
lifestyle	80	0
lightly	80	0
lionel	80	0
loneliness	80	0
lounge	80	0
lynn	80	0
marcel	80	0
marijuana	80	0
mechanic	80	0
mechanical	80	0
michel	80	0
mimi	80	0
missy	80	0
mon	80	0
monroe	80	0
monty	80	0
moonlight	80	0
mortgage	80	0
moses	80	0
nevertheless	80	0
niles	80	0
non	80	0
notebook	80	0
nursing	80	0
opinions	80	0
ordering	80	0
outrageous	80	0
pains	80	0
paths	80	0
pigeon	80	0
pine	80	0
pipes	80	0
pointless	80	0
poop	80	0
popcorn	80	0
prank	80	0
prayed	80	0
pressed	80	0
pretended	80	0
prophet	80	0
punched	80	0
rack	80	0
rapidly	80	0
realm	80	0
refer	80	0
registration	80	0
regulations	80	0
reid	80	0
relation	80	0
remembering	80	0
resolve	80	0
respectable	80	0
reynolds	80	0
rides	80	0
roland	80	0
roosevelt	80	0
ropes	80	0
rug	80	0
rushed	80	0
saddle	80	0
scattered	80	0
selected	80	0
shannon	80	0
shipment	80	0
slaughter	80	0
smelled	80	0
sock	80	0
stir	80	0
supposedly	80	0
susie	80	0
swan	80	0
tails	80	0
tasted	80	0
te	80	0
thrill	80	0
tourist	80	0
transplant	80	0
tray	80	0
treason	80	0
trusting	80	0
tuck	80	0
tuna	80	0
tunnels	80	0
vest	80	0
views	80	0
violin	80	0
volcano	80	0
volunteers	80	0
vow	80	0
wires	80	0
worms	80	0
zip	80	0
zombies	80	0
aaah	79	0
abducted	79	0
abused	79	0
accepting	79	0
acknowledge	79	0
adding	79	0
advised	79	0
amazed	79	0
ambush	79	0
apollo	79	0
arab	79	0
arresting	79	0
articles	79	0
artie	79	0
avenge	79	0
awaits	79	0
awards	79	0
baked	79	0
bandit	79	0
banned	79	0
blessings	79	0
blocking	79	0
bosses	79	0
brett	79	0
brody	79	0
bumped	79	0
burton	79	0
cane	79	0
casualties	79	0
catches	79	0
chatting	79	0
cheeks	79	0
chemicals	79	0
cheque	79	0
chester	79	0
childish	79	0
chili	79	0
climbed	79	0
coconut	79	0
combined	79	0
compliments	79	0
compromised	79	0
confront	79	0
conrad	79	0
contained	79	0
continent	79	0
continuing	79	0
corpses	79	0
cory	79	0
curry	79	0
dances	79	0
dc	79	0
deadline	79	0
define	79	0
delivering	79	0
denver	79	0
departure	79	0
destined	79	0
dexter	79	0
directors	79	0
disappearance	79	0
disappointment	79	0
disposal	79	0
diving	79	0
doe	79	0
doris	79	0
drunken	79	0
echoing	79	0
eighth	79	0
elephants	79	0
entertain	79	0
evacuate	79	0
evelyn	79	0
exhibit	79	0
exhibition	79	0
exotic	79	0
exploded	79	0
extent	79	0
facial	79	0
fade	79	0
farther	79	0
feather	79	0
federation	79	0
fees	79	0
finch	79	0
flattered	79	0
foreman	79	0
forensic	79	0
framed	79	0
fran	79	0
freed	79	0
frighten	79	0
gemma	79	0
generator	79	0
gerald	79	0
gilbert	79	0
goals	79	0
godfather	79	0
graves	79	0
grill	79	0
grocery	79	0
grounded	79	0
hairy	79	0
hammond	79	0
happiest	79	0
harriet	79	0
hath	79	0
hay	79	0
healed	79	0
heel	79	0
hiring	79	0
holland	79	0
hooray	79	0
horizon	79	0
hulk	79	0
hunch	79	0
hurricane	79	0
hyah	79	0
improved	79	0
ingredients	79	0
ironic	79	0
jonah	79	0
judith	79	0
jupiter	79	0
kansas	79	0
kara	79	0
kilometers	79	0
kin	79	0
klaus	79	0
laurie	79	0
lease	79	0
limo	79	0
lined	79	0
listed	79	0
lure	79	0
luther	79	0
lyrics	79	0
madrid	79	0
marketing	79	0
marvin	79	0
masks	79	0
mattress	79	0
matty	79	0
meaningless	79	0
merchant	79	0
metre	79	0
mills	79	0
mini	79	0
mulder	79	0
nadia	79	0
noisy	79	0
notion	79	0
occupation	79	0
ohio	79	0
ominous	79	0
organise	79	0
oui	79	0
outcome	79	0
overseas	79	0
owl	79	0
oxford	79	0
pals	79	0
panicked	79	0
parks	79	0
particles	79	0
phantom	79	0
phony	79	0
pilots	79	0
pinch	79	0
pod	79	0
poems	79	0
politician	79	0
popping	79	0
predict	79	0
printed	79	0
probation	79	0
publish	79	0
ra	79	0
racket	79	0
recommended	79	0
reflection	79	0
regiment	79	0
reject	79	0
rider	79	0
rises	79	0
robe	79	0
rogers	79	0
satisfy	79	0
scored	79	0
sensors	79	0
shallow	79	0
shanghai	79	0
shattered	79	0
shin	79	0
shipping	79	0
shuts	79	0
sip	79	0
skipper	79	0
slam	79	0
snaps	79	0
snarling	79	0
sniper	79	0
sought	79	0
spa	79	0
spaghetti	79	0
spends	79	0
stack	79	0
stain	79	0
stalking	79	0
stinking	79	0
sunlight	79	0
supported	79	0
surf	79	0
sustained	79	0
sweden	79	0
syndrome	79	0
tease	79	0
techniques	79	0
terminal	79	0
texts	79	0
thinkin	79	0
thoroughly	79	0
thoughtful	79	0
til	79	0
turkish	79	0
twilight	79	0
universal	79	0
unstable	79	0
untie	79	0
urine	79	0
utterly	79	0
venture	79	0
violation	79	0
voyage	79	0
wages	79	0
waist	79	0
warming	79	0
wh	79	0
whack	79	0
wheat	79	0
winners	79	0
wretched	79	0
xena	79	0
yacht	79	0
yah	79	0
adoption	78	0
ahhh	78	0
alongside	78	0
ammunition	78	0
angelo	78	0
appreciated	78	0
ari	78	0
artistic	78	0
asset	78	0
associates	78	0
astronaut	78	0
atomic	78	0
attraction	78	0
ava	78	0
bananas	78	0
barbie	78	0
bathing	78	0
battlefield	78	0
beasts	78	0
beckett	78	0
behaving	78	0
betrayal	78	0
bites	78	0
boil	78	0
bollocks	78	0
boundaries	78	0
bradley	78	0
brady	78	0
breathes	78	0
canadian	78	0
caution	78	0
center	78	0
challenging	78	0
chandler	78	0
cheerful	78	0
chow	78	0
Christians	78	0
claiming	78	0
clap	78	0
classroom	78	0
classy	78	0
clearance	78	0
clumsy	78	0
collector	78	0
color	78	0
comet	78	0
condemned	78	0
condom	78	0
confirmation	78	0
courts	78	0
crook	78	0
cyrus	78	0
dagger	78	0
dancers	78	0
danielle	78	0
dared	78	0
darren	78	0
deb	78	0
defensive	78	0
definition	78	0
delight	78	0
democratic	78	0
des	78	0
detect	78	0
detroit	78	0
devices	78	0
disappears	78	0
edith	78	0
egyptian	78	0
elders	78	0
ellis	78	0
eugene	78	0
evolved	78	0
examined	78	0
expand	78	0
exposure	78	0
ferry	78	0
filmed	78	0
finals	78	0
followers	78	0
foreigners	78	0
fortress	78	0
franco	78	0
freezer	78	0
fugitive	78	0
fury	78	0
fuse	78	0
gardens	78	0
garlic	78	0
garrett	78	0
genes	78	0
gerry	78	0
glen	78	0
glow	78	0
grasp	78	0
greed	78	0
gregory	78	0
grudge	78	0
haley	78	0
handing	78	0
handwriting	78	0
hereby	78	0
hike	78	0
hose	78	0
humiliating	78	0
ike	78	0
includes	78	0
increasing	78	0
inheritance	78	0
invested	78	0
iot	78	0
jammed	78	0
jang	78	0
janice	78	0
javier	78	0
jeannie	78	0
jewel	78	0
jingle	78	0
joker	78	0
justify	78	0
kat	78	0
keeper	78	0
kenneth	78	0
kneel	78	0
lawsuit	78	0
leonardo	78	0
lid	78	0
liu	78	0
lively	78	0
longest	78	0
lordship	78	0
lu	78	0
mack	78	0
manuel	78	0
marion	78	0
marvellous	78	0
med	78	0
millionaire	78	0
mint	78	0
misunderstood	78	0
mock	78	0
mushrooms	78	0
mustache	78	0
muttering	78	0
nasa	78	0
naval	78	0
ne	78	0
nerd	78	0
notify	78	0
nude	78	0
obligation	78	0
opposition	78	0
oughta	78	0
Pakistan	78	0
partnership	78	0
patricia	78	0
pawn	78	0
peach	78	0
peculiar	78	0
peel	78	0
petrol	78	0
philadelphia	78	0
physician	78	0
pier	78	0
pissing	78	0
policemen	78	0
porch	78	0
portal	78	0
primitive	78	0
proposition	78	0
psychology	78	0
qualities	78	0
quarrel	78	0
rapid	78	0
recognition	78	0
reflect	78	0
regina	78	0
reign	78	0
reserved	78	0
responding	78	0
restless	78	0
risking	78	0
roller	78	0
sadie	78	0
saints	78	0
salon	78	0
selection	78	0
sensation	78	0
sensei	78	0
setup	78	0
shaft	78	0
shells	78	0
shelly	78	0
shifts	78	0
shook	78	0
shorter	78	0
shovel	78	0
simone	78	0
sleeve	78	0
snacks	78	0
spilled	78	0
spine	78	0
spock	78	0
squeaking	78	0
stash	78	0
stevens	78	0
sticky	78	0
strangled	78	0
su	78	0
submarine	78	0
sultan	78	0
sunrise	78	0
supermarket	78	0
sushi	78	0
swept	78	0
swine	78	0
talents	78	0
tammy	78	0
tate	78	0
teenagers	78	0
thai	78	0
thorough	78	0
tidy	78	0
timmy	78	0
toni	78	0
towers	78	0
towns	78	0
translate	78	0
traps	78	0
treaty	78	0
trent	78	0
unlock	78	0
unlucky	78	0
urban	78	0
usa	78	0
villages	78	0
virtue	78	0
visions	78	0
warp	78	0
whoops	78	0
wired	78	0
wishing	78	0
workshop	78	0
xiao	78	0
yelled	78	0
abe	77	0
acceptable	77	0
acres	77	0
activate	77	0
aged	77	0
agrees	77	0
aisle	77	0
alas	77	0
amounts	77	0
annoyed	77	0
ant	77	0
antique	77	0
antoine	77	0
ape	77	0
arguments	77	0
associated	77	0
backpack	77	0
barber	77	0
bats	77	0
beggar	77	0
beliefs	77	0
blink	77	0
bomber	77	0
bridges	77	0
bruises	77	0
bunker	77	0
camel	77	0
camille	77	0
camps	77	0
carlton	77	0
casting	77	0
cavalry	77	0
channels	77	0
chewing	77	0
committing	77	0
concerning	77	0
convict	77	0
cosmic	77	0
crappy	77	0
darrin	77	0
demonstrate	77	0
dental	77	0
depressing	77	0
designs	77	0
dinosaurs	77	0
discreet	77	0
diseases	77	0
dixon	77	0
dodge	77	0
donovan	77	0
doom	77	0
drift	77	0
earrings	77	0
edition	77	0
elections	77	0
employment	77	0
engineers	77	0
escaping	77	0
expelled	77	0
explosions	77	0
fainted	77	0
females	77	0
formation	77	0
fulfilled	77	0
gabe	77	0
grayson	77	0
grease	77	0
hacked	77	0
hannibal	77	0
hayes	77	0
henderson	77	0
heroic	77	0
hips	77	0
holt	77	0
hometown	77	0
hysterical	77	0
hyun	77	0
ignoring	77	0
il	77	0
imagining	77	0
infinite	77	0
inherited	77	0
injection	77	0
inquiry	77	0
instructor	77	0
insulting	77	0
intellectual	77	0
interviewed	77	0
iv	77	0
jenkins	77	0
julius	77	0
jun	77	0
karate	77	0
lacey	77	0
lam	77	0
languages	77	0
lasts	77	0
laurel	77	0
liv	77	0
locals	77	0
lone	77	0
losses	77	0
madman	77	0
magnum	77	0
males	77	0
managing	77	0
mannix	77	0
marta	77	0
matching	77	0
matthews	77	0
milo	77	0
mining	77	0
moms	77	0
morphine	77	0
mule	77	0
mumbling	77	0
murdering	77	0
musicians	77	0
nan	77	0
narrating	77	0
newton	77	0
ng	77	0
nolan	77	0
noted	77	0
obama	77	0
offend	77	0
onions	77	0
overtime	77	0
overwhelming	77	0
peanuts	77	0
percy	77	0
peterson	77	0
phenomenon	77	0
po	77	0
poke	77	0
poured	77	0
preacher	77	0
preferred	77	0
premises	77	0
prettier	77	0
probe	77	0
programs	77	0
pronounce	77	0
properties	77	0
puke	77	0
purposes	77	0
queer	77	0
rabbi	77	0
rabbits	77	0
raven	77	0
realistic	77	0
rebellion	77	0
recognize	77	0
reform	77	0
refrigerator	77	0
repeating	77	0
representing	77	0
resignation	77	0
roar	77	0
robbing	77	0
rookie	77	0
runner	77	0
russ	77	0
ruthless	77	0
sabotage	77	0
sacrifices	77	0
saul	77	0
scars	77	0
schmidt	77	0
schultz	77	0
seo	77	0
sh	77	0
sheer	77	0
sheldon	77	0
sherlock	77	0
sherry	77	0
shields	77	0
sidney	77	0
sincerely	77	0
sinking	77	0
sixteen	77	0
slapped	77	0
slipping	77	0
slower	77	0
spaceship	77	0
spared	77	0
spicy	77	0
sponsor	77	0
squirrel	77	0
stacy	77	0
steer	77	0
stray	77	0
striking	77	0
sufficient	77	0
suzanne	77	0
swap	77	0
swinging	77	0
taller	77	0
tapping	77	0
tequila	77	0
tomatoes	77	0
traced	77	0
trials	77	0
trump	77	0
uk	77	0
underestimate	77	0
unemployed	77	0
unite	77	0
vegetable	77	0
virtually	77	0
void	77	0
vomit	77	0
vows	77	0
waits	77	0
warmth	77	0
werewolf	77	0
whitney	77	0
whooping	77	0
abigail	76	0
acquaintance	76	0
activated	76	0
addiction	76	0
agony	76	0
alaska	76	0
alter	76	0
antidote	76	0
arena	76	0
armies	76	0
aspect	76	0
aspirin	76	0
assassination	76	0
assaulted	76	0
atlanta	76	0
attempting	76	0
attempts	76	0
audio	76	0
authentic	76	0
bacteria	76	0
banker	76	0
bash	76	0
battalion	76	0
beck	76	0
bedtime	76	0
billie	76	0
biology	76	0
bitten	76	0
blossom	76	0
boiling	76	0
booty	76	0
boyfriends	76	0
branches	76	0
bunk	76	0
caller	76	0
candidates	76	0
careless	76	0
carolina	76	0
carrier	76	0
carrington	76	0
cho	76	0
clamoring	76	0
clive	76	0
clowns	76	0
colorado	76	0
comb	76	0
competitive	76	0
condoms	76	0
container	76	0
contents	76	0
cowards	76	0
crooked	76	0
crop	76	0
culprit	76	0
cunning	76	0
cupboard	76	0
deepest	76	0
definite	76	0
detailed	76	0
devastated	76	0
difficulties	76	0
dinosaur	76	0
discharge	76	0
distraction	76	0
donnie	76	0
dove	76	0
drawings	76	0
drone	76	0
dusty	76	0
eighteen	76	0
elbow	76	0
elderly	76	0
elementary	76	0
entertaining	76	0
enthusiasm	76	0
etc	76	0
exile	76	0
fatty	76	0
felony	76	0
figuring	76	0
filth	76	0
flour	76	0
flown	76	0
foods	76	0
fracture	76	0
franz	76	0
freakin	76	0
fundamental	76	0
funding	76	0
ga	76	0
gabrielle	76	0
gail	76	0
geoffrey	76	0
gong	76	0
gradually	76	0
granddad	76	0
graveyard	76	0
greatly	76	0
grenade	76	0
grunt	76	0
guinea	76	0
hairs	76	0
hardware	76	0
hastings	76	0
herb	76	0
hideous	76	0
iii	76	0
immigration	76	0
immune	76	0
indicates	76	0
initiative	76	0
injustice	76	0
innit	76	0
insanity	76	0
installed	76	0
interference	76	0
intern	76	0
interrupted	76	0
invent	76	0
involves	76	0
involving	76	0
irrelevant	76	0
irresponsible	76	0
jackass	76	0
jai	76	0
janitor	76	0
jasmine	76	0
jax	76	0
julio	76	0
junkie	76	0
keller	76	0
kilos	76	0
knot	76	0
lemonade	76	0
lens	76	0
lent	76	0
listens	76	0
lizard	76	0
lori	76	0
lovejoy	76	0
mae	76	0
magistrate	76	0
massacre	76	0
mentor	76	0
momma	76	0
monks	76	0
mould	76	0
mourning	76	0
moustache	76	0
mustard	76	0
natasha	76	0
needles	76	0
noel	76	0
norm	76	0
nursery	76	0
nypd	76	0
onion	76	0
oooh	76	0
oz	76	0
pairs	76	0
parish	76	0
parrot	76	0
pause	76	0
payments	76	0
peasant	76	0
peasants	76	0
perfection	76	0
permanently	76	0
phillips	76	0
pickup	76	0
piggy	76	0
platoon	76	0
poirot	76	0
potentially	76	0
producers	76	0
profound	76	0
protein	76	0
province	76	0
proving	76	0
psych	76	0
purely	76	0
quantum	76	0
rail	76	0
ranks	76	0
rational	76	0
realized	76	0
refuge	76	0
regularly	76	0
relate	76	0
reminder	76	0
rendezvous	76	0
republican	76	0
requests	76	0
restored	76	0
righteous	76	0
roberto	76	0
rooster	76	0
ruler	76	0
ruling	76	0
rupert	76	0
sanctuary	76	0
saves	76	0
saviour	76	0
scottish	76	0
scrap	76	0
scrub	76	0
seasons	76	0
secured	76	0
seized	76	0
select	76	0
semester	76	0
senor	76	0
separation	76	0
shack	76	0
shutting	76	0
sloppy	76	0
smiled	76	0
sounding	76	0
specialty	76	0
spells	76	0
spice	76	0
splash	76	0
squeal	76	0
stakes	76	0
starring	76	0
steed	76	0
steele	76	0
strangely	76	0
stripper	76	0
substitute	76	0
successfully	76	0
summit	76	0
summoned	76	0
superb	76	0
surgical	76	0
surviving	76	0
sweaty	76	0
tango	76	0
tattoos	76	0
teaches	76	0
teen	76	0
temptation	76	0
terrace	76	0
texting	76	0
thirst	76	0
thirteen	76	0
thor	76	0
tiffany	76	0
tossed	76	0
trainer	76	0
tramp	76	0
transformed	76	0
transportation	76	0
utter	76	0
veil	76	0
vibe	76	0
visa	76	0
waving	76	0
weep	76	0
wesley	76	0
whipped	76	0
womb	76	0
acquired	75	0
adventures	75	0
affects	75	0
ai	75	0
ammo	75	0
arrows	75	0
athlete	75	0
attended	75	0
australian	75	0
authorized	75	0
automatically	75	0
baggage	75	0
balloons	75	0
baltimore	75	0
bangs	75	0
barb	75	0
barracks	75	0
becca	75	0
biscuits	75	0
biting	75	0
blades	75	0
blend	75	0
boards	75	0
boost	75	0
borders	75	0
boxer	75	0
brent	75	0
bridget	75	0
brooks	75	0
bushes	75	0
businesses	75	0
carved	75	0
cement	75	0
challenged	75	0
chancellor	75	0
charley	75	0
churchill	75	0
clapping	75	0
clarke	75	0
claw	75	0
clinton	75	0
co	75	0
colby	75	0
coloured	75	0
comedian	75	0
communists	75	0
conclusions	75	0
conservative	75	0
context	75	0
cooks	75	0
countless	75	0
coverage	75	0
cozy	75	0
crawford	75	0
creaks	75	0
creeps	75	0
dante	75	0
debris	75	0
deceived	75	0
decorated	75	0
detected	75	0
diagnosis	75	0
diplomatic	75	0
disabled	75	0
disappearing	75	0
dismiss	75	0
distorted	75	0
dom	75	0
dome	75	0
donate	75	0
donation	75	0
dorm	75	0
dwarf	75	0
dynasty	75	0
eden	75	0
elaborate	75	0
employed	75	0
enters	75	0
environmental	75	0
establishment	75	0
exclaiming	75	0
exclaims	75	0
extended	75	0
extension	75	0
facilities	75	0
fax	75	0
feeds	75	0
felicity	75	0
fernando	75	0
flights	75	0
flirt	75	0
flows	75	0
forests	75	0
forged	75	0
fourteen	75	0
freeman	75	0
fritz	75	0
fruits	75	0
gangs	75	0
gardener	75	0
gasoline	75	0
gaze	75	0
gifted	75	0
Google	75	0
gorilla	75	0
grandchildren	75	0
grandparents	75	0
grove	75	0
hamlet	75	0
harassment	75	0
hart	75	0
heidi	75	0
hen	75	0
henri	75	0
hospitality	75	0
hottest	75	0
hunted	75	0
ifyou	75	0
involvement	75	0
ira	75	0
iran	75	0
isabelle	75	0
jasper	75	0
je	75	0
jerome	75	0
joanna	75	0
julien	75	0
juliette	75	0
jumps	75	0
kitt	75	0
legends	75	0
lining	75	0
loading	75	0
locations	75	0
loosen	75	0
luca	75	0
lump	75	0
macgyver	75	0
maestro	75	0
mam	75	0
maps	75	0
matched	75	0
maureen	75	0
mechanism	75	0
mei	75	0
merlin	75	0
meth	75	0
microphone	75	0
mild	75	0
millie	75	0
mirrors	75	0
misfortune	75	0
Muslims	75	0
mysteries	75	0
nat	75	0
neutral	75	0
ninth	75	0
nuisance	75	0
obtain	75	0
occasions	75	0
olympic	75	0
overall	75	0
overboard	75	0
overwhelmed	75	0
parallel	75	0
partial	75	0
petition	75	0
philippe	75	0
pint	75	0
poisonous	75	0
poppy	75	0
presidential	75	0
preston	75	0
producing	75	0
providing	75	0
psychiatric	75	0
pyramid	75	0
raja	75	0
rates	75	0
rebuild	75	0
recommendation	75	0
reconsider	75	0
refusing	75	0
relieve	75	0
rene	75	0
rental	75	0
represented	75	0
resolved	75	0
retrieve	75	0
revving	75	0
risked	75	0
rm	75	0
robber	75	0
robbers	75	0
ronald	75	0
roughly	75	0
sage	75	0
sailors	75	0
scoop	75	0
scouts	75	0
screamed	75	0
scully	75	0
scumbag	75	0
sessions	75	0
sewing	75	0
shaped	75	0
shelby	75	0
sherman	75	0
shiva	75	0
showers	75	0
shrine	75	0
sights	75	0
skeleton	75	0
skipped	75	0
slack	75	0
slavery	75	0
smuggling	75	0
snapped	75	0
snuck	75	0
solitary	75	0
spear	75	0
specially	75	0
steering	75	0
strawberry	75	0
summon	75	0
superhero	75	0
surprisingly	75	0
survey	75	0
swift	75	0
tactics	75	0
teasing	75	0
temporarily	75	0
terrorism	75	0
texted	75	0
thailand	75	0
theresa	75	0
timer	75	0
token	75	0
toll	75	0
tougher	75	0
traitors	75	0
transform	75	0
triangle	75	0
tribute	75	0
trumpet	75	0
typing	75	0
undo	75	0
ungrateful	75	0
vanish	75	0
vegetarian	75	0
vietnamese	75	0
volunteered	75	0
weddings	75	0
weekly	75	0
whales	75	0
whilst	75	0
wilderness	75	0
workin	75	0
yummy	75	0
yuri	75	0
achievement	74	0
addicted	74	0
amsterdam	74	0
apartments	74	0
apparent	74	0
ark	74	0
artery	74	0
artillery	74	0
await	74	0
babysitter	74	0
ban	74	0
bankrupt	74	0
batch	74	0
bathtub	74	0
bauer	74	0
bbc	74	0
bender	74	0
bidding	74	0
bikes	74	0
bliss	74	0
bluff	74	0
brace	74	0
brendan	74	0
bricks	74	0
brigade	74	0
bryan	74	0
buffy	74	0
cafeteria	74	0
callie	74	0
canvas	74	0
carpenter	74	0
cartoon	74	0
caves	74	0
celebrated	74	0
cereal	74	0
charts	74	0
chun	74	0
civilized	74	0
claws	74	0
coaches	74	0
com	74	0
compartment	74	0
compass	74	0
compensation	74	0
competing	74	0
condolences	74	0
confuse	74	0
contempt	74	0
crashes	74	0
creator	74	0
cruz	74	0
curly	74	0
currency	74	0
daly	74	0
damien	74	0
dani	74	0
daring	74	0
darwin	74	0
dearly	74	0
delete	74	0
denial	74	0
denying	74	0
despise	74	0
devils	74	0
discharged	74	0
dislike	74	0
disrespect	74	0
distinguished	74	0
distribution	74	0
donny	74	0
driveway	74	0
drugged	74	0
duchess	74	0
duh	74	0
dynamic	74	0
edwards	74	0
eerie	74	0
elsa	74	0
employer	74	0
encouraged	74	0
erased	74	0
estimate	74	0
ethel	74	0
exceptional	74	0
fa	74	0
feelin	74	0
fiance	74	0
flock	74	0
floyd	74	0
flute	74	0
foam	74	0
footprints	74	0
foreigner	74	0
founded	74	0
freaky	74	0
frederick	74	0
frustrating	74	0
funky	74	0
gag	74	0
giants	74	0
glimpse	74	0
gotham	74	0
gracias	74	0
grim	74	0
gu	74	0
gulf	74	0
hides	74	0
hotter	74	0
housekeeper	74	0
hull	74	0
humiliation	74	0
hustle	74	0
iet	74	0
ignorance	74	0
imaginary	74	0
impatient	74	0
impulse	74	0
industries	74	0
ingrid	74	0
inmates	74	0
inventory	74	0
invincible	74	0
irony	74	0
jock	74	0
joo	74	0
journalists	74	0
judged	74	0
juicy	74	0
jurisdiction	74	0
juvenile	74	0
kettle	74	0
kitten	74	0
km	74	0
labs	74	0
lang	74	0
licence	74	0
lifting	74	0
lilly	74	0
links	74	0
locking	74	0
lookout	74	0
lorenzo	74	0
madonna	74	0
marble	74	0
marianne	74	0
masterpiece	74	0
maxwell	74	0
mccoy	74	0
medic	74	0
medieval	74	0
melted	74	0
memo	74	0
merchandise	74	0
mercury	74	0
microwave	74	0
mississippi	74	0
missus	74	0
monastery	74	0
monitoring	74	0
moose	74	0
mwah	74	0
narcotics	74	0
newly	74	0
nicest	74	0
nickel	74	0
nikita	74	0
numerous	74	0
ohhh	74	0
oppa	74	0
pact	74	0
paddy	74	0
pamela	74	0
peacefully	74	0
peek	74	0
penelope	74	0
penguin	74	0
pentagon	74	0
pets	74	0
ping	74	0
playground	74	0
portion	74	0
posters	74	0
potion	74	0
powell	74	0
pr	74	0
predicted	74	0
preparation	74	0
programmed	74	0
psst	74	0
psychologist	74	0
radius	74	0
rag	74	0
ramsay	74	0
recorder	74	0
recruit	74	0
referred	74	0
regime	74	0
rehearse	74	0
relatively	74	0
repeated	74	0
rib	74	0
ripping	74	0
sane	74	0
scooter	74	0
seduce	74	0
sew	74	0
sewer	74	0
shameless	74	0
shaved	74	0
shhh	74	0
shines	74	0
slippers	74	0
slippery	74	0
slit	74	0
smashing	74	0
solomon	74	0
souvenir	74	0
speeches	74	0
speeding	74	0
ss	74	0
stalin	74	0
stammering	74	0
steals	74	0
stereo	74	0
stern	74	0
stitch	74	0
stitches	74	0
stoned	74	0
stroll	74	0
stu	74	0
sunk	74	0
supernatural	74	0
symbols	74	0
tackle	74	0
taco	74	0
tang	74	0
telescope	74	0
thrust	74	0
tipped	74	0
toad	74	0
tow	74	0
treasures	74	0
tribes	74	0
trish	74	0
troop	74	0
trusts	74	0
tu	74	0
tubes	74	0
turf	74	0
turk	74	0
tutor	74	0
unbearable	74	0
underworld	74	0
upsetting	74	0
verify	74	0
vernon	74	0
verse	74	0
viewers	74	0
vile	74	0
vip	74	0
voiceover	74	0
wage	74	0
waltz	74	0
warner	74	0
wit	74	0
worldwide	74	0
wrath	74	0
yankee	74	0
zoom	74	0
absent	73	0
academic	73	0
accounting	73	0
accusations	73	0
addison	73	0
addressed	73	0
addresses	73	0
admired	73	0
admission	73	0
advisor	73	0
alf	73	0
altered	73	0
altitude	73	0
andrews	73	0
app	73	0
applauding	73	0
appreciation	73	0
approaches	73	0
architecture	73	0
argued	73	0
armstrong	73	0
ashore	73	0
bakery	73	0
banner	73	0
banquet	73	0
barge	73	0
beacon	73	0
behaved	73	0
blog	73	0
bluffing	73	0
breakthrough	73	0
breeding	73	0
briefing	73	0
briggs	73	0
broom	73	0
brothel	73	0
brotherhood	73	0
burgers	73	0
busting	73	0
butch	73	0
butts	73	0
cabbage	73	0
carrot	73	0
cartel	73	0
category	73	0
cautious	73	0
ching	73	0
chopped	73	0
clatters	73	0
coats	73	0
collective	73	0
commanding	73	0
comparison	73	0
complained	73	0
conducted	73	0
congrats	73	0
considerable	73	0
consultant	73	0
contribution	73	0
coup	73	0
crowds	73	0
cuban	73	0
curve	73	0
dalton	73	0
danish	73	0
darryl	73	0
dd	73	0
deceive	73	0
depths	73	0
devotion	73	0
dine	73	0
disappointing	73	0
discretion	73	0
dominic	73	0
draws	73	0
ecstasy	73	0
embarrassment	73	0
empress	73	0
equipped	73	0
ernest	73	0
essay	73	0
ethics	73	0
experiencing	73	0
expertise	73	0
expressed	73	0
faking	73	0
fantasies	73	0
feminine	73	0
ferrari	73	0
fewer	73	0
filing	73	0
finale	73	0
fisherman	73	0
fitz	73	0
flags	73	0
flora	73	0
frances	73	0
francine	73	0
freshman	73	0
generals	73	0
gerard	73	0
gestapo	73	0
gibson	73	0
gideon	73	0
giovanni	73	0
glance	73	0
glowing	73	0
goats	73	0
grabbing	73	0
grams	73	0
grapes	73	0
greene	73	0
grind	73	0
groceries	73	0
guarding	73	0
handkerchief	73	0
haunt	73	0
heating	73	0
heritage	73	0
historic	73	0
hughes	73	0
igor	73	0
imitating	73	0
imprisoned	73	0
improvement	73	0
informant	73	0
insect	73	0
insight	73	0
inspire	73	0
intervention	73	0
introduction	73	0
intruder	73	0
investigated	73	0
investigations	73	0
iove	73	0
isabella	73	0
islam	73	0
jamal	73	0
jeong	73	0
jerks	73	0
jj	73	0
jorge	73	0
kirby	73	0
knots	73	0
layers	73	0
leah	73	0
libby	73	0
lighten	73	0
limb	73	0
lowest	73	0
lulu	73	0
machinery	73	0
makin	73	0
mallory	73	0
mamma	73	0
martini	73	0
merci	73	0
missions	73	0
moe	73	0
montana	73	0
motherfucking	73	0
murdoch	73	0
mute	73	0
naples	73	0
nash	73	0
nder	73	0
negotiations	73	0
negro	73	0
nightclub	73	0
norma	73	0
numb	73	0
observed	73	0
oceans	73	0
ollie	73	0
olympics	73	0
orphans	73	0
overheard	73	0
ox	73	0
packs	73	0
paladin	73	0
panda	73	0
parlor	73	0
partly	73	0
passports	73	0
pearls	73	0
peas	73	0
peoples	73	0
permitted	73	0
pharmacy	73	0
plumber	73	0
polar	73	0
poles	73	0
portuguese	73	0
positively	73	0
predator	73	0
predators	73	0
preliminary	73	0
priceless	73	0
procedures	73	0
processing	73	0
professionals	73	0
promote	73	0
prophecy	73	0
provides	73	0
publicly	73	0
puff	73	0
pumping	73	0
punching	73	0
pupils	73	0
rays	73	0
refugees	73	0
relaxing	73	0
repairs	73	0
rifles	73	0
rocking	73	0
rubbing	73	0
rustling	73	0
sa	73	0
scholar	73	0
scratching	73	0
sentences	73	0
server	73	0
settling	73	0
shaken	73	0
shipped	73	0
sixty	73	0
slick	73	0
smallest	73	0
smelling	73	0
smokes	73	0
snatch	73	0
sniff	73	0
squadron	73	0
stalker	73	0
stamps	73	0
stored	73	0
storms	73	0
strap	73	0
stud	73	0
suggestions	73	0
supportive	73	0
suspension	73	0
syrup	73	0
tactical	73	0
tarzan	73	0
tellin	73	0
thuds	73	0
thugs	73	0
tigers	73	0
toilets	73	0
toothbrush	73	0
tractor	73	0
traded	73	0
transition	73	0
translator	73	0
tropical	73	0
Twitter	73	0
unacceptable	73	0
unarmed	73	0
understandable	73	0
unpredictable	73	0
vague	73	0
valid	73	0
vanilla	73	0
vase	73	0
vent	73	0
vessels	73	0
violated	73	0
vulgar	73	0
wagner	73	0
wah	73	0
walsh	73	0
wanda	73	0
warmer	73	0
wheeler	73	0
whites	73	0
willow	73	0
wool	73	0
wrecked	73	0
yale	73	0
yuan	73	0
zeus	73	0
zhang	73	0
ads	72	0
alberto	72	0
allowance	72	0
Amazon	72	0
arctic	72	0
asteroid	72	0
avoided	72	0
awaiting	72	0
backstage	72	0
baking	72	0
bates	72	0
beatrice	72	0
belongings	72	0
betsy	72	0
blankets	72	0
bong	72	0
bourbon	72	0
briefly	72	0
bryce	72	0
bun	72	0
burglar	72	0
butterflies	72	0
byron	72	0
calculations	72	0
calf	72	0
carrots	72	0
cassandra	72	0
cathedral	72	0
cherish	72	0
chilly	72	0
cigars	72	0
clayton	72	0
commands	72	0
condo	72	0
conducting	72	0
connecting	72	0
convenience	72	0
coop	72	0
corey	72	0
cosmos	72	0
courier	72	0
cripple	72	0
crops	72	0
crosses	72	0
cuff	72	0
cuffs	72	0
cultures	72	0
curfew	72	0
deacon	72	0
decline	72	0
defense	72	0
demanded	72	0
dev	72	0
dewey	72	0
doorstep	72	0
douche	72	0
dumping	72	0
easiest	72	0
eldest	72	0
encountered	72	0
equivalent	72	0
errand	72	0
expects	72	0
experimental	72	0
exquisite	72	0
extract	72	0
factories	72	0
falcon	72	0
fang	72	0
fascinated	72	0
fearless	72	0
feedback	72	0
fiancee	72	0
fin	72	0
flashlight	72	0
flipped	72	0
flooded	72	0
forge	72	0
frankenstein	72	0
frogs	72	0
functions	72	0
gangsters	72	0
geek	72	0
ghetto	72	0
gigantic	72	0
gravy	72	0
greeks	72	0
greeting	72	0
gretchen	72	0
guru	72	0
guv	72	0
halls	72	0
harley	72	0
hating	72	0
headaches	72	0
headmaster	72	0
herbert	72	0
hilda	72	0
homosexual	72	0
humiliate	72	0
hydrogen	72	0
idle	72	0
imitates	72	0
infant	72	0
inherit	72	0
insists	72	0
instructed	72	0
investors	72	0
jackpot	72	0
jeanne	72	0
jude	72	0
karaoke	72	0
keyboard	72	0
kris	72	0
lava	72	0
leaking	72	0
liang	72	0
liars	72	0
liberal	72	0
likewise	72	0
lil	72	0
lisbon	72	0
lists	72	0
loans	72	0
logs	72	0
longing	72	0
lucia	72	0
mainland	72	0
malone	72	0
manchester	72	0
manipulate	72	0
marathon	72	0
marquis	72	0
masses	72	0
melting	72	0
mermaid	72	0
midst	72	0
miriam	72	0
mixing	72	0
monthly	72	0
morse	72	0
mosque	72	0
moss	72	0
motto	72	0
newest	72	0
nico	72	0
norway	72	0
noses	72	0
notorious	72	0
novels	72	0
olga	72	0
oof	72	0
openly	72	0
orgasm	72	0
overlapping	72	0
pauline	72	0
pennsylvania	72	0
peyton	72	0
pickle	72	0
pickles	72	0
pies	72	0
pigeons	72	0
pike	72	0
pitiful	72	0
prague	72	0
printing	72	0
propaganda	72	0
prostitutes	72	0
publisher	72	0
puppies	72	0
purchased	72	0
pursuing	72	0
pyjamas	72	0
quiz	72	0
rapist	72	0
ravi	72	0
reader	72	0
readings	72	0
reinforcements	72	0
repeatedly	72	0
requesting	72	0
resent	72	0
reservations	72	0
riddle	72	0
ripe	72	0
roam	72	0
roles	72	0
rosemary	72	0
sailed	72	0
sanders	72	0
scope	72	0
screenplay	72	0
seals	72	0
secondary	72	0
seventeen	72	0
severely	72	0
shapes	72	0
shitting	72	0
shorty	72	0
shouted	72	0
shrieks	72	0
skilled	72	0
slaughtered	72	0
slot	72	0
sly	72	0
soaked	72	0
speakers	72	0
spiders	72	0
splitting	72	0
sponge	72	0
stacey	72	0
stages	72	0
stammers	72	0
stated	72	0
strangle	72	0
streak	72	0
stripped	72	0
summers	72	0
sundays	72	0
sunglasses	72	0
superstar	72	0
sweetest	72	0
tai	72	0
takin	72	0
temperatures	72	0
tempted	72	0
tens	72	0
tenth	72	0
tessa	72	0
tickle	72	0
timothy	72	0
tis	72	0
torment	72	0
torturing	72	0
traditions	72	0
translated	72	0
trembling	72	0
triggered	72	0
tripped	72	0
troubling	72	0
tying	72	0
ufo	72	0
unfinished	72	0
unity	72	0
unsub	72	0
valve	72	0
vega	72	0
vicki	72	0
vijay	72	0
virginity	72	0
vocal	72	0
weaver	72	0
wei	72	0
weirdo	72	0
yan	72	0
yield	72	0
yuck	72	0
yum	72	0
abbey	71	0
abi	71	0
abort	71	0
acquainted	71	0
ada	71	0
adapt	71	0
adds	71	0
affirmative	71	0
aiming	71	0
airline	71	0
ale	71	0
alleged	71	0
alvin	71	0
anders	71	0
apocalypse	71	0
appearances	71	0
ar	71	0
arise	71	0
asap	71	0
astonishing	71	0
barrett	71	0
bea	71	0
beaver	71	0
berry	71	0
bind	71	0
biscuit	71	0
blacks	71	0
blasted	71	0
blouse	71	0
boiled	71	0
bp	71	0
brazilian	71	0
breaths	71	0
broker	71	0
bronze	71	0
brute	71	0
buckle	71	0
buenos	71	0
bugging	71	0
bundle	71	0
buses	71	0
calmly	71	0
capsule	71	0
cass	71	0
catastrophe	71	0
cctv	71	0
celebrities	71	0
celia	71	0
chauffeur	71	0
chefs	71	0
chimney	71	0
chops	71	0
chores	71	0
churches	71	0
cocky	71	0
colt	71	0
comics	71	0
concussion	71	0
conductor	71	0
conquered	71	0
consolation	71	0
contribute	71	0
convert	71	0
coolest	71	0
coral	71	0
courageous	71	0
courthouse	71	0
crib	71	0
crickets	71	0
crust	71	0
cubs	71	0
cuckoo	71	0
cuz	71	0
daniels	71	0
dares	71	0
darlin	71	0
decency	71	0
deciding	71	0
denmark	71	0
determination	71	0
devastating	71	0
diapers	71	0
disgust	71	0
disk	71	0
dispute	71	0
docks	71	0
dolphins	71	0
download	71	0
dre	71	0
dripping	71	0
dumpster	71	0
dwayne	71	0
earning	71	0
edmund	71	0
edna	71	0
encouraging	71	0
equation	71	0
erotic	71	0
est	71	0
exercises	71	0
ezra	71	0
fades	71	0
fallon	71	0
farming	71	0
fascist	71	0
feng	71	0
fi	71	0
firmly	71	0
fishy	71	0
flick	71	0
fragments	71	0
fright	71	0
frontier	71	0
garrison	71	0
gem	71	0
gender	71	0
genuinely	71	0
grabs	71	0
gracie	71	0
greatness	71	0
greta	71	0
guarded	71	0
gutter	71	0
hale	71	0
hamburger	71	0
hardy	71	0
hassan	71	0
hayley	71	0
headlines	71	0
heap	71	0
heated	71	0
hillary	71	0
hog	71	0
holden	71	0
holiness	71	0
homemade	71	0
hormones	71	0
hq	71	0
incapable	71	0
incidents	71	0
indiana	71	0
interfering	71	0
invaded	71	0
isolation	71	0
italians	71	0
jarod	71	0
ketchup	71	0
kev	71	0
kidneys	71	0
killings	71	0
kindergarten	71	0
kite	71	0
lacking	71	0
lan	71	0
lars	71	0
leaked	71	0
leaning	71	0
legit	71	0
lime	71	0
lire	71	0
loft	71	0
lopez	71	0
lucifer	71	0
mal	71	0
marker	71	0
marriages	71	0
martinez	71	0
mathematics	71	0
mayday	71	0
meow	71	0
merciful	71	0
metaphor	71	0
meteor	71	0
mic	71	0
michigan	71	0
mindy	71	0
ministers	71	0
monte	71	0
moreover	71	0
morons	71	0
muffin	71	0
nixon	71	0
noticing	71	0
nsa	71	0
nuns	71	0
obstacle	71	0
op	71	0
ops	71	0
otis	71	0
packet	71	0
paralysed	71	0
patterson	71	0
paulie	71	0
payback	71	0
phew	71	0
pins	71	0
plasma	71	0
plaza	71	0
polo	71	0
poo	71	0
poorly	71	0
portland	71	0
postcard	71	0
preparations	71	0
prettiest	71	0
privately	71	0
prostitution	71	0
protects	71	0
psychopath	71	0
publishing	71	0
punches	71	0
quentin	71	0
ramon	71	0
reactor	71	0
recovering	71	0
redemption	71	0
reef	71	0
regain	71	0
releasing	71	0
remorse	71	0
removing	71	0
renee	71	0
resigned	71	0
responded	71	0
rhyme	71	0
ribbon	71	0
ricardo	71	0
richards	71	0
richest	71	0
rotting	71	0
rover	71	0
rumours	71	0
runaway	71	0
runnin	71	0
sanchez	71	0
santiago	71	0
santos	71	0
scarlett	71	0
scram	71	0
scratched	71	0
secondly	71	0
seizure	71	0
shameful	71	0
shaving	71	0
shoo	71	0
siblings	71	0
simmons	71	0
simpler	71	0
Singapore	71	0
singers	71	0
sissy	71	0
smartest	71	0
snitch	71	0
solving	71	0
spitting	71	0
spotlight	71	0
starboard	71	0
starters	71	0
stocks	71	0
strategic	71	0
stripes	71	0
struggled	71	0
suited	71	0
surfing	71	0
surround	71	0
tailor	71	0
targeted	71	0
telly	71	0
testament	71	0
thug	71	0
tong	71	0
transmitter	71	0
treasury	71	0
tristan	71	0
truce	71	0
tummy	71	0
ups	71	0
vanity	71	0
vatican	71	0
verge	71	0
vibrating	71	0
vintage	71	0
wales	71	0
weeping	71	0
weighs	71	0
wright	71	0
yakuza	71	0
yogurt	71	0
yoo	71	0
abel	70	0
abu	70	0
adrenaline	70	0
agencies	70	0
aggression	70	0
ahold	70	0
allan	70	0
allied	70	0
amendment	70	0
apologising	70	0
applying	70	0
arch	70	0
argentina	70	0
arrests	70	0
assessment	70	0
athens	70	0
atlantis	70	0
atom	70	0
austria	70	0
babylon	70	0
banged	70	0
bases	70	0
basil	70	0
bathe	70	0
beatles	70	0
beau	70	0
beethoven	70	0
beetle	70	0
beijing	70	0
belts	70	0
bikini	70	0
blackout	70	0
blares	70	0
boone	70	0
bouncing	70	0
bouquet	70	0
bravery	70	0
buffet	70	0
bulb	70	0
bulls	70	0
buns	70	0
burglary	70	0
cardiac	70	0
caribbean	70	0
carly	70	0
chalk	70	0
champions	70	0
cheng	70	0
chet	70	0
chocolates	70	0
chooses	70	0
chu	70	0
clanging	70	0
clone	70	0
cocoa	70	0
cohen	70	0
columbia	70	0
complications	70	0
confined	70	0
confronted	70	0
consumed	70	0
contagious	70	0
contractor	70	0
convoy	70	0
cora	70	0
costa	70	0
courses	70	0
cowboys	70	0
crackers	70	0
cradle	70	0
crank	70	0
crate	70	0
crews	70	0
crocodile	70	0
crows	70	0
crunch	70	0
cutter	70	0
dads	70	0
dangers	70	0
defended	70	0
dense	70	0
depart	70	0
detector	70	0
diagnosed	70	0
dialing	70	0
diaper	70	0
disc	70	0
disney	70	0
disturbance	70	0
dolphin	70	0
drifting	70	0
drilling	70	0
drip	70	0
edges	70	0
editing	70	0
elf	70	0
eliza	70	0
elliott	70	0
employ	70	0
expanding	70	0
exploding	70	0
exploring	70	0
extensive	70	0
eyebrows	70	0
faked	70	0
farms	70	0
favourites	70	0
fills	70	0
filter	70	0
fireplace	70	0
flatter	70	0
flint	70	0
focusing	70	0
forming	70	0
frequently	70	0
galaxies	70	0
gale	70	0
gardner	70	0
geneva	70	0
getaway	70	0
gladys	70	0
grady	70	0
gran	70	0
gt	70	0
handles	70	0
hangover	70	0
hazel	70	0
heartless	70	0
heavier	70	0
heil	70	0
hitch	70	0
homo	70	0
horace	70	0
hostess	70	0
hyde	70	0
ida	70	0
immense	70	0
increasingly	70	0
indication	70	0
initially	70	0
inspiring	70	0
introducing	70	0
invade	70	0
israeli	70	0
ju	70	0
katrina	70	0
kramer	70	0
lace	70	0
leash	70	0
leopard	70	0
leverage	70	0
liable	70	0
liberation	70	0
limbs	70	0
lina	70	0
livin	70	0
loot	70	0
lorraine	70	0
lotus	70	0
lyle	70	0
madeline	70	0
magnet	70	0
magnus	70	0
malik	70	0
manning	70	0
manor	70	0
manuscript	70	0
mara	70	0
marissa	70	0
marjorie	70	0
markets	70	0
maze	70	0
medals	70	0
membership	70	0
merit	70	0
michelangelo	70	0
milton	70	0
mina	70	0
miners	70	0
mist	70	0
mixture	70	0
mocking	70	0
montgomery	70	0
monument	70	0
mop	70	0
morality	70	0
motivated	70	0
motivation	70	0
motives	70	0
nay	70	0
neighborhood	70	0
nell	70	0
nervously	70	0
nevada	70	0
nipples	70	0
nod	70	0
norton	70	0
nova	70	0
ongoing	70	0
operated	70	0
operational	70	0
optimistic	70	0
overhead	70	0
paolo	70	0
partying	70	0
payroll	70	0
pd	70	0
pending	70	0
percentage	70	0
perception	70	0
perish	70	0
persuaded	70	0
pharaoh	70	0
philly	70	0
philosopher	70	0
pinned	70	0
playboy	70	0
por	70	0
porsche	70	0
postpone	70	0
pots	70	0
pow	70	0
preserved	70	0
processed	70	0
protector	70	0
provoke	70	0
psychotic	70	0
puerto	70	0
pumped	70	0
punks	70	0
pupil	70	0
rafael	70	0
raft	70	0
raging	70	0
rainy	70	0
rama	70	0
raphael	70	0
refreshing	70	0
regional	70	0
reindeer	70	0
rep	70	0
repaired	70	0
resolution	70	0
restricted	70	0
rewarded	70	0
ri	70	0
richer	70	0
rigged	70	0
rockets	70	0
rodeo	70	0
roz	70	0
rue	70	0
salty	70	0
sausages	70	0
scanner	70	0
scenery	70	0
scooby	70	0
screws	70	0
sculpture	70	0
secrecy	70	0
sergei	70	0
severed	70	0
shady	70	0
shakes	70	0
shampoo	70	0
shatters	70	0
shredder	70	0
sidewalk	70	0
sierra	70	0
sinner	70	0
skate	70	0
skating	70	0
skiing	70	0
smoothly	70	0
sneaky	70	0
sol	70	0
soy	70	0
spits	70	0
spooky	70	0
stabbing	70	0
stains	70	0
starfleet	70	0
stem	70	0
sterling	70	0
stinky	70	0
stool	70	0
stressful	70	0
stumbled	70	0
stupidity	70	0
suffers	70	0
suspicions	70	0
sutton	70	0
sway	70	0
switching	70	0
swollen	70	0
taiwan	70	0
tapped	70	0
targeting	70	0
tart	70	0
teller	70	0
thanking	70	0
thesis	70	0
thighs	70	0
thudding	70	0
thumbs	70	0
trafficking	70	0
tuned	70	0
tyres	70	0
unaware	70	0
undress	70	0
unload	70	0
unlocked	70	0
urgently	70	0
vaccine	70	0
vance	70	0
vaughn	70	0
velvet	70	0
veteran	70	0
vicar	70	0
villains	70	0
virgil	70	0
wandered	70	0
warfare	70	0
weary	70	0
weasel	70	0
whooshing	70	0
willis	70	0
wink	70	0
winnie	70	0
wretch	70	0
wrists	70	0
yvonne	70	0
zeke	70	0
accompanied	69	0
ache	69	0
admitting	69	0
advocate	69	0
alarms	69	0
allegations	69	0
amigo	69	0
amusement	69	0
analyse	69	0
antibiotics	69	0
apologised	69	0
appointments	69	0
apprentice	69	0
arabs	69	0
ariel	69	0
assemble	69	0
asthma	69	0
athletic	69	0
attendant	69	0
auditions	69	0
axl	69	0
babbling	69	0
badass	69	0
bamboo	69	0
banking	69	0
bianca	69	0
bled	69	0
blinded	69	0
bobo	69	0
bombed	69	0
bonjour	69	0
brag	69	0
broadcasting	69	0
bummer	69	0
bypass	69	0
ca	69	0
caine	69	0
caitlin	69	0
caravan	69	0
cassidy	69	0
caviar	69	0
chaps	69	0
che	69	0
cheeky	69	0
choked	69	0
christianity	69	0
christy	69	0
clare	69	0
classmates	69	0
cleaners	69	0
clearer	69	0
cleo	69	0
clinical	69	0
closure	69	0
cobra	69	0
collateral	69	0
collision	69	0
combine	69	0
comeback	69	0
comforting	69	0
commence	69	0
confirms	69	0
consequence	69	0
console	69	0
counseling	69	0
countdown	69	0
courtyard	69	0
crippled	69	0
cristina	69	0
criticism	69	0
crude	69	0
cruelty	69	0
crushing	69	0
cube	69	0
curb	69	0
cutie	69	0
cyril	69	0
damages	69	0
darcy	69	0
darker	69	0
darkest	69	0
daytime	69	0
dea	69	0
debra	69	0
deception	69	0
declaration	69	0
defy	69	0
demo	69	0
descent	69	0
dex	69	0
dictionary	69	0
disguised	69	0
doggy	69	0
dots	69	0
dowry	69	0
dracula	69	0
drawers	69	0
drummer	69	0
Dubai	69	0
dungeon	69	0
earliest	69	0
edie	69	0
electronics	69	0
elimination	69	0
emerge	69	0
eminence	69	0
errands	69	0
estimated	69	0
evacuation	69	0
evaluation	69	0
evidently	69	0
evie	69	0
examples	69	0
excessive	69	0
exits	69	0
exploit	69	0
external	69	0
faculty	69	0
fading	69	0
ferguson	69	0
findings	69	0
fingernails	69	0
fists	69	0
forgets	69	0
founder	69	0
frustration	69	0
fuzzy	69	0
gadget	69	0
gaining	69	0
gambler	69	0
gamma	69	0
generosity	69	0
gigi	69	0
gino	69	0
goddammit	69	0
groan	69	0
hazard	69	0
headline	69	0
hebrew	69	0
herbs	69	0
heroine	69	0
homecoming	69	0
honors	69	0
hump	69	0
hungarian	69	0
hwang	69	0
hypocrite	69	0
ideals	69	0
illegally	69	0
implying	69	0
incompetent	69	0
increases	69	0
inmate	69	0
insecure	69	0
intercept	69	0
intuition	69	0
investigators	69	0
istanbul	69	0
jets	69	0
josie	69	0
judas	69	0
jumper	69	0
kilometres	69	0
kimberly	69	0
klink	69	0
ko	69	0
lantern	69	0
lapd	69	0
legion	69	0
len	69	0
lila	69	0
lillian	69	0
limp	69	0
liza	69	0
lonesome	69	0
luna	69	0
maddy	69	0
manly	69	0
matrix	69	0
mattered	69	0
maxine	69	0
meaningful	69	0
measured	69	0
medicines	69	0
mediterranean	69	0
mend	69	0
mildred	69	0
mineral	69	0
misunderstand	69	0
morale	69	0
morton	69	0
ncis	69	0
neglected	69	0
negotiating	69	0
nero	69	0
noodle	69	0
obtained	69	0
occasional	69	0
occurs	69	0
octopus	69	0
onboard	69	0
operative	69	0
opium	69	0
oppose	69	0
ounce	69	0
pageant	69	0
parachute	69	0
paramedics	69	0
particle	69	0
peep	69	0
phyllis	69	0
pitcher	69	0
plains	69	0
plumbing	69	0
pneumonia	69	0
poking	69	0
posts	69	0
powerless	69	0
practiced	69	0
practise	69	0
preach	69	0
precision	69	0
prop	69	0
proposing	69	0
punishing	69	0
quarantine	69	0
quarterback	69	0
queue	69	0
radioactive	69	0
rattle	69	0
readers	69	0
realising	69	0
recess	69	0
references	69	0
reg	69	0
rehearsing	69	0
relay	69	0
reminding	69	0
restroom	69	0
revealing	69	0
reveals	69	0
revelation	69	0
revs	69	0
richmond	69	0
rituals	69	0
royalty	69	0
saloon	69	0
sands	69	0
sawyer	69	0
scales	69	0
scorpion	69	0
seminar	69	0
separately	69	0
serpent	69	0
shi	69	0
shortcut	69	0
shoved	69	0
shrieking	69	0
shush	69	0
siege	69	0
significance	69	0
sinister	69	0
slowing	69	0
slug	69	0
snatched	69	0
snorts	69	0
sparks	69	0
specimen	69	0
speculation	69	0
spelling	69	0
spinal	69	0
spontaneous	69	0
squash	69	0
squawking	69	0
squeals	69	0
starved	69	0
statues	69	0
stranded	69	0
stretched	69	0
studios	69	0
substantial	69	0
suing	69	0
swat	69	0
swelling	69	0
sympathetic	69	0
tablet	69	0
tad	69	0
taliban	69	0
tame	69	0
tardis	69	0
tavern	69	0
tempting	69	0
tenants	69	0
testified	69	0
tighter	69	0
titanic	69	0
tito	69	0
toronto	69	0
torres	69	0
toughest	69	0
transformation	69	0
tread	69	0
trespassing	69	0
trey	69	0
trim	69	0
trudy	69	0
tsk	69	0
tuition	69	0
unidentified	69	0
unreasonable	69	0
venom	69	0
viktor	69	0
virtual	69	0
voodoo	69	0
waitin	69	0
wan	69	0
weaker	69	0
welcoming	69	0
wildlife	69	0
willingly	69	0
worthwhile	69	0
yer	69	0
ying	69	0
zoey	69	0
abduction	68	0
accidental	68	0
accusation	68	0
alias	68	0
alma	68	0
alternate	68	0
amnesia	68	0
annoy	68	0
apron	68	0
arrogance	68	0
arson	68	0
aspects	68	0
assassins	68	0
assembled	68	0
assumption	68	0
athletes	68	0
atoms	68	0
automobile	68	0
ax	68	0
babes	68	0
bah	68	0
bailed	68	0
bangkok	68	0
barcelona	68	0
batter	68	0
beaches	68	0
belgium	68	0
believer	68	0
blackmailing	68	0
boogie	68	0
brighter	68	0
brittany	68	0
brock	68	0
brunch	68	0
bullied	68	0
cain	68	0
cameraman	68	0
candis	68	0
certainty	68	0
charms	68	0
cheerleader	68	0
cheung	68	0
chung	68	0
cinderella	68	0
circulation	68	0
cloak	68	0
cologne	68	0
commandant	68	0
commercials	68	0
companions	68	0
connecticut	68	0
conventional	68	0
converted	68	0
convey	68	0
copied	68	0
cowardly	68	0
coyote	68	0
crabs	68	0
critics	68	0
crystals	68	0
ct	68	0
cub	68	0
cupcake	68	0
damp	68	0
dawg	68	0
deborah	68	0
dedication	68	0
della	68	0
depot	68	0
designers	68	0
destructive	68	0
diabetes	68	0
dillon	68	0
dim	68	0
dinners	68	0
dispose	68	0
distinct	68	0
diversion	68	0
donated	68	0
dora	68	0
doubled	68	0
doubted	68	0
dryer	68	0
dwell	68	0
dye	68	0
edison	68	0
effectively	68	0
eileen	68	0
elijah	68	0
elise	68	0
emails	68	0
epidemic	68	0
evenings	68	0
excess	68	0
exhausting	68	0
eyewitness	68	0
farts	68	0
fei	68	0
fingerprint	68	0
flashing	68	0
flattering	68	0
fling	68	0
forthe	68	0
freeway	68	0
friggin	68	0
froze	68	0
fuller	68	0
furthermore	68	0
ginny	68	0
glee	68	0
gospel	68	0
governments	68	0
grieving	68	0
grilled	68	0
groove	68	0
guo	68	0
hacker	68	0
harmed	68	0
harness	68	0
hash	68	0
havin	68	0
hawkins	68	0
hola	68	0
hookers	68	0
hound	68	0
hugging	68	0
humphrey	68	0
hunk	68	0
hyung	68	0
iced	68	0
idiotic	68	0
ignition	68	0
inclined	68	0
inconvenience	68	0
initials	68	0
install	68	0
intercom	68	0
intercourse	68	0
interpol	68	0
jaws	68	0
jeopardy	68	0
jockey	68	0
kathleen	68	0
kentucky	68	0
kidnapper	68	0
kidnappers	68	0
knox	68	0
lambert	68	0
lara	68	0
learns	68	0
liability	68	0
literary	68	0
loaf	68	0
lockdown	68	0
loo	68	0
lowered	68	0
lynch	68	0
macho	68	0
maids	68	0
mailbox	68	0
manic	68	0
manslaughter	68	0
margarita	68	0
marian	68	0
martyr	68	0
melinda	68	0
michele	68	0
moody	68	0
mornings	68	0
morrison	68	0
mourn	68	0
munich	68	0
mushroom	68	0
mutters	68	0
necessity	68	0
northwest	68	0
notch	68	0
notified	68	0
objections	68	0
ole	68	0
omega	68	0
oral	68	0
orderly	68	0
oregon	68	0
ounces	68	0
outsider	68	0
overdose	68	0
oy	68	0
padre	68	0
panther	68	0
pastry	68	0
patron	68	0
patsy	68	0
paulo	68	0
paycheck	68	0
peck	68	0
penthouse	68	0
performances	68	0
perp	68	0
pleases	68	0
pleasures	68	0
plum	68	0
policies	68	0
possessions	68	0
presenting	68	0
presumably	68	0
privileged	68	0
privileges	68	0
prospect	68	0
prosperity	68	0
prototype	68	0
puss	68	0
quack	68	0
quarry	68	0
rags	68	0
raises	68	0
ratings	68	0
reborn	68	0
receipts	68	0
receiver	68	0
recruited	68	0
reel	68	0
reich	68	0
remedy	68	0
remotely	68	0
repent	68	0
revolver	68	0
riches	68	0
routes	68	0
rumbles	68	0
rumpole	68	0
scold	68	0
scrape	68	0
scrooge	68	0
semen	68	0
sensational	68	0
serum	68	0
shades	68	0
shaggy	68	0
shattering	68	0
sideways	68	0
signatures	68	0
sinclair	68	0
slate	68	0
slips	68	0
smelly	68	0
socialist	68	0
sod	68	0
solicitor	68	0
solitude	68	0
sonya	68	0
sorrows	68	0
spaces	68	0
squat	68	0
squeaks	68	0
squid	68	0
stanton	68	0
stationed	68	0
statistics	68	0
steep	68	0
stockholm	68	0
stockings	68	0
stunned	68	0
successor	68	0
suckers	68	0
superiors	68	0
sweeping	68	0
swings	68	0
tenant	68	0
theodore	68	0
thigh	68	0
throats	68	0
tongues	68	0
tonic	68	0
tornado	68	0
tory	68	0
transaction	68	0
trek	68	0
trench	68	0
troll	68	0
trout	68	0
tunes	68	0
typewriter	68	0
tyson	68	0
uncovered	68	0
unemployment	68	0
upright	68	0
uptight	68	0
utmost	68	0
vein	68	0
viking	68	0
vomiting	68	0
wager	68	0
warsaw	68	0
webster	68	0
whichever	68	0
wider	68	0
winters	68	0
woe	68	0
woof	68	0
yankees	68	0
YouTube	68	0
abdomen	67	0
abnormal	67	0
acquire	67	0
agreeing	67	0
aidan	67	0
aimed	67	0
alabama	67	0
allegiance	67	0
anatomy	67	0
angles	67	0
angus	67	0
ankles	67	0
arnie	67	0
atm	67	0
attach	67	0
avatar	67	0
awareness	67	0
bandage	67	0
banished	67	0
barrels	67	0
baths	67	0
bedrooms	67	0
belonging	67	0
bing	67	0
booking	67	0
bottoms	67	0
boulevard	67	0
br	67	0
breakup	67	0
bronx	67	0
builds	67	0
bullying	67	0
bumper	67	0
bumps	67	0
buyers	67	0
cadet	67	0
calculated	67	0
callen	67	0
cambridge	67	0
cary	67	0
charmed	67	0
charter	67	0
chemo	67	0
chronic	67	0
cinnamon	67	0
civilisation	67	0
clarify	67	0
clarity	67	0
clint	67	0
clutch	67	0
cobb	67	0
cocktails	67	0
cod	67	0
coleman	67	0
colleen	67	0
colourful	67	0
columbus	67	0
commotion	67	0
communities	67	0
competitors	67	0
composed	67	0
conceived	67	0
condemn	67	0
considerate	67	0
consulting	67	0
contestants	67	0
couid	67	0
cracker	67	0
critic	67	0
cynical	67	0
daft	67	0
dairy	67	0
darius	67	0
debut	67	0
decker	67	0
dedicate	67	0
deeks	67	0
deleted	67	0
delusional	67	0
dent	67	0
departed	67	0
dependent	67	0
der	67	0
diaz	67	0
dino	67	0
ds	67	0
eagles	67	0
eclipse	67	0
eddy	67	0
educational	67	0
emerged	67	0
emil	67	0
emilio	67	0
enjoys	67	0
ensign	67	0
episodes	67	0
ere	67	0
exaggerate	67	0
existing	67	0
expansion	67	0
expired	67	0
extinct	67	0
extraterrestrial	67	0
fiery	67	0
fireman	67	0
flank	67	0
flare	67	0
fluids	67	0
fossil	67	0
fraser	67	0
functioning	67	0
fusion	67	0
gallagher	67	0
generate	67	0
gents	67	0
geoff	67	0
georges	67	0
gibberish	67	0
glamorous	67	0
gloomy	67	0
goons	67	0
greasy	67	0
grumpy	67	0
guided	67	0
haste	67	0
hasty	67	0
heed	67	0
heist	67	0
hmmm	67	0
hoffman	67	0
honourable	67	0
horatio	67	0
housewife	67	0
hu	67	0
huang	67	0
immature	67	0
immigrants	67	0
impose	67	0
infantry	67	0
infirmary	67	0
influenced	67	0
ingredient	67	0
input	67	0
interviewing	67	0
intriguing	67	0
islamic	67	0
itch	67	0
itchy	67	0
izzy	67	0
jed	67	0
jedi	67	0
joints	67	0
kerry	67	0
kilo	67	0
lakes	67	0
latte	67	0
lawson	67	0
layla	67	0
lice	67	0
lighthouse	67	0
litter	67	0
louisa	67	0
ltd	67	0
mabel	67	0
mackenzie	67	0
macleod	67	0
madeleine	67	0
madly	67	0
manipulated	67	0
mao	67	0
mare	67	0
marguerite	67	0
masterchef	67	0
mcdonald	67	0
mechanics	67	0
milady	67	0
militia	67	0
milky	67	0
milord	67	0
morals	67	0
mozart	67	0
murdock	67	0
natives	67	0
necks	67	0
newman	67	0
nicki	67	0
nicolas	67	0
nobel	67	0
observing	67	0
obstacles	67	0
occupy	67	0
oranges	67	0
orlando	67	0
oswald	67	0
outfits	67	0
overreacting	67	0
oysters	67	0
packages	67	0
paco	67	0
paddle	67	0
palms	67	0
papi	67	0
pas	67	0
paste	67	0
peaches	67	0
penn	67	0
perkins	67	0
pesos	67	0
pi	67	0
picasso	67	0
pineapple	67	0
pittsburgh	67	0
placing	67	0
plotting	67	0
politically	67	0
porno	67	0
posing	67	0
pratt	67	0
predictable	67	0
prejudice	67	0
premiere	67	0
prevented	67	0
princes	67	0
probable	67	0
produces	67	0
pronounced	67	0
pros	67	0
pry	67	0
purity	67	0
pushes	67	0
ramp	67	0
raylan	67	0
realizes	67	0
recite	67	0
referee	67	0
rejection	67	0
replied	67	0
resemblance	67	0
reset	67	0
residue	67	0
restraining	67	0
rests	67	0
resurrection	67	0
revenue	67	0
rhodes	67	0
risen	67	0
roaming	67	0
rook	67	0
sank	67	0
savages	67	0
scans	67	0
scarlet	67	0
scrambled	67	0
scraping	67	0
scratches	67	0
seeks	67	0
sensor	67	0
sermon	67	0
seung	67	0
sexuality	67	0
shelley	67	0
shores	67	0
sinners	67	0
slash	67	0
sleeves	67	0
sliding	67	0
sloan	67	0
slope	67	0
soak	67	0
southeast	67	0
sovereign	67	0
spectacle	67	0
spence	67	0
spiral	67	0
spreads	67	0
standby	67	0
stanford	67	0
stirring	67	0
straightforward	67	0
stretching	67	0
structures	67	0
sued	67	0
suicidal	67	0
supports	67	0
sustain	67	0
syd	67	0
tablets	67	0
taped	67	0
tends	67	0
tennessee	67	0
thorn	67	0
threshold	67	0
tightly	67	0
tomas	67	0
torpedo	67	0
tours	67	0
treatments	67	0
truman	67	0
turks	67	0
typically	67	0
undoubtedly	67	0
user	67	0
vacant	67	0
valet	67	0
vicinity	67	0
vinnie	67	0
vladimir	67	0
voicemail	67	0
voters	67	0
vous	67	0
wed	67	0
whoosh	67	0
wireless	67	0
wiser	67	0
withdrawal	67	0
wits	67	0
wolfe	67	0
workout	67	0
xavier	67	0
yeon	67	0
yin	67	0
zealand	67	0
accustomed	66	0
acute	66	0
adjourned	66	0
admirable	66	0
advances	66	0
advantages	66	0
affecting	66	0
agatha	66	0
airborne	66	0
allie	66	0
amends	66	0
anticipated	66	0
appealing	66	0
appearing	66	0
arc	66	0
archives	66	0
armored	66	0
astronauts	66	0
babysitting	66	0
ballistics	66	0
benton	66	0
birdie	66	0
birthdays	66	0
bladder	66	0
blimey	66	0
boob	66	0
bree	66	0
brink	66	0
bruise	66	0
brussels	66	0
bubba	66	0
bulk	66	0
burying	66	0
cables	66	0
calculate	66	0
canned	66	0
cannons	66	0
caps	66	0
captive	66	0
careers	66	0
caretaker	66	0
cartwright	66	0
carve	66	0
carver	66	0
cee	66	0
cesar	66	0
chiming	66	0
chopping	66	0
chubby	66	0
chug	66	0
chunk	66	0
cleopatra	66	0
coco	66	0
cognac	66	0
colonies	66	0
commerce	66	0
compelled	66	0
composition	66	0
conceal	66	0
concluded	66	0
confiscated	66	0
congregation	66	0
connects	66	0
constructed	66	0
consul	66	0
containing	66	0
contaminated	66	0
controversial	66	0
cooling	66	0
cork	66	0
corporations	66	0
correction	66	0
cove	66	0
crawled	66	0
credibility	66	0
crisp	66	0
cupcakes	66	0
dakota	66	0
default	66	0
defined	66	0
deliberate	66	0
designated	66	0
desired	66	0
despicable	66	0
destroys	66	0
detained	66	0
diesel	66	0
dilemma	66	0
dimensions	66	0
directing	66	0
disconnected	66	0
doorway	66	0
dork	66	0
doughnuts	66	0
drained	66	0
drones	66	0
duct	66	0
echoes	66	0
emmett	66	0
englishman	66	0
enthusiastic	66	0
escapes	66	0
examiner	66	0
ferris	66	0
fiddle	66	0
finishes	66	0
fishermen	66	0
flats	66	0
flaw	66	0
fleeing	66	0
fleming	66	0
flexible	66	0
flyer	66	0
fragrance	66	0
francesca	66	0
fraternity	66	0
frequent	66	0
freud	66	0
funk	66	0
genie	66	0
giles	66	0
goo	66	0
grape	66	0
grinding	66	0
hacking	66	0
hag	66	0
hairdresser	66	0
harassing	66	0
hare	66	0
haunting	66	0
helicopters	66	0
hideout	66	0
holler	66	0
hoover	66	0
hopkins	66	0
hybrid	66	0
icy	66	0
iife	66	0
illinois	66	0
imbecile	66	0
imminent	66	0
imported	66	0
impressions	66	0
imprisonment	66	0
improving	66	0
incomplete	66	0
indicated	66	0
indulge	66	0
inhabitants	66	0
initiate	66	0
insensitive	66	0
intentionally	66	0
interpretation	66	0
interrogate	66	0
intimacy	66	0
irritating	66	0
isolate	66	0
janey	66	0
jensen	66	0
justified	66	0
kendall	66	0
kirsten	66	0
knockout	66	0
knuckles	66	0
kristen	66	0
lair	66	0
lea	66	0
licking	66	0
lindsey	66	0
louisiana	66	0
luc	66	0
lunchtime	66	0
manifest	66	0
margot	66	0
martian	66	0
masked	66	0
mateo	66	0
mckay	66	0
meadow	66	0
meditation	66	0
messiah	66	0
metallic	66	0
mischief	66	0
modelling	66	0
montreal	66	0
mornin	66	0
mosquito	66	0
movin	66	0
muddy	66	0
mumbles	66	0
mutt	66	0
nadine	66	0
nagging	66	0
napkin	66	0
needy	66	0
negotiation	66	0
nicked	66	0
nonetheless	66	0
norwegian	66	0
oklahoma	66	0
oprah	66	0
outrage	66	0
override	66	0
paranoia	66	0
parcel	66	0
paw	66	0
pea	66	0
pennies	66	0
pep	66	0
perez	66	0
persistent	66	0
petra	66	0
pillows	66	0
planting	66	0
plaster	66	0
playin	66	0
poetic	66	0
posh	66	0
precaution	66	0
prefers	66	0
printer	66	0
priorities	66	0
proceedings	66	0
programming	66	0
prominent	66	0
prosecute	66	0
pumps	66	0
qualify	66	0
refugee	66	0
reno	66	0
replacing	66	0
reviews	66	0
revolt	66	0
riders	66	0
ripper	66	0
ritchie	66	0
ro	66	0
rocco	66	0
roommates	66	0
rossi	66	0
safest	66	0
sails	66	0
samson	66	0
satellites	66	0
saturn	66	0
scroll	66	0
seldom	66	0
sentiment	66	0
sergio	66	0
silas	66	0
sim	66	0
skinner	66	0
skipping	66	0
slammed	66	0
solemn	66	0
solutions	66	0
spacecraft	66	0
sporting	66	0
staged	66	0
staircase	66	0
stalling	66	0
startled	66	0
steaks	66	0
stein	66	0
stepfather	66	0
steph	66	0
stephens	66	0
steroids	66	0
stuffing	66	0
styles	66	0
submitted	66	0
suction	66	0
symphony	66	0
syria	66	0
talbot	66	0
tao	66	0
tasks	66	0
temp	66	0
temples	66	0
tighten	66	0
titan	66	0
touchdown	66	0
trance	66	0
transcript	66	0
transported	66	0
traumatic	66	0
trivial	66	0
tucked	66	0
uncertain	66	0
venue	66	0
vey	66	0
viral	66	0
vitamins	66	0
volcanic	66	0
vouch	66	0
voyager	66	0
weighed	66	0
whatcha	66	0
whitey	66	0
witchcraft	66	0
withdrawn	66	0
wormhole	66	0
wrench	66	0
youngsters	66	0
yuki	66	0
yun	66	0
zen	66	0
absorb	65	0
acceptance	65	0
accessory	65	0
adele	65	0
adolf	65	0
afterlife	65	0
aiden	65	0
aires	65	0
aka	65	0
alfredo	65	0
allright	65	0
ambitions	65	0
amos	65	0
applies	65	0
authorization	65	0
baghdad	65	0
bao	65	0
barton	65	0
beads	65	0
beams	65	0
benedict	65	0
berries	65	0
blokes	65	0
bloodshed	65	0
boar	65	0
bogus	65	0
boiler	65	0
bombers	65	0
bonding	65	0
boredom	65	0
borrowing	65	0
bourgeois	65	0
bowls	65	0
bragging	65	0
brew	65	0
britney	65	0
bruising	65	0
brunette	65	0
bryant	65	0
Buddhist	65	0
buff	65	0
bulletin	65	0
bungalow	65	0
bursting	65	0
cairo	65	0
calibre	65	0
capitol	65	0
carolyn	65	0
cashier	65	0
cece	65	0
chained	65	0
challenger	65	0
chiefs	65	0
christie	65	0
clatter	65	0
clocks	65	0
coaching	65	0
cocksucker	65	0
colder	65	0
communicating	65	0
communism	65	0
compelling	65	0
compensate	65	0
concealed	65	0
concentrated	65	0
conclude	65	0
conditioning	65	0
cone	65	0
consume	65	0
contrast	65	0
convictions	65	0
copenhagen	65	0
counterfeit	65	0
crater	65	0
credits	65	0
crooks	65	0
csi	65	0
dandy	65	0
dart	65	0
davey	65	0
davies	65	0
decorations	65	0
deported	65	0
derby	65	0
desperation	65	0
detour	65	0
dickie	65	0
distribute	65	0
ditched	65	0
dolores	65	0
domain	65	0
doorman	65	0
doth	65	0
downhill	65	0
downs	65	0
dreamer	65	0
dresser	65	0
eccentric	65	0
edo	65	0
eduardo	65	0
efficiency	65	0
elias	65	0
emerald	65	0
entrusted	65	0
equality	65	0
ernesto	65	0
err	65	0
euro	65	0
ewing	65	0
exaggerating	65	0
exchanged	65	0
excused	65	0
explodes	65	0
extinction	65	0
factors	65	0
fatso	65	0
finances	65	0
firstly	65	0
fitted	65	0
flaming	65	0
flea	65	0
flipping	65	0
formidable	65	0
foryou	65	0
fractured	65	0
freight	65	0
gabby	65	0
gabi	65	0
gagging	65	0
gays	65	0
gel	65	0
gi	65	0
goldfish	65	0
golly	65	0
gomez	65	0
goodwill	65	0
grenades	65	0
gypsies	65	0
hae	65	0
hallucinations	65	0
hassle	65	0
heave	65	0
hippie	65	0
hiv	65	0
hooks	65	0
hopeful	65	0
hosting	65	0
hubby	65	0
hup	65	0
hurrah	65	0
hurray	65	0
illusions	65	0
immortality	65	0
incidentally	65	0
infamous	65	0
inferior	65	0
influential	65	0
ingenious	65	0
insert	65	0
inspect	65	0
instruction	65	0
insults	65	0
intervene	65	0
investments	65	0
invitations	65	0
irresistible	65	0
irving	65	0
jinx	65	0
joanne	65	0
jody	65	0
jonny	65	0
katy	65	0
kgb	65	0
kiki	65	0
knob	65	0
kyoto	65	0
kyung	65	0
lacks	65	0
lamps	65	0
laps	65	0
lass	65	0
launching	65	0
lays	65	0
leisure	65	0
lesser	65	0
lettuce	65	0
levi	65	0
liaison	65	0
lsn	65	0
lucille	65	0
lunar	65	0
luthor	65	0
maine	65	0
mammy	65	0
mandatory	65	0
marvel	65	0
maths	65	0
measuring	65	0
melon	65	0
memphis	65	0
menace	65	0
mentioning	65	0
merchants	65	0
mira	65	0
monstrous	65	0
moo	65	0
mu	65	0
nightingale	65	0
northeast	65	0
notices	65	0
odin	65	0
offender	65	0
offspring	65	0
oneself	65	0
origins	65	0
orion	65	0
osaka	65	0
outbreak	65	0
outsiders	65	0
ownership	65	0
pancake	65	0
parasite	65	0
parting	65	0
patent	65	0
patriot	65	0
pc	65	0
peacock	65	0
pedal	65	0
peed	65	0
penetrate	65	0
pepe	65	0
performer	65	0
periods	65	0
peru	65	0
peters	65	0
photographed	65	0
pits	65	0
pluck	65	0
polls	65	0
poof	65	0
portugal	65	0
practices	65	0
praised	65	0
precautions	65	0
premature	65	0
premier	65	0
preview	65	0
prisons	65	0
probability	65	0
procession	65	0
productive	65	0
profitable	65	0
prohibited	65	0
props	65	0
pyramids	65	0
qi	65	0
racial	65	0
randolph	65	0
raspberry	65	0
reactions	65	0
recruits	65	0
refined	65	0
rehearsals	65	0
remarks	65	0
representatives	65	0
resisting	65	0
retiring	65	0
rhymes	65	0
rightful	65	0
riots	65	0
rodrigo	65	0
rodriguez	65	0
rufus	65	0
ryder	65	0
salvage	65	0
salvatore	65	0
sauna	65	0
savannah	65	0
screening	65	0
sections	65	0
seduced	65	0
seller	65	0
sensed	65	0
shag	65	0
shalt	65	0
shankar	65	0
silently	65	0
slater	65	0
smiley	65	0
snapping	65	0
sneakers	65	0
snooping	65	0
sonja	65	0
southwest	65	0
sow	65	0
sparrow	65	0
spears	65	0
springfield	65	0
squire	65	0
stability	65	0
stables	65	0
stench	65	0
stokes	65	0
straining	65	0
strapped	65	0
strawberries	65	0
subconscious	65	0
suburbs	65	0
sully	65	0
supporters	65	0
surge	65	0
surgeons	65	0
surrendered	65	0
taps	65	0
tasting	65	0
teal	65	0
tee	65	0
teens	65	0
tempt	65	0
terrain	65	0
thanked	65	0
threatens	65	0
thrilling	65	0
timeline	65	0
ting	65	0
tit	65	0
titles	65	0
tobias	65	0
tolerance	65	0
tox	65	0
tracker	65	0
traveller	65	0
treacherous	65	0
trunks	65	0
turbo	65	0
turd	65	0
tweet	65	0
tyrant	65	0
uhm	65	0
underestimated	65	0
underpants	65	0
undone	65	0
undressed	65	0
uneasy	65	0
uranium	65	0
vertical	65	0
vi	65	0
vitamin	65	0
vocalizing	65	0
wand	65	0
warrants	65	0
weaknesses	65	0
webb	65	0
welcomed	65	0
wendell	65	0
whoop	65	0
windy	65	0
woken	65	0
wrestle	65	0
yelps	65	0
zac	65	0
zipper	65	0
abbott	64	0
abide	64	0
abyss	64	0
admirer	64	0
ae	64	0
agriculture	64	0
aigoo	64	0
algorithm	64	0
alistair	64	0
alzheimer	64	0
anal	64	0
ancestor	64	0
andreas	64	0
animation	64	0
anomaly	64	0
antiques	64	0
apes	64	0
applications	64	0
arsenal	64	0
assistants	64	0
astrid	64	0
attacker	64	0
attorneys	64	0
aubrey	64	0
audible	64	0
aurora	64	0
ave	64	0
awarded	64	0
awe	64	0
babysit	64	0
backward	64	0
ballroom	64	0
bandages	64	0
barker	64	0
basics	64	0
beggars	64	0
bein	64	0
betraying	64	0
bi	64	0
bien	64	0
billionaire	64	0
blaine	64	0
blasting	64	0
blaze	64	0
blur	64	0
bmw	64	0
bosom	64	0
bounced	64	0
boyle	64	0
bridal	64	0
brightest	64	0
brutally	64	0
burner	64	0
cackling	64	0
cadillac	64	0
captioning	64	0
cardboard	64	0
casket	64	0
cecilia	64	0
celestial	64	0
cetera	64	0
chamberlain	64	0
chant	64	0
chapman	64	0
chariot	64	0
cheesy	64	0
chemist	64	0
chico	64	0
chile	64	0
circling	64	0
circuits	64	0
circumstance	64	0
clam	64	0
clamp	64	0
clanking	64	0
classmate	64	0
cliffs	64	0
clink	64	0
cluster	64	0
cm	64	0
cockroach	64	0
columns	64	0
comfy	64	0
communion	64	0
competent	64	0
conquest	64	0
consulate	64	0
consumption	64	0
contemporary	64	0
contestant	64	0
cooperative	64	0
corny	64	0
cranky	64	0
creativity	64	0
czech	64	0
dane	64	0
daryl	64	0
decisive	64	0
decree	64	0
delia	64	0
descend	64	0
descended	64	0
describing	64	0
desmond	64	0
destroyer	64	0
digs	64	0
dinozzo	64	0
diploma	64	0
disciples	64	0
discovering	64	0
disrespectful	64	0
dominant	64	0
donuts	64	0
doughnut	64	0
dread	64	0
ducky	64	0
duration	64	0
earring	64	0
economics	64	0
eighty	64	0
elisabeth	64	0
elves	64	0
emmy	64	0
enchanted	64	0
endangered	64	0
endured	64	0
everlasting	64	0
extortion	64	0
faded	64	0
fairies	64	0
faults	64	0
fibre	64	0
financially	64	0
fluffy	64	0
foe	64	0
formality	64	0
formally	64	0
fortunes	64	0
fowler	64	0
frenchman	64	0
frickin	64	0
fuhrer	64	0
gala	64	0
gallons	64	0
geography	64	0
germs	64	0
grail	64	0
grandad	64	0
graphic	64	0
grieve	64	0
guarantees	64	0
guardians	64	0
gunpowder	64	0
gustav	64	0
handbag	64	0
handicapped	64	0
hanson	64	0
harlem	64	0
havoc	64	0
hayden	64	0
heater	64	0
heath	64	0
hesitation	64	0
hicks	64	0
hiking	64	0
hilary	64	0
Hindu	64	0
hisses	64	0
holder	64	0
honk	64	0
hooking	64	0
horribly	64	0
hugs	64	0
iceland	64	0
immoral	64	0
impulsive	64	0
inc	64	0
inject	64	0
injected	64	0
intensive	64	0
interpret	64	0
intimidated	64	0
iowa	64	0
irrational	64	0
isis	64	0
jaime	64	0
jamaica	64	0
jeremiah	64	0
jog	64	0
jojo	64	0
josephine	64	0
journalism	64	0
junction	64	0
katya	64	0
kimble	64	0
kip	64	0
klein	64	0
labels	64	0
laden	64	0
lasting	64	0
layout	64	0
lectures	64	0
leftovers	64	0
leroy	64	0
lesbians	64	0
liberated	64	0
liverpool	64	0
logo	64	0
lotta	64	0
lupin	64	0
malibu	64	0
manages	64	0
maneuver	64	0
marcia	64	0
marcos	64	0
margo	64	0
marlene	64	0
marlon	64	0
marries	64	0
marrow	64	0
massachusetts	64	0
mathematical	64	0
mating	64	0
melancholy	64	0
melvin	64	0
merge	64	0
metropolis	64	0
meyer	64	0
mid	64	0
midget	64	0
millennium	64	0
minority	64	0
miraculous	64	0
modified	64	0
molecules	64	0
momentum	64	0
monitors	64	0
moons	64	0
mort	64	0
motors	64	0
mounted	64	0
nag	64	0
nearer	64	0
networks	64	0
neural	64	0
neville	64	0
nineteen	64	0
nino	64	0
nip	64	0
nominated	64	0
norris	64	0
nosy	64	0
offshore	64	0
onstage	64	0
ooo	64	0
opponents	64	0
ordeal	64	0
organizing	64	0
outlaw	64	0
pads	64	0
parenting	64	0
parsons	64	0
pasha	64	0
paws	64	0
penguins	64	0
pens	64	0
personalities	64	0
phenomenal	64	0
pip	64	0
pisses	64	0
poets	64	0
pollution	64	0
popularity	64	0
portable	64	0
postman	64	0
preaching	64	0
prescribed	64	0
prizes	64	0
professionally	64	0
puppets	64	0
pursued	64	0
rae	64	0
rained	64	0
receptionist	64	0
redhead	64	0
rejoice	64	0
remark	64	0
remarkably	64	0
renaissance	64	0
renting	64	0
reserves	64	0
respectful	64	0
revive	64	0
rewrite	64	0
rhonda	64	0
rim	64	0
rivals	64	0
roasted	64	0
robberies	64	0
rouge	64	0
roxy	64	0
rural	64	0
sacked	64	0
salsa	64	0
sarcastic	64	0
scalpel	64	0
scanning	64	0
screeches	64	0
senseless	64	0
settles	64	0
seymour	64	0
sheridan	64	0
shithead	64	0
shortage	64	0
shred	64	0
sicily	64	0
siegfried	64	0
simultaneously	64	0
sinned	64	0
sittin	64	0
sizes	64	0
sketches	64	0
skulls	64	0
skunk	64	0
slay	64	0
sleigh	64	0
smug	64	0
sparkling	64	0
sphere	64	0
splinter	64	0
squeezed	64	0
squirt	64	0
stance	64	0
stared	64	0
stargate	64	0
stashed	64	0
stepmother	64	0
strangest	64	0
subpoena	64	0
subtitle	64	0
sundown	64	0
supposing	64	0
surname	64	0
surroundings	64	0
survives	64	0
suv	64	0
swearing	64	0
sweetness	64	0
sylvester	64	0
symbolic	64	0
tags	64	0
tar	64	0
telegraph	64	0
tendency	64	0
terrence	64	0
texture	64	0
theater	64	0
thermal	64	0
thingy	64	0
thumping	64	0
tiring	64	0
toto	64	0
transit	64	0
transporter	64	0
tremble	64	0
underway	64	0
unfaithful	64	0
unlimited	64	0
unnatural	64	0
unprecedented	64	0
upgrade	64	0
usher	64	0
va	64	0
vargas	64	0
victorious	64	0
videotape	64	0
vinegar	64	0
virgins	64	0
viva	64	0
wails	64	0
wedded	64	0
weighing	64	0
wellington	64	0
whinnies	64	0
wi	64	0
wimp	64	0
wisconsin	64	0
withstand	64	0
wrapping	64	0
yank	64	0
yong	64	0
absorbed	63	0
ac	63	0
acknowledged	63	0
adapted	63	0
adios	63	0
adultery	63	0
aerial	63	0
aging	63	0
agitated	63	0
airlines	63	0
airplanes	63	0
akira	63	0
alarmed	63	0
albums	63	0
alexandra	63	0
allegedly	63	0
allergies	63	0
alligator	63	0
amateurs	63	0
ames	63	0
amuse	63	0
announcing	63	0
antenna	63	0
anya	63	0
applaud	63	0
appoint	63	0
array	63	0
artifacts	63	0
assign	63	0
assignments	63	0
attaboy	63	0
attendance	63	0
auspicious	63	0
axel	63	0
badger	63	0
bai	63	0
balanced	63	0
bankers	63	0
bankruptcy	63	0
baroness	63	0
barren	63	0
becker	63	0
beforehand	63	0
behavior	63	0
bending	63	0
bennet	63	0
bentley	63	0
bertie	63	0
bess	63	0
blames	63	0
blush	63	0
boarded	63	0
bodyguards	63	0
bookstore	63	0
boundary	63	0
bounds	63	0
bruised	63	0
bu	63	0
builder	63	0
bums	63	0
bundy	63	0
businessmen	63	0
calories	63	0
cartoons	63	0
casa	63	0
castro	63	0
catalina	63	0
catering	63	0
cecil	63	0
centres	63	0
cheater	63	0
chic	63	0
chinatown	63	0
chum	63	0
chump	63	0
clacking	63	0
clash	63	0
clause	63	0
clinking	63	0
coaster	63	0
commanded	63	0
comparing	63	0
comply	63	0
composer	63	0
confrontation	63	0
continental	63	0
continuous	63	0
cornered	63	0
councilman	63	0
covert	63	0
cox	63	0
credentials	63	0
creeping	63	0
crichton	63	0
criticise	63	0
cruiser	63	0
crusade	63	0
cuddle	63	0
cuisine	63	0
cyber	63	0
darts	63	0
decay	63	0
decorate	63	0
decoy	63	0
defect	63	0
defender	63	0
deliveries	63	0
deploy	63	0
deposition	63	0
derrick	63	0
dire	63	0
dirk	63	0
discoveries	63	0
disgusted	63	0
dishonest	63	0
distinction	63	0
dixie	63	0
doggie	63	0
dominate	63	0
dominated	63	0
donations	63	0
drought	63	0
dum	63	0
dumbass	63	0
dung	63	0
edit	63	0
educate	63	0
egyptians	63	0
eliot	63	0
ethical	63	0
eu	63	0
evolve	63	0
examining	63	0
executioner	63	0
exploration	63	0
exposing	63	0
expressing	63	0
eyeballs	63	0
failures	63	0
fertile	63	0
firearms	63	0
flaws	63	0
flooding	63	0
flyers	63	0
folded	63	0
forgave	63	0
forgiving	63	0
forrest	63	0
fractures	63	0
francois	63	0
frat	63	0
freshen	63	0
fudge	63	0
funerals	63	0
furnace	63	0
gallant	63	0
garland	63	0
gavel	63	0
gears	63	0
gon	63	0
goody	63	0
goofy	63	0
graffiti	63	0
handshake	63	0
hansen	63	0
havana	63	0
hawaiian	63	0
headphones	63	0
hetty	63	0
hiccup	63	0
howie	63	0
howl	63	0
hums	63	0
hungary	63	0
hypothesis	63	0
identities	63	0
index	63	0
initiated	63	0
insignificant	63	0
institutions	63	0
intensity	63	0
invites	63	0
ivory	63	0
jackets	63	0
jacqueline	63	0
jarvis	63	0
jennings	63	0
jogging	63	0
johan	63	0
jp	63	0
jumbo	63	0
justine	63	0
kayla	63	0
kimmy	63	0
klingon	63	0
kristin	63	0
ladyship	63	0
langley	63	0
lengths	63	0
lever	63	0
lifts	63	0
limitations	63	0
linen	63	0
lingerie	63	0
lorna	63	0
lorry	63	0
lotion	63	0
lovin	63	0
lucien	63	0
luigi	63	0
lured	63	0
lurking	63	0
mace	63	0
maintained	63	0
maintaining	63	0
malfunction	63	0
mandarin	63	0
mango	63	0
maple	63	0
marcy	63	0
marley	63	0
mashed	63	0
mccarthy	63	0
mellow	63	0
memorable	63	0
memorise	63	0
mexicans	63	0
miniature	63	0
minnesota	63	0
minnie	63	0
moan	63	0
mosquitoes	63	0
moth	63	0
motorbike	63	0
mouthing	63	0
mp	63	0
mri	63	0
mutiny	63	0
mystical	63	0
neglect	63	0
newborn	63	0
nicola	63	0
nightfall	63	0
nipple	63	0
noose	63	0
obligations	63	0
oddly	63	0
offenders	63	0
olives	63	0
omen	63	0
opposing	63	0
organisations	63	0
overdue	63	0
panama	63	0
paragraph	63	0
parted	63	0
patriotic	63	0
patrols	63	0
permits	63	0
pest	63	0
pierced	63	0
pitching	63	0
plantation	63	0
pools	63	0
pornography	63	0
porridge	63	0
posse	63	0
prem	63	0
protocols	63	0
providence	63	0
quadrant	63	0
ramsey	63	0
rand	63	0
rattles	63	0
raul	63	0
reacted	63	0
receives	63	0
recon	63	0
regent	63	0
regions	63	0
relentless	63	0
reluctant	63	0
rembrandt	63	0
representation	63	0
researchers	63	0
resumes	63	0
retain	63	0
reversed	63	0
righty	63	0
rotation	63	0
royce	63	0
russo	63	0
rust	63	0
sai	63	0
satisfying	63	0
scatter	63	0
scholars	63	0
screens	63	0
screwdriver	63	0
seafood	63	0
sedative	63	0
seniors	63	0
shaky	63	0
shaman	63	0
shaolin	63	0
shaun	63	0
shelves	63	0
shivering	63	0
showtime	63	0
siberia	63	0
signor	63	0
skirts	63	0
slade	63	0
slayer	63	0
slides	63	0
slime	63	0
sloane	63	0
slogan	63	0
smuggled	63	0
snoop	63	0
snowing	63	0
solely	63	0
sonar	63	0
soviets	63	0
span	63	0
sparkle	63	0
spectrum	63	0
spelled	63	0
splashing	63	0
subs	63	0
superficial	63	0
superstitious	63	0
supervision	63	0
supplied	63	0
syndicate	63	0
synthetic	63	0
tasha	63	0
technician	63	0
tenderness	63	0
testicles	63	0
thatcher	63	0
thea	63	0
theta	63	0
thine	63	0
thinner	63	0
thornton	63	0
tiles	63	0
timber	63	0
titties	63	0
titus	63	0
toaster	63	0
toothpaste	63	0
transmit	63	0
trend	63	0
trinity	63	0
tripping	63	0
trustworthy	63	0
tug	63	0
twinkle	63	0
uncles	63	0
uncover	63	0
unexpectedly	63	0
unicorn	63	0
unpack	63	0
unreal	63	0
uptown	63	0
urn	63	0
valued	63	0
velocity	63	0
viable	63	0
viewing	63	0
vin	63	0
vine	63	0
violate	63	0
vivid	63	0
voluntarily	63	0
waffles	63	0
waterfall	63	0
weeds	63	0
welsh	63	0
wen	63	0
werner	63	0
winding	63	0
windshield	63	0
workplace	63	0
yikes	63	0
yoko	63	0
zhao	63	0
ziggy	63	0
abandoning	62	0
abbot	62	0
accepts	62	0
accounted	62	0
aces	62	0
addicts	62	0
admiration	62	0
adored	62	0
afar	62	0
ahn	62	0
alfie	62	0
amazingly	62	0
ambushed	62	0
amulet	62	0
analyst	62	0
anguish	62	0
anthem	62	0
antony	62	0
archbishop	62	0
aria	62	0
assess	62	0
athena	62	0
aura	62	0
awaken	62	0
aya	62	0
baldwin	62	0
ballard	62	0
barnaby	62	0
batting	62	0
battling	62	0
beauties	62	0
belgian	62	0
bethany	62	0
biblical	62	0
blondie	62	0
blossoms	62	0
bolts	62	0
bradford	62	0
brats	62	0
breaker	62	0
bribes	62	0
brighton	62	0
brutality	62	0
buckets	62	0
budge	62	0
buds	62	0
cages	62	0
canary	62	0
caress	62	0
casper	62	0
casualty	62	0
catastrophic	62	0
certified	62	0
chanel	62	0
characteristics	62	0
chateau	62	0
cid	62	0
cleanse	62	0
clifford	62	0
climax	62	0
cling	62	0
colombia	62	0
colonial	62	0
competitor	62	0
components	62	0
constance	62	0
consumer	62	0
convertible	62	0
corinne	62	0
corrupted	62	0
craving	62	0
credible	62	0
crockett	62	0
crowley	62	0
crowns	62	0
cum	62	0
cupid	62	0
currents	62	0
cyanide	62	0
davy	62	0
deceiving	62	0
declined	62	0
deployed	62	0
deposits	62	0
describes	62	0
detonator	62	0
Dev	62	0
developments	62	0
devlin	62	0
dew	62	0
diarrhea	62	0
digest	62	0
digger	62	0
disciple	62	0
disneyland	62	0
disregard	62	0
distinctive	62	0
distracting	62	0
distributed	62	0
diver	62	0
downloaded	62	0
dumplings	62	0
duplicate	62	0
dusk	62	0
earthly	62	0
earthquakes	62	0
edited	62	0
elbows	62	0
electromagnetic	62	0
elevated	62	0
eligible	62	0
embedded	62	0
emptied	62	0
encouragement	62	0
enlisted	62	0
enrique	62	0
eta	62	0
evacuated	62	0
everett	62	0
exaggerated	62	0
exclusively	62	0
exhaust	62	0
explanations	62	0
extraction	62	0
eyesight	62	0
famine	62	0
fe	62	0
fearful	62	0
fertility	62	0
fitness	62	0
fitzgerald	62	0
flap	62	0
fong	62	0
fraction	62	0
fragment	62	0
frau	62	0
gaby	62	0
gallows	62	0
gateway	62	0
glitter	62	0
goddamned	62	0
godzilla	62	0
goggles	62	0
goon	62	0
granger	62	0
gravitational	62	0
guido	62	0
guild	62	0
habitat	62	0
hamburg	62	0
hana	62	0
harlan	62	0
harp	62	0
hawkeye	62	0
hedge	62	0
helm	62	0
hikaru	62	0
hilton	62	0
hiroshi	62	0
hive	62	0
hoax	62	0
homey	62	0
homie	62	0
horrific	62	0
hubert	62	0
hwa	62	0
indictment	62	0
indoors	62	0
ing	62	0
inhale	62	0
insisting	62	0
intends	62	0
intercepted	62	0
intersection	62	0
intrigued	62	0
irina	62	0
isle	62	0
jacks	62	0
janine	62	0
joins	62	0
jt	62	0
jug	62	0
kari	62	0
kensi	62	0
kg	62	0
kiddin	62	0
kylie	62	0
landlady	62	0
largely	62	0
lasagna	62	0
leaks	62	0
leela	62	0
lennox	62	0
librarian	62	0
lizzy	62	0
luisa	62	0
lyon	62	0
managers	62	0
marbles	62	0
marched	62	0
margin	62	0
mariana	62	0
maura	62	0
measurements	62	0
meatballs	62	0
merger	62	0
messes	62	0
missouri	62	0
misty	62	0
modesty	62	0
molecular	62	0
moran	62	0
morocco	62	0
mt	62	0
muck	62	0
muffins	62	0
mustang	62	0
mystic	62	0
nada	62	0
nashville	62	0
navigation	62	0
nerds	62	0
nile	62	0
obnoxious	62	0
obscene	62	0
obscure	62	0
oracle	62	0
orson	62	0
outdoor	62	0
outdoors	62	0
oyster	62	0
pavement	62	0
peeing	62	0
perpetrator	62	0
philippines	62	0
pillar	62	0
platinum	62	0
posting	62	0
preferably	62	0
presently	62	0
prevail	62	0
progressive	62	0
projector	62	0
proportion	62	0
provisions	62	0
provoked	62	0
puck	62	0
pulp	62	0
puzzles	62	0
quantity	62	0
raided	62	0
rails	62	0
raping	62	0
raquel	62	0
ratio	62	0
Ravi	62	0
reaper	62	0
refill	62	0
reflected	62	0
refund	62	0
regarded	62	0
relic	62	0
removal	62	0
renowned	62	0
republicans	62	0
resemble	62	0
rested	62	0
revoir	62	0
rhino	62	0
rites	62	0
robbins	62	0
rooftop	62	0
rubbed	62	0
rubble	62	0
rugby	62	0
ryo	62	0
sacks	62	0
saddam	62	0
saliva	62	0
sap	62	0
sarcasm	62	0
saucer	62	0
scalp	62	0
sdh	62	0
seemingly	62	0
sensitivity	62	0
serge	62	0
shifted	62	0
shifting	62	0
shillings	62	0
shite	62	0
shogun	62	0
shuffle	62	0
sidekick	62	0
signora	62	0
sincerity	62	0
singles	62	0
sizzling	62	0
skates	62	0
slumber	62	0
smuggle	62	0
sneeze	62	0
sniffling	62	0
snorting	62	0
soaking	62	0
socially	62	0
sodium	62	0
solidarity	62	0
spade	62	0
speeds	62	0
speedy	62	0
sponsored	62	0
squared	62	0
stained	62	0
starter	62	0
stat	62	0
steward	62	0
stewie	62	0
sticker	62	0
strengthen	62	0
strokes	62	0
struggles	62	0
suffice	62	0
suitcases	62	0
superstition	62	0
supplier	62	0
suppress	62	0
suspend	62	0
syringe	62	0
tamara	62	0
tanaka	62	0
tattooed	62	0
tents	62	0
thump	62	0
tofu	62	0
trajectory	62	0
transparent	62	0
trashed	62	0
trenches	62	0
troublesome	62	0
tung	62	0
ultrasound	62	0
unclear	62	0
unstoppable	62	0
upcoming	62	0
veal	62	0
vegan	62	0
veterans	62	0
vibrates	62	0
Vijay	62	0
vinci	62	0
viper	62	0
vitals	62	0
vulcan	62	0
wagons	62	0
walkin	62	0
warmed	62	0
watchman	62	0
watermelon	62	0
weave	62	0
weston	62	0
whacked	62	0
wheezing	62	0
whim	62	0
whispered	62	0
wiggle	62	0
wildly	62	0
winchester	62	0
wiping	62	0
witty	62	0
woah	62	0
wonderfully	62	0
wraith	62	0
zap	62	0
zebra	62	0
abs	61	0
accordingly	61	0
adequate	61	0
adjustment	61	0
administrator	61	0
advertisement	61	0
allergy	61	0
alphabet	61	0
aluminium	61	0
alvarez	61	0
ami	61	0
analysed	61	0
andrei	61	0
angelica	61	0
angelina	61	0
annette	61	0
anticipate	61	0
apache	61	0
appalling	61	0
appeals	61	0
arabia	61	0
arcade	61	0
arsehole	61	0
arturo	61	0
austrian	61	0
bach	61	0
backseat	61	0
baek	61	0
barefoot	61	0
bathrooms	61	0
baton	61	0
bc	61	0
beak	61	0
blacksmith	61	0
blanks	61	0
bleach	61	0
boner	61	0
bono	61	0
booing	61	0
braces	61	0
bros	61	0
bulletproof	61	0
caffeine	61	0
calmed	61	0
camilla	61	0
candace	61	0
canoe	61	0
capitalism	61	0
cappuccino	61	0
cara	61	0
carving	61	0
cavity	61	0
cawing	61	0
cerebral	61	0
cesare	61	0
chaotic	61	0
charade	61	0
charleston	61	0
chirps	61	0
chrissy	61	0
chute	61	0
comfortably	61	0
commentator	61	0
commonwealth	61	0
comprehend	61	0
concentrating	61	0
confidentiality	61	0
construct	61	0
coordinate	61	0
coronation	61	0
correspondence	61	0
crackles	61	0
crates	61	0
crest	61	0
crumbs	61	0
ctu	61	0
cucumber	61	0
cushion	61	0
cutest	61	0
defenses	61	0
demise	61	0
democrats	61	0
demonic	61	0
deprived	61	0
descendants	61	0
devote	61	0
dictate	61	0
dictator	61	0
differ	61	0
dioxide	61	0
disastrous	61	0
divers	61	0
dominique	61	0
donatello	61	0
doubles	61	0
drafted	61	0
drastic	61	0
drugstore	61	0
dubois	61	0
dumps	61	0
embraced	61	0
encounters	61	0
enlightenment	61	0
envious	61	0
enzo	61	0
errors	61	0
espresso	61	0
everest	61	0
exceptions	61	0
fanfare	61	0
farting	61	0
fashionable	61	0
fasten	61	0
felicia	61	0
felipe	61	0
fences	61	0
finland	61	0
firewood	61	0
flashes	61	0
florrick	61	0
folder	61	0
foolishness	61	0
forecast	61	0
foremost	61	0
forum	61	0
frames	61	0
franchise	61	0
frying	61	0
fumes	61	0
fungus	61	0
futile	61	0
galileo	61	0
gals	61	0
gardening	61	0
geese	61	0
genetically	61	0
gertrude	61	0
gestures	61	0
giggle	61	0
giorgio	61	0
glamour	61	0
glued	61	0
godmother	61	0
goliath	61	0
graduating	61	0
gram	61	0
gramps	61	0
grandchild	61	0
greenhouse	61	0
growl	61	0
gunman	61	0
hallo	61	0
hallowed	61	0
halo	61	0
hangar	61	0
hardship	61	0
hast	61	0
highlight	61	0
hobbies	61	0
hodgins	61	0
horrors	61	0
hosts	61	0
hugged	61	0
icon	61	0
icu	61	0
ifs	61	0
immigrant	61	0
imperative	61	0
implant	61	0
import	61	0
impotent	61	0
improvise	61	0
inconvenient	61	0
insured	61	0
internship	61	0
interpreter	61	0
interviewer	61	0
intimidating	61	0
intrude	61	0
inventor	61	0
itching	61	0
jiang	61	0
jing	61	0
joyful	61	0
joys	61	0
karin	61	0
kinky	61	0
knitting	61	0
ledge	61	0
leigh	61	0
lemonis	61	0
lenses	61	0
lineup	61	0
linus	61	0
livestock	61	0
lockhart	61	0
lonnie	61	0
loretta	61	0
macy	61	0
mammals	61	0
manufacturing	61	0
mari	61	0
marx	61	0
maryland	61	0
mascot	61	0
mash	61	0
maternity	61	0
matron	61	0
mc	61	0
michaels	61	0
microscope	61	0
minimal	61	0
misha	61	0
mitzvah	61	0
module	61	0
monique	61	0
monopoly	61	0
mortals	61	0
morty	61	0
munch	61	0
naming	61	0
neighbor	61	0
nellie	61	0
neptune	61	0
nets	61	0
nikolai	61	0
nobles	61	0
nomination	61	0
novak	61	0
obedient	61	0
observer	61	0
obstruction	61	0
opener	61	0
organism	61	0
outnumbered	61	0
output	61	0
overlook	61	0
overlooked	61	0
overly	61	0
overruled	61	0
partially	61	0
peers	61	0
peppers	61	0
persian	61	0
pfft	61	0
pharmaceutical	61	0
picard	61	0
picky	61	0
pinched	61	0
pioneer	61	0
pipeline	61	0
pitt	61	0
pizzas	61	0
platter	61	0
playful	61	0
plunge	61	0
pluto	61	0
polished	61	0
pong	61	0
ponies	61	0
pooh	61	0
postponed	61	0
powered	61	0
presidency	61	0
presidents	61	0
princeton	61	0
proceeding	61	0
proudly	61	0
puddle	61	0
puncture	61	0
pup	61	0
qin	61	0
qing	61	0
quits	61	0
ramirez	61	0
rating	61	0
rations	61	0
raving	61	0
reasoning	61	0
reconstruction	61	0
recruiting	61	0
redeem	61	0
reds	61	0
regulation	61	0
ren	61	0
requirements	61	0
reschedule	61	0
respectfully	61	0
retail	61	0
reunited	61	0
rewards	61	0
rightly	61	0
roberta	61	0
rollin	61	0
rosy	61	0
rows	61	0
rut	61	0
rye	61	0
sabine	61	0
satisfactory	61	0
saunders	61	0
scarce	61	0
scarecrow	61	0
sect	61	0
segment	61	0
sensing	61	0
siobhan	61	0
sirs	61	0
skeletons	61	0
skins	61	0
slamming	61	0
sleeper	61	0
sliced	61	0
slowed	61	0
snickers	61	0
sookie	61	0
sora	61	0
sorority	61	0
spades	61	0
spank	61	0
spoiling	61	0
spouse	61	0
spree	61	0
squares	61	0
squeak	61	0
squeezing	61	0
ssh	61	0
stag	61	0
stale	61	0
starship	61	0
stig	61	0
stiles	61	0
straightened	61	0
strung	61	0
stuffy	61	0
stuttering	61	0
sums	61	0
suzie	61	0
suzy	61	0
swam	61	0
sweeter	61	0
switches	61	0
sybil	61	0
tabs	61	0
tacos	61	0
tactic	61	0
tainted	61	0
tangled	61	0
teamwork	61	0
temporal	61	0
terminate	61	0
terminated	61	0
territories	61	0
tesla	61	0
textbook	61	0
thorne	61	0
threesome	61	0
thrive	61	0
throttle	61	0
ti	61	0
tinker	61	0
titans	61	0
tolling	61	0
tones	61	0
trader	61	0
transferring	61	0
trophies	61	0
tsar	61	0
twisting	61	0
tyranny	61	0
ukraine	61	0
unsolved	61	0
unwell	61	0
uphold	61	0
users	61	0
utah	61	0
vaguely	61	0
verbal	61	0
vermont	61	0
vito	61	0
viv	61	0
vlad	61	0
volcanoes	61	0
vultures	61	0
wai	61	0
wallpaper	61	0
walton	61	0
watts	61	0
weights	61	0
xi	61	0
yates	61	0
zelda	61	0
ziva	61	0
abdominal	60	0
abdul	60	0
abstract	60	0
abusing	60	0
abusive	60	0
accountable	60	0
aching	60	0
actresses	60	0
admiring	60	0
agricultural	60	0
aide	60	0
aloud	60	0
amar	60	0
amused	60	0
anarchy	60	0
andi	60	0
android	60	0
anyplace	60	0
appreciates	60	0
aquarium	60	0
archive	60	0
arranging	60	0
artifact	60	0
ashtray	60	0
astray	60	0
attracts	60	0
aunts	60	0
automated	60	0
avengers	60	0
bagel	60	0
banjo	60	0
barbarians	60	0
basin	60	0
bedside	60	0
bigfoot	60	0
blackmailed	60	0
blazing	60	0
blinds	60	0
blueprints	60	0
booming	60	0
borg	60	0
boxers	60	0
bracelets	60	0
bred	60	0
brewster	60	0
brigadier	60	0
bugged	60	0
bullies	60	0
caldwell	60	0
camelot	60	0
captains	60	0
carroll	60	0
casing	60	0
cassette	60	0
caste	60	0
cc	60	0
cds	60	0
ch	60	0
chaplain	60	0
charitable	60	0
cheyenne	60	0
circumstantial	60	0
cloudy	60	0
clover	60	0
coalition	60	0
cockpit	60	0
cola	60	0
columbo	60	0
commissioned	60	0
component	60	0
concerts	60	0
cons	60	0
constantine	60	0
constitutional	60	0
containment	60	0
controller	60	0
conway	60	0
cooing	60	0
corrections	60	0
covenant	60	0
cramp	60	0
crossroads	60	0
crowned	60	0
cruising	60	0
cursing	60	0
daria	60	0
darlene	60	0
dat	60	0
dealings	60	0
decks	60	0
decoration	60	0
delusions	60	0
designing	60	0
detonate	60	0
dialect	60	0
dimitri	60	0
dina	60	0
disclose	60	0
discussions	60	0
dishwasher	60	0
disobey	60	0
divisions	60	0
donut	60	0
dos	60	0
dramatically	60	0
drying	60	0
dudley	60	0
dunk	60	0
dunn	60	0
edwin	60	0
emerson	60	0
energetic	60	0
engaging	60	0
enterprises	60	0
entity	60	0
erection	60	0
ernst	60	0
espionage	60	0
experimenting	60	0
explorer	60	0
extras	60	0
farce	60	0
fatigue	60	0
fay	60	0
feat	60	0
fishes	60	0
flavors	60	0
flop	60	0
flushed	60	0
foley	60	0
folly	60	0
forfeit	60	0
forgery	60	0
founding	60	0
functional	60	0
funniest	60	0
gaming	60	0
gases	60	0
gauge	60	0
genesis	60	0
geniuses	60	0
ghastly	60	0
git	60	0
goblin	60	0
gonzalo	60	0
graceful	60	0
grad	60	0
grande	60	0
gras	60	0
gravel	60	0
greens	60	0
grin	60	0
groovy	60	0
grub	60	0
gruesome	60	0
guides	60	0
guiding	60	0
gunnar	60	0
gurgling	60	0
hades	60	0
haha	60	0
hamster	60	0
hangin	60	0
heartbroken	60	0
hedgehog	60	0
helper	60	0
henrik	60	0
hera	60	0
herald	60	0
hk	60	0
hmph	60	0
hollis	60	0
hooting	60	0
hopper	60	0
horsepower	60	0
hoss	60	0
howls	60	0
huck	60	0
humility	60	0
hydra	60	0
hygiene	60	0
incense	60	0
incorrect	60	0
indifferent	60	0
infinity	60	0
informer	60	0
infrared	60	0
inhuman	60	0
intimidate	60	0
intro	60	0
intrusion	60	0
invaders	60	0
investing	60	0
investor	60	0
ip	60	0
iq	60	0
irregular	60	0
irs	60	0
jaguar	60	0
jamming	60	0
japs	60	0
jerking	60	0
johnnie	60	0
jumpy	60	0
kangaroo	60	0
kappa	60	0
kelso	60	0
kenya	60	0
kittens	60	0
klinger	60	0
knickers	60	0
krystle	60	0
lark	60	0
lasers	60	0
lassie	60	0
lau	60	0
lavender	60	0
leland	60	0
lenin	60	0
lest	60	0
licked	60	0
lifelong	60	0
lili	60	0
lilith	60	0
locke	60	0
locket	60	0
loony	60	0
lorelai	60	0
lowly	60	0
lullaby	60	0
luncheon	60	0
magda	60	0
marital	60	0
masculine	60	0
metropolitan	60	0
mil	60	0
minded	60	0
misplaced	60	0
missionary	60	0
moist	60	0
mortimer	60	0
mugged	60	0
muse	60	0
mythology	60	0
nausea	60	0
nauseous	60	0
neighbors	60	0
neighing	60	0
ninety	60	0
nitrogen	60	0
nobility	60	0
oasis	60	0
obedience	60	0
oleg	60	0
olivier	60	0
omelet	60	0
orgy	60	0
oriental	60	0
orientation	60	0
outlet	60	0
ozzy	60	0
painkillers	60	0
paints	60	0
pantry	60	0
parameters	60	0
parasites	60	0
pascal	60	0
patti	60	0
pear	60	0
pearson	60	0
peeping	60	0
penance	60	0
pencils	60	0
photographers	60	0
physicist	60	0
pianist	60	0
pictured	60	0
piles	60	0
pilgrimage	60	0
pilgrims	60	0
pistols	60	0
pitched	60	0
pleading	60	0
plugged	60	0
politely	60	0
poll	60	0
posed	60	0
postal	60	0
practising	60	0
prairie	60	0
prehistoric	60	0
preoccupied	60	0
preposterous	60	0
prestige	60	0
pretends	60	0
primarily	60	0
professors	60	0
protestant	60	0
protesting	60	0
prue	60	0
randomly	60	0
raoul	60	0
rave	60	0
reassuring	60	0
recipes	60	0
recital	60	0
recognizes	60	0
refrain	60	0
releases	60	0
relying	60	0
render	60	0
rendered	60	0
renounce	60	0
rescuing	60	0
researching	60	0
resentment	60	0
resource	60	0
resulted	60	0
reyes	60	0
rhythmic	60	0
rift	60	0
riggs	60	0
risotto	60	0
rite	60	0
robby	60	0
rocked	60	0
roxanne	60	0
rung	60	0
sacrificing	60	0
sakura	60	0
salvador	60	0
sanity	60	0
saudi	60	0
schemes	60	0
scoot	60	0
scramble	60	0
seaside	60	0
seventy	60	0
sham	60	0
sharpe	60	0
shay	60	0
shen	60	0
shutters	60	0
silvia	60	0
simulation	60	0
sinful	60	0
slapping	60	0
slimy	60	0
smear	60	0
sneezes	60	0
snot	60	0
sorcerer	60	0
sorting	60	0
speechless	60	0
spleen	60	0
spoils	60	0
spoilt	60	0
sprung	60	0
starvation	60	0
stealth	60	0
sterile	60	0
stirred	60	0
stretcher	60	0
stylish	60	0
suffocating	60	0
summons	60	0
suspense	60	0
sven	60	0
swears	60	0
sylvie	60	0
tacky	60	0
theoretically	60	0
tile	60	0
touchy	60	0
tram	60	0
treachery	60	0
tribunal	60	0
troupe	60	0
truthful	60	0
truthfully	60	0
truths	60	0
tsunami	60	0
tyre	60	0
und	60	0
underage	60	0
unions	60	0
unleash	60	0
unreliable	60	0
unseen	60	0
unwanted	60	0
updated	60	0
vector	60	0
vermin	60	0
victorian	60	0
vikings	60	0
vinny	60	0
violating	60	0
violently	60	0
voila	60	0
vulture	60	0
wedge	60	0
wench	60	0
whines	60	0
whipping	60	0
wilkes	60	0
willard	60	0
wilma	60	0
wiring	60	0
wisely	60	0
worf	60	0
wrestler	60	0
yearbook	60	0
yearning	60	0
yonder	60	0
youse	60	0
zane	60	0
zones	60	0
ab	59	0
accommodate	59	0
accord	59	0
accuracy	59	0
adjusting	59	0
administrative	59	0
admits	59	0
adriana	59	0
alfonso	59	0
alimony	59	0
alonso	59	0
ambrose	59	0
amir	59	0
andromeda	59	0
anticipation	59	0
apiece	59	0
aroused	59	0
aryan	59	0
assassinated	59	0
attachment	59	0
audiences	59	0
awakened	59	0
badges	59	0
bailiff	59	0
bawk	59	0
belinda	59	0
berkeley	59	0
bernadette	59	0
bette	59	0
biggie	59	0
binding	59	0
binoculars	59	0
birmingham	59	0
bitterness	59	0
blackie	59	0
blinking	59	0
bodily	59	0
bonnet	59	0
booby	59	0
boulder	59	0
bowman	59	0
bribed	59	0
broccoli	59	0
brook	59	0
buckley	59	0
budapest	59	0
buggy	59	0
bullock	59	0
bursts	59	0
bygones	59	0
cabaret	59	0
cactus	59	0
camouflage	59	0
casually	59	0
cello	59	0
cellular	59	0
charcoal	59	0
cheats	59	0
cheetah	59	0
chewed	59	0
chiu	59	0
chord	59	0
circular	59	0
civic	59	0
clams	59	0
classics	59	0
cleans	59	0
clips	59	0
colon	59	0
colossal	59	0
compassionate	59	0
concierge	59	0
confinement	59	0
conflicts	59	0
considers	59	0
containers	59	0
continents	59	0
cooperating	59	0
cosmo	59	0
costing	59	0
cpr	59	0
crave	59	0
crispy	59	0
crotch	59	0
cubes	59	0
curl	59	0
curses	59	0
daleks	59	0
damaging	59	0
damian	59	0
dangerously	59	0
defendants	59	0
delegation	59	0
delivers	59	0
delusion	59	0
demonstrated	59	0
denies	59	0
deposited	59	0
diplomat	59	0
disability	59	0
disarm	59	0
disconnect	59	0
disgraced	59	0
dispatcher	59	0
dissolve	59	0
distances	59	0
distinguish	59	0
diva	59	0
divert	59	0
dominion	59	0
dougie	59	0
duane	59	0
duckman	59	0
duffy	59	0
duo	59	0
dyke	59	0
edible	59	0
ee	59	0
eel	59	0
eiffel	59	0
elevators	59	0
elusive	59	0
emergencies	59	0
emile	59	0
emilia	59	0
emptiness	59	0
enhance	59	0
enjoyable	59	0
enlighten	59	0
erika	59	0
esteemed	59	0
ethnic	59	0
executives	59	0
exploited	59	0
exterior	59	0
fangs	59	0
farrell	59	0
fashioned	59	0
ferocious	59	0
feud	59	0
fez	59	0
fibers	59	0
fiend	59	0
firemen	59	0
flawless	59	0
flourish	59	0
foundations	59	0
frequencies	59	0
fulfilling	59	0
fundraiser	59	0
furry	59	0
garfield	59	0
gator	59	0
gems	59	0
generated	59	0
gigs	59	0
gillian	59	0
gilmore	59	0
giraffe	59	0
giuseppe	59	0
goldman	59	0
grammar	59	0
greer	59	0
griffith	59	0
gunther	59	0
gymnastics	59	0
hammering	59	0
handler	59	0
harmful	59	0
hawks	59	0
healer	59	0
heinous	59	0
helene	59	0
helmets	59	0
herbal	59	0
hereafter	59	0
herring	59	0
historian	59	0
hobbs	59	0
horseback	59	0
hostility	59	0
housekeeping	59	0
hub	59	0
hutch	59	0
hypnosis	59	0
ia	59	0
iast	59	0
iceberg	59	0
indecent	59	0
infiltrate	59	0
insolent	59	0
insulin	59	0
intellect	59	0
interrogated	59	0
intruders	59	0
invalid	59	0
iraqi	59	0
irma	59	0
ironically	59	0
jacked	59	0
jag	59	0
janie	59	0
jeanette	59	0
jia	59	0
johns	59	0
kaiser	59	0
kathryn	59	0
kermit	59	0
knack	59	0
kono	59	0
kristina	59	0
lawful	59	0
ledger	59	0
lei	59	0
leila	59	0
licensed	59	0
lodged	59	0
logged	59	0
lunches	59	0
mailman	59	0
mainstream	59	0
majestic	59	0
manpower	59	0
manufacture	59	0
manufacturer	59	0
marisa	59	0
marshals	59	0
mattie	59	0
mayo	59	0
mcqueen	59	0
meadows	59	0
medallion	59	0
mega	59	0
melts	59	0
mingle	59	0
mit	59	0
moi	59	0
moira	59	0
morales	59	0
morally	59	0
motherland	59	0
multiply	59	0
mush	59	0
mussolini	59	0
mustafa	59	0
mutants	59	0
myra	59	0
myths	59	0
napkins	59	0
natalia	59	0
nationals	59	0
nato	59	0
navigate	59	0
naw	59	0
nbc	59	0
neighs	59	0
nelly	59	0
normandy	59	0
numbered	59	0
oblige	59	0
olaf	59	0
orchid	59	0
ore	59	0
owens	59	0
owning	59	0
pagan	59	0
pager	59	0
palestine	59	0
panels	59	0
panicking	59	0
pans	59	0
panthers	59	0
para	59	0
paralysis	59	0
passions	59	0
patches	59	0
peer	59	0
perceive	59	0
peril	59	0
persuasive	59	0
petersburg	59	0
phd	59	0
pietro	59	0
pilgrim	59	0
pinkie	59	0
pinpoint	59	0
plaintiff	59	0
planner	59	0
plaque	59	0
portfolio	59	0
posture	59	0
pottery	59	0
premium	59	0
promoting	59	0
pronto	59	0
prospects	59	0
protests	59	0
pun	59	0
purge	59	0
pussycat	59	0
qu	59	0
questionable	59	0
quieter	59	0
raccoon	59	0
racism	59	0
radiant	59	0
radios	59	0
ramona	59	0
rascals	59	0
reasonably	59	0
recordings	59	0
recreate	59	0
recycling	59	0
reeves	59	0
reflects	59	0
registry	59	0
religions	59	0
renew	59	0
resisted	59	0
restrain	59	0
reviewed	59	0
ringo	59	0
robes	59	0
robyn	59	0
ronny	59	0
rooting	59	0
roulette	59	0
rounded	59	0
ruben	59	0
rudolph	59	0
ruiz	59	0
rumble	59	0
runners	59	0
saga	59	0
seagulls	59	0
secretive	59	0
sedan	59	0
shooters	59	0
shoulda	59	0
shoving	59	0
shrapnel	59	0
simms	59	0
sita	59	0
skye	59	0
slain	59	0
slices	59	0
snail	59	0
snarls	59	0
softer	59	0
sophomore	59	0
sorta	59	0
spilling	59	0
spinach	59	0
sponsors	59	0
spooked	59	0
spoons	59	0
squirrels	59	0
stacked	59	0
stating	59	0
stingy	59	0
stoop	59	0
strauss	59	0
streams	59	0
strippers	59	0
strive	59	0
stumble	59	0
stump	59	0
subtitling	59	0
suzuki	59	0
swimmer	59	0
sykes	59	0
tally	59	0
tariq	59	0
teammates	59	0
testifying	59	0
thankfully	59	0
thankyou	59	0
theatrical	59	0
thicker	59	0
thrash	59	0
tibet	59	0
tickles	59	0
tights	59	0
tori	59	0
torpedoes	59	0
torso	59	0
tossing	59	0
touring	59	0
trans	59	0
transmitted	59	0
travellers	59	0
triad	59	0
trifle	59	0
turmoil	59	0
ultra	59	0
unbelievably	59	0
uncertainty	59	0
uncommon	59	0
unnecessarily	59	0
unusually	59	0
unworthy	59	0
uprising	59	0
upstate	59	0
ursula	59	0
uterus	59	0
valiant	59	0
verses	59	0
versions	59	0
vigilante	59	0
vista	59	0
volleyball	59	0
voluntary	59	0
volunteering	59	0
vortex	59	0
weakened	59	0
weakest	59	0
weirdest	59	0
whiz	59	0
widely	59	0
wilder	59	0
wildest	59	0
wilt	59	0
wonderland	59	0
wraps	59	0
wrinkles	59	0
xander	59	0
yamato	59	0
youthful	59	0
zhou	59	0
aches	58	0
achievements	58	0
acquitted	58	0
advancing	58	0
advertise	58	0
affectionate	58	0
afghan	58	0
ahoy	58	0
aj	58	0
alain	58	0
alejandro	58	0
alps	58	0
antarctica	58	0
appendix	58	0
artwork	58	0
assassinate	58	0
augustus	58	0
auschwitz	58	0
avalanche	58	0
axis	58	0
backside	58	0
bambi	58	0
baptized	58	0
barbarian	58	0
barlow	58	0
bearer	58	0
beginnings	58	0
bey	58	0
blacked	58	0
blindfold	58	0
blooming	58	0
blushing	58	0
bologna	58	0
bonded	58	0
bonfire	58	0
bottled	58	0
bowel	58	0
bowie	58	0
braun	58	0
bravely	58	0
brewing	58	0
broth	58	0
brow	58	0
brownies	58	0
brushed	58	0
brushing	58	0
brutus	58	0
bubbling	58	0
buckingham	58	0
builders	58	0
bummed	58	0
bumping	58	0
bumpy	58	0
burgundy	58	0
burrito	58	0
buts	58	0
camels	58	0
candice	58	0
capitalist	58	0
caramel	58	0
carefree	58	0
casanova	58	0
catcher	58	0
catholics	58	0
caucasian	58	0
celeste	58	0
ceremonies	58	0
chaplin	58	0
charlene	58	0
checkmate	58	0
cheeseburger	58	0
cherries	58	0
chevy	58	0
chilling	58	0
chime	58	0
cholesterol	58	0
clot	58	0
clueless	58	0
cockroaches	58	0
coffees	58	0
collaboration	58	0
collectors	58	0
combo	58	0
comm	58	0
commando	58	0
commonly	58	0
compatible	58	0
conceive	58	0
congo	58	0
conner	58	0
consists	58	0
continuously	58	0
contributed	58	0
controversy	58	0
coping	58	0
coppers	58	0
copying	58	0
cor	58	0
cordelia	58	0
craziest	58	0
creed	58	0
cremated	58	0
cromwell	58	0
crosby	58	0
crumble	58	0
crunching	58	0
cyborg	58	0
cylinder	58	0
dai	58	0
dashing	58	0
dax	58	0
deli	58	0
delirious	58	0
dell	58	0
demolition	58	0
denis	58	0
departments	58	0
depended	58	0
devour	58	0
dialed	58	0
dibs	58	0
dickens	58	0
dictatorship	58	0
digits	58	0
dignified	58	0
dinah	58	0
disciplinary	58	0
disgraceful	58	0
disrupt	58	0
distractions	58	0
distressed	58	0
diversity	58	0
dodgers	58	0
dona	58	0
drifted	58	0
drunkard	58	0
edgy	58	0
edinburgh	58	0
editorial	58	0
elisa	58	0
elope	58	0
enable	58	0
encore	58	0
encrypted	58	0
endurance	58	0
entertained	58	0
evolutionary	58	0
eww	58	0
excellence	58	0
exhale	58	0
expanded	58	0
export	58	0
exterminate	58	0
eyeball	58	0
fairness	58	0
fascists	58	0
faulty	58	0
faye	58	0
ferdinand	58	0
festive	58	0
fielding	58	0
finer	58	0
fleas	58	0
fleeting	58	0
floats	58	0
flushing	58	0
fortnight	58	0
fossils	58	0
francesco	58	0
freelance	58	0
fret	58	0
freya	58	0
frigging	58	0
fung	58	0
gags	58	0
galactic	58	0
gao	58	0
geezer	58	0
gianni	58	0
gill	58	0
girlie	58	0
glasgow	58	0
govern	58	0
gray	58	0
grissom	58	0
hallucinating	58	0
hammered	58	0
handicap	58	0
harass	58	0
hardcore	58	0
harmon	58	0
hatchet	58	0
hauling	58	0
heinrich	58	0
helga	58	0
hens	58	0
holed	58	0
hologram	58	0
homesick	58	0
hooves	58	0
horrid	58	0
horseman	58	0
huey	58	0
humbly	58	0
hussein	58	0
hypothetically	58	0
identifying	58	0
ids	58	0
implants	58	0
implications	58	0
impulses	58	0
injections	58	0
inland	58	0
insides	58	0
interact	58	0
interaction	58	0
invading	58	0
inventions	58	0
investigative	58	0
jeopardize	58	0
jillian	58	0
jodie	58	0
josef	58	0
judd	58	0
judgment	58	0
kabir	58	0
kato	58	0
keg	58	0
kingdoms	58	0
kwon	58	0
lama	58	0
lao	58	0
latch	58	0
laurent	58	0
leeds	58	0
lending	58	0
lexi	58	0
loner	58	0
lsd	58	0
luciano	58	0
ludwig	58	0
lumber	58	0
lynette	58	0
mak	58	0
makers	58	0
malaria	58	0
manhood	58	0
manipulating	58	0
mantle	58	0
manu	58	0
manufactured	58	0
manure	58	0
marius	58	0
marking	58	0
markings	58	0
marko	58	0
marnie	58	0
mastered	58	0
mastermind	58	0
maternal	58	0
matilda	58	0
mayhem	58	0
mayonnaise	58	0
mckenzie	58	0
meddle	58	0
meddling	58	0
medications	58	0
meltdown	58	0
mentality	58	0
mercenary	58	0
mercer	58	0
methane	58	0
micah	58	0
midday	58	0
miki	58	0
miner	58	0
mink	58	0
monarch	58	0
monsignor	58	0
moor	58	0
murat	58	0
murderous	58	0
muriel	58	0
murmurs	58	0
myers	58	0
narrative	58	0
needless	58	0
oatmeal	58	0
obsessive	58	0
offscreen	58	0
olsen	58	0
onwards	58	0
operates	58	0
oppression	58	0
orb	58	0
orchard	58	0
organisms	58	0
organization	58	0
osborne	58	0
outrun	58	0
overdo	58	0
overrated	58	0
overthrow	58	0
pacey	58	0
parental	58	0
participating	58	0
participation	58	0
patio	58	0
payday	58	0
peaks	58	0
peeled	58	0
penitentiary	58	0
perks	58	0
phenomena	58	0
plank	58	0
plausible	58	0
pleasing	58	0
pollen	58	0
postmortem	58	0
pouch	58	0
pranks	58	0
precedent	58	0
prescott	58	0
pretentious	58	0
preventing	58	0
processes	58	0
projection	58	0
prosper	58	0
provincial	58	0
psyched	58	0
puberty	58	0
python	58	0
raf	58	0
raids	58	0
rake	58	0
rayna	58	0
reacting	58	0
reassure	58	0
rebound	58	0
refers	58	0
refresh	58	0
regained	58	0
regretted	58	0
reopen	58	0
resembles	58	0
reservoir	58	0
respiratory	58	0
restraint	58	0
resulting	58	0
rethink	58	0
rewind	58	0
ribbons	58	0
rin	58	0
rinse	58	0
rods	58	0
roscoe	58	0
roth	58	0
saline	58	0
sandals	58	0
santo	58	0
sardines	58	0
sato	58	0
scallops	58	0
schmuck	58	0
scots	58	0
scoundrels	58	0
searches	58	0
seaweed	58	0
seeker	58	0
seizures	58	0
senile	58	0
separating	58	0
serbian	58	0
sesame	58	0
sewers	58	0
shabby	58	0
shatter	58	0
sheppard	58	0
shu	58	0
sinatra	58	0
slander	58	0
sling	58	0
snappy	58	0
specialists	58	0
spectators	58	0
spices	58	0
staggering	58	0
statute	58	0
steadily	58	0
stings	58	0
stocking	58	0
stomp	58	0
stormy	58	0
strand	58	0
stung	58	0
sublime	58	0
surgeries	58	0
takeoff	58	0
tam	58	0
tat	58	0
technologies	58	0
tedious	58	0
tel	58	0
telephoned	58	0
terri	58	0
thorns	58	0
threads	58	0
tilt	58	0
tissues	58	0
tj	58	0
toots	58	0
torches	58	0
tormented	58	0
trails	58	0
transporting	58	0
traveling	58	0
trillion	58	0
triumphant	58	0
trixie	58	0
tux	58	0
tuxedo	58	0
unanimous	58	0
unforgivable	58	0
unleashed	58	0
unmarried	58	0
untouched	58	0
upload	58	0
upwards	58	0
urgency	58	0
vacations	58	0
vibrations	58	0
vineyard	58	0
virtues	58	0
vocabulary	58	0
vowed	58	0
walters	58	0
washes	58	0
watering	58	0
webber	58	0
whatnot	58	0
whine	58	0
widows	58	0
wilbur	58	0
wills	58	0
wreckage	58	0
wronged	58	0
yawns	58	0
yorkshire	58	0
zachary	58	0
zodiac	58	0
zurich	58	0
aaaah	57	0
accomplices	57	0
accurately	57	0
achilles	57	0
addressing	57	0
adi	57	0
adieu	57	0
adjusted	57	0
adventurous	57	0
adviser	57	0
afterward	57	0
alerted	57	0
alphahff	57	0
amnesty	57	0
apb	57	0
apparatus	57	0
ares	57	0
armand	57	0
assailant	57	0
backbone	57	0
ballot	57	0
baptism	57	0
baptist	57	0
barriers	57	0
barrow	57	0
bartlett	57	0
baskets	57	0
battered	57	0
beaumont	57	0
begs	57	0
berger	57	0
bermuda	57	0
bertha	57	0
bessie	57	0
beverage	57	0
biker	57	0
biopsy	57	0
blackjack	57	0
bleak	57	0
blindly	57	0
boils	57	0
bookie	57	0
borgia	57	0
bows	57	0
brethren	57	0
bristol	57	0
brownie	57	0
bugle	57	0
bulbs	57	0
bulldog	57	0
butters	57	0
calcium	57	0
capabilities	57	0
capturing	57	0
carcass	57	0
carey	57	0
carole	57	0
cartman	57	0
catalogue	57	0
cate	57	0
chastity	57	0
checkpoint	57	0
cheerleaders	57	0
chimp	57	0
clinging	57	0
clucking	57	0
colleges	57	0
commanders	57	0
commune	57	0
complexion	57	0
conception	57	0
concubine	57	0
confirming	57	0
connors	57	0
considerably	57	0
consulted	57	0
contracted	57	0
conversion	57	0
correspondent	57	0
cosmetics	57	0
cot	57	0
coupons	57	0
crazier	57	0
crocodiles	57	0
culinary	57	0
curves	57	0
darlings	57	0
dazzling	57	0
dci	57	0
deceit	57	0
declan	57	0
decorating	57	0
defenseless	57	0
degenerate	57	0
deputies	57	0
deranged	57	0
desirable	57	0
detection	57	0
diabetic	57	0
disasters	57	0
discomfort	57	0
disperse	57	0
displayed	57	0
disposed	57	0
disposition	57	0
dodgy	57	0
dorian	57	0
doubting	57	0
drenched	57	0
drinker	57	0
drunks	57	0
dublin	57	0
dues	57	0
dustin	57	0
earns	57	0
emerging	57	0
empathy	57	0
enforce	57	0
enlightened	57	0
enquiry	57	0
entrepreneur	57	0
entrust	57	0
escobar	57	0
europeans	57	0
excluded	57	0
exhaustion	57	0
expectation	57	0
expel	57	0
expressions	57	0
fabio	57	0
fargo	57	0
fearing	57	0
fellowship	57	0
felon	57	0
feminist	57	0
fern	57	0
fetus	57	0
fischer	57	0
flanders	57	0
fleur	57	0
floods	57	0
folding	57	0
footprint	57	0
forbes	57	0
formalities	57	0
formerly	57	0
forwards	57	0
fr	57	0
frenzy	57	0
friction	57	0
fringe	57	0
frontal	57	0
frown	57	0
funnier	57	0
gaga	57	0
gains	57	0
gall	57	0
garment	57	0
gaston	57	0
genre	57	0
giddy	57	0
glacier	57	0
goku	57	0
goldie	57	0
goodman	57	0
grains	57	0
granite	57	0
greeted	57	0
gringo	57	0
grizzly	57	0
grumbling	57	0
gunner	57	0
gurney	57	0
hamburgers	57	0
harassed	57	0
hartley	57	0
hateful	57	0
hedley	57	0
hel	57	0
highlights	57	0
hijacked	57	0
hind	57	0
hiroshima	57	0
holocaust	57	0
hoops	57	0
hoot	57	0
hormone	57	0
hotshot	57	0
houdini	57	0
housewives	57	0
hovering	57	0
humanitarian	57	0
hypothetical	57	0
imitation	57	0
imply	57	0
incision	57	0
indefinitely	57	0
indonesia	57	0
inevitably	57	0
inflation	57	0
informing	57	0
infrastructure	57	0
innovation	57	0
inquire	57	0
inquiries	57	0
interns	57	0
interruption	57	0
io	57	0
iolaus	57	0
irritated	57	0
jacobs	57	0
jellyfish	57	0
jingling	57	0
joaquin	57	0
juror	57	0
kisser	57	0
knit	57	0
koreans	57	0
kosher	57	0
kwan	57	0
lacked	57	0
lahey	57	0
lai	57	0
lanes	57	0
latter	57	0
leagues	57	0
legislation	57	0
lira	57	0
listener	57	0
loaned	57	0
luckiest	57	0
lukas	57	0
macaroni	57	0
macbeth	57	0
mahjong	57	0
manipulation	57	0
mann	57	0
marcie	57	0
markers	57	0
marlowe	57	0
maxim	57	0
mediocre	57	0
melbourne	57	0
meows	57	0
midwife	57	0
milligrams	57	0
minding	57	0
mirage	57	0
monitored	57	0
morn	57	0
mortar	57	0
mound	57	0
municipal	57	0
musashi	57	0
muscular	57	0
mutation	57	0
myrtle	57	0
nemesis	57	0
neon	57	0
niko	57	0
nonstop	57	0
notary	57	0
oblivion	57	0
observations	57	0
od	57	0
offense	57	0
ogre	57	0
outlaws	57	0
outskirts	57	0
overload	57	0
oversight	57	0
painters	57	0
pakistani	57	0
paradox	57	0
paramedic	57	0
paranormal	57	0
passive	57	0
pathologist	57	0
patton	57	0
peninsula	57	0
perceived	57	0
perverted	57	0
petals	57	0
piercing	57	0
placement	57	0
plateau	57	0
plight	57	0
ploy	57	0
potent	57	0
prediction	57	0
preference	57	0
prestigious	57	0
proctor	57	0
prone	57	0
prophets	57	0
proportions	57	0
proposals	57	0
proximity	57	0
pushy	57	0
quo	57	0
quota	57	0
rabies	57	0
radiator	57	0
ragnar	57	0
ramen	57	0
rapping	57	0
reap	57	0
rebuilt	57	0
reclaim	57	0
reduction	57	0
reflex	57	0
rehabilitation	57	0
remy	57	0
restoration	57	0
retainer	57	0
retribution	57	0
reuben	57	0
revolting	57	0
ridden	57	0
rigid	57	0
rockefeller	57	0
rocker	57	0
romanian	57	0
rosalie	57	0
rotate	57	0
ruckus	57	0
saigon	57	0
salim	57	0
samaritan	57	0
saturdays	57	0
schedules	57	0
scoring	57	0
scraps	57	0
scripts	57	0
senators	57	0
seong	57	0
servers	57	0
sheffield	57	0
shun	57	0
sighting	57	0
sightings	57	0
silenced	57	0
sinks	57	0
siu	57	0
sleepless	57	0
sleepover	57	0
slob	57	0
slurping	57	0
slutty	57	0
smurf	57	0
snipers	57	0
snob	57	0
sob	57	0
socialism	57	0
sombre	57	0
soothing	57	0
sordid	57	0
sparky	57	0
spat	57	0
specimens	57	0
specs	57	0
spins	57	0
spun	57	0
staging	57	0
stallion	57	0
stamped	57	0
starbuck	57	0
steamed	57	0
straightaway	57	0
strained	57	0
strips	57	0
stun	57	0
stupidest	57	0
subjected	57	0
substances	57	0
suburban	57	0
sumo	57	0
surrogate	57	0
swab	57	0
swung	57	0
tagged	57	0
tampered	57	0
taro	57	0
teachings	57	0
technological	57	0
tensed	57	0
thelma	57	0
theoretical	57	0
ther	57	0
thieving	57	0
thunderclap	57	0
tidal	57	0
tolerated	57	0
topanga	57	0
tor	57	0
tracey	57	0
trina	57	0
tripp	57	0
trooper	57	0
tru	57	0
tuning	57	0
tyra	57	0
ulysses	57	0
unauthorized	57	0
unavailable	57	0
unborn	57	0
undermine	57	0
unfit	57	0
unforgettable	57	0
unharmed	57	0
unhealthy	57	0
valleys	57	0
vancouver	57	0
veer	57	0
velma	57	0
vending	57	0
victories	57	0
virtuous	57	0
wacky	57	0
walden	57	0
warnings	57	0
wasrt	57	0
wept	57	0
werewolves	57	0
whee	57	0
whiff	57	0
whit	57	0
wilfred	57	0
withdrew	57	0
worldly	57	0
worshipped	57	0
wyoming	57	0
xu	57	0
yao	57	0
zordon	57	0
abundance	56	0
accelerator	56	0
accommodation	56	0
accordance	56	0
activist	56	0
adler	56	0
airfield	56	0
akbar	56	0
aldo	56	0
algeria	56	0
almond	56	0
aloha	56	0
analyzing	56	0
annabelle	56	0
apprehended	56	0
archaeologists	56	0
arteries	56	0
assisted	56	0
astronomers	56	0
audit	56	0
auxiliary	56	0
awol	56	0
bahamas	56	0
bargaining	56	0
barricade	56	0
bashed	56	0
belgrade	56	0
believers	56	0
bellows	56	0
bev	56	0
billboard	56	0
blasts	56	0
bleating	56	0
blender	56	0
blindness	56	0
blueberry	56	0
boast	56	0
bog	56	0
boomer	56	0
bowels	56	0
brandt	56	0
bravest	56	0
brawl	56	0
briefed	56	0
broads	56	0
brochure	56	0
buffer	56	0
buttocks	56	0
calamity	56	0
callahan	56	0
callin	56	0
calves	56	0
capone	56	0
captioned	56	0
carr	56	0
castles	56	0
catfish	56	0
cbs	56	0
cdc	56	0
ce	56	0
ceased	56	0
cedric	56	0
certificates	56	0
charger	56	0
chestnut	56	0
childbirth	56	0
chills	56	0
cider	56	0
civilizations	56	0
clockwork	56	0
coastal	56	0
cocking	56	0
coded	56	0
collapsing	56	0
collects	56	0
commodore	56	0
como	56	0
completion	56	0
conditioner	56	0
confessions	56	0
confide	56	0
contacting	56	0
contributions	56	0
convicts	56	0
costly	56	0
coulson	56	0
coupon	56	0
courting	56	0
crimson	56	0
criteria	56	0
crucified	56	0
customary	56	0
cycles	56	0
davenport	56	0
defiance	56	0
definitive	56	0
delilah	56	0
density	56	0
denton	56	0
departing	56	0
detain	56	0
devious	56	0
devised	56	0
disable	56	0
disagreement	56	0
disciplined	56	0
discouraged	56	0
discrimination	56	0
dispatched	56	0
dmv	56	0
dobbs	56	0
documented	56	0
donors	56	0
doses	56	0
doubtful	56	0
drooling	56	0
drumming	56	0
dumbest	56	0
dyson	56	0
earnings	56	0
eater	56	0
elton	56	0
elvira	56	0
endlessly	56	0
enhanced	56	0
envelopes	56	0
equations	56	0
eruption	56	0
escorted	56	0
essex	56	0
esteban	56	0
eternally	56	0
etiquette	56	0
evident	56	0
exercising	56	0
exiled	56	0
fancied	56	0
farmhouse	56	0
feeble	56	0
fencing	56	0
fenton	56	0
fertilizer	56	0
fetish	56	0
filmmaker	56	0
financing	56	0
fingertips	56	0
firepower	56	0
firms	56	0
flapping	56	0
flawed	56	0
flo	56	0
forks	56	0
fours	56	0
franky	56	0
frantic	56	0
freighter	56	0
freshly	56	0
frosty	56	0
gallon	56	0
gaps	56	0
garth	56	0
geometry	56	0
glitch	56	0
gob	56	0
godfrey	56	0
gogh	56	0
goldberg	56	0
goodwin	56	0
gore	56	0
gourmet	56	0
grants	56	0
griff	56	0
grimes	56	0
hallucination	56	0
hampshire	56	0
hampton	56	0
handcuffed	56	0
harding	56	0
haskell	56	0
headlights	56	0
heals	56	0
heartbreak	56	0
helium	56	0
henceforth	56	0
hendrix	56	0
hiccups	56	0
hinges	56	0
hitchcock	56	0
hodges	56	0
homage	56	0
horizontal	56	0
horoscope	56	0
horrifying	56	0
hottie	56	0
hounds	56	0
humane	56	0
hutton	56	0
hymn	56	0
hypocrisy	56	0
idaho	56	0
illegitimate	56	0
illiterate	56	0
imitate	56	0
impeccable	56	0
implement	56	0
implied	56	0
implies	56	0
imposed	56	0
incentive	56	0
incorporated	56	0
indebted	56	0
initiation	56	0
inquisition	56	0
inscription	56	0
installation	56	0
instruct	56	0
interface	56	0
intestines	56	0
invaluable	56	0
iong	56	0
jakob	56	0
jars	56	0
jerky	56	0
jethro	56	0
johann	56	0
joyous	56	0
judicial	56	0
jurors	56	0
kale	56	0
kali	56	0
kel	56	0
kommandant	56	0
kowalski	56	0
laila	56	0
lancaster	56	0
larsen	56	0
larson	56	0
laurence	56	0
leftover	56	0
lefty	56	0
lemme	56	0
lemons	56	0
lennon	56	0
lian	56	0
likeness	56	0
limousine	56	0
listeners	56	0
literal	56	0
litres	56	0
livelihood	56	0
lizards	56	0
lobe	56	0
loco	56	0
longed	56	0
lucious	56	0
lucrative	56	0
luxurious	56	0
lyla	56	0
maggots	56	0
magnitude	56	0
makeover	56	0
masturbate	56	0
matrimony	56	0
meatball	56	0
memorized	56	0
mentions	56	0
mercenaries	56	0
meself	56	0
metals	56	0
mika	56	0
mimics	56	0
misguided	56	0
moisture	56	0
mojo	56	0
molten	56	0
morbid	56	0
moreno	56	0
motions	56	0
mow	56	0
museums	56	0
mutton	56	0
nebraska	56	0
nectar	56	0
negligence	56	0
negroes	56	0
ness	56	0
nichols	56	0
novelty	56	0
obligated	56	0
oome	56	0
operatives	56	0
optimism	56	0
orchestral	56	0
oskar	56	0
outing	56	0
outline	56	0
outpost	56	0
paces	56	0
painless	56	0
pant	56	0
pao	56	0
paparazzi	56	0
partridge	56	0
patriots	56	0
pavel	56	0
pelvis	56	0
penal	56	0
perjury	56	0
petey	56	0
phrases	56	0
pickled	56	0
poe	56	0
pompous	56	0
poodle	56	0
porcelain	56	0
portraits	56	0
poses	56	0
postcards	56	0
potassium	56	0
potty	56	0
predicament	56	0
prefect	56	0
prescribe	56	0
pressures	56	0
prevents	56	0
pricks	56	0
princesses	56	0
productions	56	0
prosecuted	56	0
prosperous	56	0
publication	56	0
purgatory	56	0
pussies	56	0
qualifications	56	0
quoting	56	0
rad	56	0
rambo	56	0
rebirth	56	0
redo	56	0
ref	56	0
relics	56	0
remarried	56	0
renewed	56	0
replica	56	0
reproduce	56	0
reptiles	56	0
repulsive	56	0
researcher	56	0
residential	56	0
resourceful	56	0
restrictions	56	0
reviewing	56	0
richardson	56	0
righteousness	56	0
rink	56	0
rips	56	0
rivera	56	0
roach	56	0
roadblock	56	0
romania	56	0
rowan	56	0
rowdy	56	0
rowing	56	0
rugged	56	0
rulers	56	0
ryu	56	0
sabbath	56	0
sabotaged	56	0
safari	56	0
sahara	56	0
samba	56	0
scanned	56	0
scarcely	56	0
scolded	56	0
scrubbing	56	0
selina	56	0
sensual	56	0
separates	56	0
setback	56	0
sexist	56	0
shelters	56	0
shithole	56	0
showcase	56	0
showdown	56	0
silicon	56	0
simplest	56	0
simplicity	56	0
sitter	56	0
skank	56	0
slag	56	0
slaps	56	0
slashed	56	0
slows	56	0
slugs	56	0
snore	56	0
snowy	56	0
snuff	56	0
softball	56	0
solemnly	56	0
spartacus	56	0
spikes	56	0
spook	56	0
stairwell	56	0
stalk	56	0
stormed	56	0
straws	56	0
strengths	56	0
stretches	56	0
stripping	56	0
stunts	56	0
suffocate	56	0
suicides	56	0
supervise	56	0
swarm	56	0
swipe	56	0
swordsman	56	0
symptom	56	0
syphilis	56	0
tack	56	0
takashi	56	0
techno	56	0
tex	56	0
theorists	56	0
timid	56	0
tombs	56	0
toot	56	0
tortoise	56	0
tourism	56	0
traders	56	0
trainee	56	0
traits	56	0
triggers	56	0
trolley	56	0
una	56	0
unimportant	56	0
unjust	56	0
uno	56	0
unprofessional	56	0
uploaded	56	0
utility	56	0
vacate	56	0
vale	56	0
vendor	56	0
ventilation	56	0
verified	56	0
viagra	56	0
waiters	56	0
waldo	56	0
waved	56	0
whiskers	56	0
whitman	56	0
wiener	56	0
windsor	56	0
winslow	56	0
wondrous	56	0
wrecking	56	0
ze	56	0
zhu	56	0
abc	55	0
accelerate	55	0
accordion	55	0
acquaintances	55	0
actively	55	0
adjustments	55	0
administer	55	0
aft	55	0
aggravated	55	0
agreeable	55	0
aisha	55	0
alexei	55	0
alphonse	55	0
amidst	55	0
ample	55	0
anesthesia	55	0
aneurysm	55	0
anew	55	0
arsenic	55	0
arthritis	55	0
assaulting	55	0
assumptions	55	0
assurance	55	0
astronomy	55	0
atmospheric	55	0
awakening	55	0
aziz	55	0
bailing	55	0
ballerina	55	0
barbaric	55	0
bathed	55	0
bb	55	0
bearded	55	0
beginner	55	0
beheaded	55	0
beneficial	55	0
benji	55	0
berta	55	0
beseech	55	0
betcha	55	0
bids	55	0
bio	55	0
blinding	55	0
blizzard	55	0
bolted	55	0
booster	55	0
bop	55	0
bossy	55	0
brainwashed	55	0
branded	55	0
brando	55	0
brands	55	0
breached	55	0
bret	55	0
bribery	55	0
bridegroom	55	0
brilliantly	55	0
brushes	55	0
buchanan	55	0
bunnies	55	0
burgess	55	0
capability	55	0
carlson	55	0
carmichael	55	0
carmine	55	0
casinos	55	0
caterpillar	55	0
celine	55	0
centimeters	55	0
chainsaw	55	0
championships	55	0
chandi	55	0
cheesecake	55	0
cher	55	0
chords	55	0
chunks	55	0
clang	55	0
cleanup	55	0
cleaver	55	0
cnn	55	0
coconuts	55	0
coffins	55	0
coil	55	0
collier	55	0
comforts	55	0
commentary	55	0
comms	55	0
compose	55	0
confessing	55	0
consultation	55	0
cornell	55	0
corridors	55	0
cosy	55	0
cowardice	55	0
coz	55	0
cramped	55	0
crossword	55	0
crummy	55	0
crypt	55	0
curt	55	0
cutler	55	0
darnell	55	0
deemed	55	0
defective	55	0
delicacy	55	0
deluxe	55	0
dementia	55	0
democrat	55	0
descending	55	0
deuce	55	0
devi	55	0
diameter	55	0
diplomacy	55	0
discovers	55	0
disqualified	55	0
docking	55	0
dojo	55	0
domination	55	0
downfall	55	0
downright	55	0
draining	55	0
duet	55	0
dvds	55	0
elect	55	0
electrician	55	0
elegance	55	0
elle	55	0
endings	55	0
engineered	55	0
engraved	55	0
erratic	55	0
esteem	55	0
ev	55	0
evaluate	55	0
exorcism	55	0
extracted	55	0
extraordinarily	55	0
extraterrestrials	55	0
extravagant	55	0
ey	55	0
fae	55	0
farley	55	0
fascination	55	0
fend	55	0
fidel	55	0
fig	55	0
firearm	55	0
fireball	55	0
flair	55	0
flares	55	0
flask	55	0
florist	55	0
fo	55	0
foggy	55	0
foreplay	55	0
frail	55	0
franny	55	0
friendships	55	0
funded	55	0
fussy	55	0
gaius	55	0
gamblers	55	0
gareth	55	0
geisha	55	0
genetics	55	0
geological	55	0
geronimo	55	0
givin	55	0
grimm	55	0
grinder	55	0
hamptons	55	0
harem	55	0
harmonica	55	0
hattie	55	0
hauled	55	0
haunts	55	0
healthier	55	0
heartache	55	0
hearty	55	0
heavyweight	55	0
hemisphere	55	0
hermann	55	0
herpes	55	0
himmler	55	0
hippies	55	0
hitched	55	0
honda	55	0
hoop	55	0
hopping	55	0
horrified	55	0
hospitalized	55	0
hr	55	0
hubble	55	0
hun	55	0
hyo	55	0
hysteria	55	0
ich	55	0
ideology	55	0
impostor	55	0
indigenous	55	0
individually	55	0
infectious	55	0
inflicted	55	0
insomnia	55	0
inspectors	55	0
Instagram	55	0
intake	55	0
intoxicated	55	0
intruding	55	0
iranian	55	0
ironing	55	0
jace	55	0
jacuzzi	55	0
jameson	55	0
jd	55	0
jeeves	55	0
jimbo	55	0
joss	55	0
journals	55	0
junkies	55	0
juvie	55	0
kahn	55	0
kaufman	55	0
kenji	55	0
kincaid	55	0
kyoko	55	0
labelled	55	0
labyrinth	55	0
lambs	55	0
laundering	55	0
leanne	55	0
leukemia	55	0
liberate	55	0
lilies	55	0
linger	55	0
linking	55	0
lise	55	0
listing	55	0
lobo	55	0
lollipop	55	0
lotte	55	0
lovebirds	55	0
lowell	55	0
lucie	55	0
lumps	55	0
lux	55	0
maddox	55	0
magically	55	0
malicious	55	0
mammoth	55	0
manolo	55	0
mar	55	0
marseille	55	0
marsha	55	0
maturity	55	0
maude	55	0
mecca	55	0
meghan	55	0
mendoza	55	0
meteorite	55	0
microscopic	55	0
mikhail	55	0
milly	55	0
miscarriage	55	0
mixer	55	0
mmmm	55	0
monarchy	55	0
moods	55	0
morrow	55	0
mortality	55	0
mortuary	55	0
moya	55	0
mugs	55	0
mysteriously	55	0
nathaniel	55	0
navigator	55	0
nebula	55	0
neha	55	0
neighborhoods	55	0
nemo	55	0
neurotic	55	0
newcomer	55	0
nutty	55	0
obeyed	55	0
observatory	55	0
obsolete	55	0
odour	55	0
ointment	55	0
onward	55	0
oppressed	55	0
originated	55	0
ot	55	0
outs	55	0
oval	55	0
paged	55	0
pak	55	0
parvati	55	0
paso	55	0
pasture	55	0
patrons	55	0
pearce	55	0
peeking	55	0
pendant	55	0
performers	55	0
persecution	55	0
philosophical	55	0
photographic	55	0
picket	55	0
pines	55	0
pinocchio	55	0
pints	55	0
pioneers	55	0
pious	55	0
planetary	55	0
plato	55	0
plots	55	0
plough	55	0
ports	55	0
possesses	55	0
pours	55	0
powering	55	0
priors	55	0
proceeds	55	0
prostate	55	0
proxy	55	0
prudent	55	0
psyche	55	0
quaint	55	0
quantities	55	0
quotes	55	0
rabb	55	0
racer	55	0
rach	55	0
raiders	55	0
rani	55	0
rebuilding	55	0
recalled	55	0
recession	55	0
reconnaissance	55	0
reflexes	55	0
refusal	55	0
reins	55	0
relive	55	0
rewarding	55	0
riddance	55	0
riddles	55	0
ripley	55	0
rivalry	55	0
robertson	55	0
rockin	55	0
rollins	55	0
rosen	55	0
roster	55	0
rudder	55	0
ruse	55	0
ruthie	55	0
rv	55	0
salami	55	0
sats	55	0
scandalous	55	0
scanners	55	0
sceptical	55	0
schneider	55	0
sciences	55	0
scoob	55	0
seaman	55	0
seasoned	55	0
sedated	55	0
selfie	55	0
selma	55	0
seok	55	0
serenity	55	0
settlers	55	0
sha	55	0
shea	55	0
sheik	55	0
shekhar	55	0
shepard	55	0
shocks	55	0
shreds	55	0
sighted	55	0
significantly	55	0
silva	55	0
slab	55	0
sled	55	0
snails	55	0
snores	55	0
snowman	55	0
societies	55	0
soften	55	0
sory	55	0
spam	55	0
spanking	55	0
specialised	55	0
speculate	55	0
sprained	55	0
sprayed	55	0
sputtering	55	0
squawks	55	0
Sri	55	0
stabilize	55	0
stakeout	55	0
stamina	55	0
stats	55	0
steaming	55	0
strategies	55	0
streaming	55	0
stride	55	0
structural	55	0
submission	55	0
succession	55	0
sulking	55	0
superboy	55	0
superheroes	55	0
surfer	55	0
swain	55	0
swallows	55	0
swiftly	55	0
taels	55	0
tailing	55	0
takeover	55	0
talisman	55	0
tania	55	0
tanker	55	0
teeny	55	0
testosterone	55	0
thames	55	0
thong	55	0
thriving	55	0
tides	55	0
timed	55	0
tombstone	55	0
tonya	55	0
towed	55	0
toxins	55	0
tracing	55	0
transactions	55	0
transmitting	55	0
trespass	55	0
trio	55	0
trot	55	0
trumpets	55	0
tumble	55	0
twig	55	0
typed	55	0
ukrainian	55	0
ulcer	55	0
undead	55	0
undergo	55	0
understatement	55	0
unfamiliar	55	0
unnoticed	55	0
unthinkable	55	0
upbringing	55	0
updates	55	0
urges	55	0
valuables	55	0
venezuela	55	0
vents	55	0
versa	55	0
vial	55	0
viewed	55	0
violations	55	0
viruses	55	0
volatile	55	0
waffle	55	0
warwick	55	0
wary	55	0
wasp	55	0
weber	55	0
weirder	55	0
welles	55	0
wham	55	0
wines	55	0
writings	55	0
xiang	55	0
yahoo	55	0
yak	55	0
youngster	55	0
yous	55	0
zapping	55	0
abner	54	0
abomination	54	0
accessories	54	0
accomplishment	54	0
adamant	54	0
adores	54	0
aeryn	54	0
afternoons	54	0
aims	54	0
airports	54	0
alarming	54	0
alba	54	0
algae	54	0
algebra	54	0
amaze	54	0
amp	54	0
ancients	54	0
antonia	54	0
anus	54	0
arlene	54	0
arlo	54	0
armenian	54	0
aroma	54	0
assisting	54	0
atheist	54	0
atlas	54	0
auggie	54	0
authorize	54	0
authors	54	0
aviation	54	0
bali	54	0
ballad	54	0
ballistic	54	0
banish	54	0
barbed	54	0
barred	54	0
battleship	54	0
believable	54	0
bends	54	0
benefactor	54	0
benito	54	0
berserk	54	0
bias	54	0
bimbo	54	0
birch	54	0
blindfolded	54	0
blurry	54	0
boon	54	0
brenner	54	0
brilliance	54	0
bucky	54	0
burr	54	0
burrows	54	0
calculating	54	0
camper	54	0
cannabis	54	0
captivity	54	0
carmela	54	0
carnage	54	0
carpets	54	0
carton	54	0
carts	54	0
casserole	54	0
cedar	54	0
celebrations	54	0
celery	54	0
cheerleading	54	0
cherished	54	0
chiang	54	0
chino	54	0
chipped	54	0
cholera	54	0
chronicle	54	0
cincinnati	54	0
citizenship	54	0
cleansing	54	0
clem	54	0
cochran	54	0
collections	54	0
colombian	54	0
colors	54	0
commandments	54	0
commodity	54	0
compact	54	0
complicate	54	0
compromising	54	0
concepts	54	0
confederate	54	0
conor	54	0
contamination	54	0
conveniently	54	0
cooled	54	0
cords	54	0
cortex	54	0
countrymen	54	0
crafty	54	0
craziness	54	0
crumbling	54	0
cullen	54	0
cunningham	54	0
daisuke	54	0
davidson	54	0
delaney	54	0
despised	54	0
desserts	54	0
detecting	54	0
diaries	54	0
dis	54	0
disadvantage	54	0
discarded	54	0
dismissal	54	0
disobeyed	54	0
disposable	54	0
dissolved	54	0
distinctly	54	0
diverse	54	0
doorknob	54	0
dosage	54	0
dottie	54	0
dover	54	0
draper	54	0
drool	54	0
dummies	54	0
durant	54	0
earnest	54	0
ebay	54	0
ecstatic	54	0
eisenhower	54	0
elmo	54	0
emphasis	54	0
enchanting	54	0
encryption	54	0
endanger	54	0
energies	54	0
establishing	54	0
estates	54	0
eunuch	54	0
eureka	54	0
evasive	54	0
exceptionally	54	0
exploitation	54	0
faithfully	54	0
fakes	54	0
fallout	54	0
fancies	54	0
fascism	54	0
fatherland	54	0
fearsome	54	0
featuring	54	0
fictional	54	0
finnish	54	0
firefighter	54	0
firsthand	54	0
flack	54	0
fleischman	54	0
floss	54	0
flushes	54	0
foil	54	0
fore	54	0
forsaken	54	0
frankfurt	54	0
fridays	54	0
frightens	54	0
fussing	54	0
futures	54	0
gah	54	0
galactica	54	0
ganga	54	0
gemini	54	0
genitals	54	0
genocide	54	0
girly	54	0
goodbyes	54	0
gorge	54	0
gorillas	54	0
graft	54	0
grandkids	54	0
grazie	54	0
gregor	54	0
groot	54	0
grotesque	54	0
guillotine	54	0
gulps	54	0
haiti	54	0
hap	54	0
hawking	54	0
haystack	54	0
headless	54	0
heller	54	0
hermit	54	0
hints	54	0
hoist	54	0
honolulu	54	0
hunts	54	0
hye	54	0
ibrahim	54	0
icing	54	0
imaging	54	0
incompetence	54	0
indicating	54	0
indoor	54	0
infect	54	0
inferno	54	0
infiltrated	54	0
informal	54	0
intentional	54	0
interfered	54	0
intolerable	54	0
ipod	54	0
irons	54	0
isa	54	0
jaffa	54	0
jekyll	54	0
jer	54	0
jericho	54	0
jingles	54	0
joanie	54	0
jocelyn	54	0
johannes	54	0
jonesy	54	0
jukebox	54	0
kaos	54	0
katz	54	0
kelsey	54	0
kelvin	54	0
khun	54	0
kimi	54	0
kimono	54	0
kingsley	54	0
kobe	54	0
krista	54	0
ku	54	0
labor	54	0
landry	54	0
lash	54	0
lazarus	54	0
leavin	54	0
leech	54	0
lem	54	0
lew	54	0
lifeguard	54	0
lim	54	0
lima	54	0
limbo	54	0
linden	54	0
livia	54	0
lowe	54	0
lowlife	54	0
lucius	54	0
luka	54	0
lunatics	54	0
lush	54	0
machete	54	0
madge	54	0
mads	54	0
mainframe	54	0
malaysia	54	0
mambo	54	0
manila	54	0
manson	54	0
margie	54	0
marketplace	54	0
marshmallows	54	0
maw	54	0
mcbride	54	0
megatron	54	0
merits	54	0
micky	54	0
migraine	54	0
millionaires	54	0
minerals	54	0
minors	54	0
mistook	54	0
mockery	54	0
moderate	54	0
molested	54	0
monuments	54	0
moto	54	0
mouthful	54	0
mtv	54	0
mules	54	0
myung	54	0
nab	54	0
nai	54	0
namely	54	0
nd	54	0
nevermind	54	0
nighttime	54	0
noir	54	0
novelist	54	0
nuke	54	0
oakland	54	0
offerings	54	0
oo	54	0
optimus	54	0
outgoing	54	0
overrun	54	0
packets	54	0
palermo	54	0
palestinian	54	0
pandora	54	0
parlour	54	0
participated	54	0
patiently	54	0
pavilion	54	0
payoff	54	0
pe	54	0
penetrated	54	0
penniless	54	0
pepperoni	54	0
perished	54	0
perpetual	54	0
persecuted	54	0
persuasion	54	0
perv	54	0
perverts	54	0
pharmacist	54	0
phelps	54	0
phoning	54	0
piglet	54	0
piled	54	0
piling	54	0
pillars	54	0
pledged	54	0
plugs	54	0
pods	54	0
poole	54	0
possum	54	0
presumed	54	0
pretext	54	0
privy	54	0
prohibition	54	0
promptly	54	0
prosecutors	54	0
provinces	54	0
puffs	54	0
punctual	54	0
pups	54	0
quill	54	0
rafe	54	0
raines	54	0
rainforest	54	0
ranking	54	0
rapper	54	0
rebellious	54	0
rec	54	0
reconcile	54	0
recreation	54	0
reddington	54	0
regan	54	0
regroup	54	0
regulars	54	0
rehearsed	54	0
relevance	54	0
requirement	54	0
residency	54	0
responds	54	0
responses	54	0
retaliation	54	0
retro	54	0
ridicule	54	0
ringtone	54	0
ritz	54	0
riverside	54	0
rj	54	0
robotnik	54	0
romano	54	0
rubles	54	0
runt	54	0
ruptured	54	0
sacramento	54	0
salaam	54	0
samir	54	0
sandoval	54	0
sassy	54	0
saxon	54	0
scapegoat	54	0
scheming	54	0
scientifically	54	0
scouting	54	0
selfless	54	0
sentencing	54	0
sequel	54	0
serene	54	0
shagging	54	0
shang	54	0
shareholders	54	0
sherwood	54	0
shoplifting	54	0
shortest	54	0
shredded	54	0
shushing	54	0
similarities	54	0
skateboard	54	0
skid	54	0
skis	54	0
sleazy	54	0
slum	54	0
smallpox	54	0
smoker	54	0
smuggler	54	0
snowball	54	0
soar	54	0
sociopath	54	0
soho	54	0
sook	54	0
souvenirs	54	0
spartan	54	0
specifics	54	0
spraying	54	0
squeaky	54	0
stabler	54	0
starbucks	54	0
stares	54	0
stefano	54	0
stewardess	54	0
stickers	54	0
stimulating	54	0
sturdy	54	0
suffocated	54	0
summary	54	0
swapped	54	0
sweeney	54	0
sweety	54	0
swimsuit	54	0
swoop	54	0
taelons	54	0
talker	54	0
technicians	54	0
terra	54	0
ticks	54	0
tipping	54	0
toledo	54	0
topless	54	0
traction	54	0
trademark	54	0
trades	54	0
traditionally	54	0
trampled	54	0
transfers	54	0
trojan	54	0
trolls	54	0
troopers	54	0
troublemaker	54	0
turbulence	54	0
typhoon	54	0
unannounced	54	0
uncanny	54	0
undertaker	54	0
unethical	54	0
uni	54	0
universities	54	0
unrelated	54	0
upsets	54	0
valium	54	0
vans	54	0
vegetation	54	0
vendetta	54	0
versailles	54	0
vested	54	0
vibrant	54	0
vogue	54	0
voltage	54	0
volts	54	0
vu	54	0
wail	54	0
washroom	54	0
watkins	54	0
weaken	54	0
weakly	54	0
whirs	54	0
whorehouse	54	0
widower	54	0
wigs	54	0
wilhelm	54	0
wipes	54	0
wook	54	0
wrongly	54	0
wrongs	54	0
yee	54	0
yolanda	54	0
yue	54	0
yvette	54	0
zo	54	0
aargh	53	0
abbie	53	0
accessed	53	0
accessible	53	0
acoustic	53	0
acre	53	0
admissions	53	0
adolescent	53	0
afloat	53	0
alexandria	53	0
alternatives	53	0
amish	53	0
anarchist	53	0
ancestral	53	0
andie	53	0
animated	53	0
ante	53	0
ap	53	0
appetizers	53	0
apt	53	0
areyou	53	0
arkansas	53	0
asher	53	0
ashton	53	0
askin	53	0
asparagus	53	0
astonished	53	0
astounding	53	0
atleast	53	0
atrocities	53	0
attracting	53	0
audi	53	0
autographs	53	0
avon	53	0
barf	53	0
barley	53	0
behaves	53	0
berg	53	0
bidder	53	0
biff	53	0
bilko	53	0
biography	53	0
bitching	53	0
blanca	53	0
bland	53	0
blasphemy	53	0
bleeds	53	0
blockade	53	0
blowjob	53	0
bom	53	0
borderline	53	0
borne	53	0
bosnia	53	0
bouncer	53	0
brah	53	0
bras	53	0
breathtaking	53	0
brewery	53	0
bridesmaid	53	0
brigitte	53	0
britt	53	0
browning	53	0
burps	53	0
cabe	53	0
cabot	53	0
cackles	53	0
caddy	53	0
cadets	53	0
camden	53	0
cancelling	53	0
cannibal	53	0
canon	53	0
carriers	53	0
casings	53	0
catchy	53	0
centauri	53	0
ceremonial	53	0
channing	53	0
chaperone	53	0
chapters	53	0
characteristic	53	0
charisma	53	0
cheapest	53	0
cheerio	53	0
chilled	53	0
chul	53	0
cinch	53	0
cisco	53	0
clangs	53	0
clans	53	0
clipped	53	0
clubhouse	53	0
colette	53	0
colton	53	0
commend	53	0
complains	53	0
conan	53	0
concludes	53	0
congressional	53	0
conned	53	0
constructive	53	0
continually	53	0
contractions	53	0
contractors	53	0
cooped	53	0
copyright	53	0
costello	53	0
cougar	53	0
councillor	53	0
cowl	53	0
coy	53	0
cramps	53	0
crazed	53	0
crescent	53	0
croft	53	0
cures	53	0
curls	53	0
custard	53	0
cy	53	0
cycling	53	0
cylon	53	0
dah	53	0
damsel	53	0
decipher	53	0
declaring	53	0
dehydrated	53	0
delays	53	0
delegate	53	0
demonstrations	53	0
deployment	53	0
deprive	53	0
descendant	53	0
deserter	53	0
deserts	53	0
deserving	53	0
detonation	53	0
diagnostic	53	0
dipped	53	0
directive	53	0
disclosure	53	0
displays	53	0
doctrine	53	0
documentation	53	0
dodger	53	0
donnelly	53	0
donner	53	0
doomsday	53	0
doreen	53	0
dormant	53	0
doves	53	0
dreary	53	0
driscoll	53	0
dunham	53	0
dwelling	53	0
ehh	53	0
elk	53	0
eloped	53	0
embracing	53	0
employers	53	0
enabled	53	0
enjoyment	53	0
enormously	53	0
epi	53	0
estelle	53	0
evicted	53	0
evolving	53	0
excite	53	0
exhaling	53	0
explored	53	0
explorers	53	0
eyelids	53	0
fad	53	0
fallin	53	0
fanatic	53	0
faraday	53	0
faraway	53	0
featured	53	0
federico	53	0
feeny	53	0
feisty	53	0
fender	53	0
flakes	53	0
flashy	53	0
flattery	53	0
foxes	53	0
foxy	53	0
framing	53	0
frivolous	53	0
fugitives	53	0
fyi	53	0
galen	53	0
garibaldi	53	0
gen	53	0
generators	53	0
genevieve	53	0
georg	53	0
gilles	53	0
giulia	53	0
gladiator	53	0
goro	53	0
guillaume	53	0
guineas	53	0
gunning	53	0
gustavo	53	0
hagen	53	0
hailey	53	0
handyman	53	0
haze	53	0
hectic	53	0
heirs	53	0
henrietta	53	0
herbie	53	0
highlands	53	0
hippo	53	0
hiro	53	0
holdings	53	0
homosexuality	53	0
hopped	53	0
hotch	53	0
hoyt	53	0
huddle	53	0
humidity	53	0
humor	53	0
hurtful	53	0
hustler	53	0
iconic	53	0
illustrious	53	0
imam	53	0
inability	53	0
inadequate	53	0
incriminating	53	0
indigestion	53	0
inexperienced	53	0
influences	53	0
inquest	53	0
insufficient	53	0
interstate	53	0
intoxication	53	0
ist	53	0
itinerary	53	0
jap	53	0
jfk	53	0
jiffy	53	0
judo	53	0
junkyard	53	0
kaplan	53	0
karim	53	0
keiko	53	0
kessler	53	0
kiddies	53	0
koji	53	0
krauts	53	0
lagoon	53	0
lancelot	53	0
landmark	53	0
latino	53	0
leaned	53	0
leopold	53	0
liberties	53	0
lifeless	53	0
loathe	53	0
loch	53	0
loki	53	0
louvre	53	0
lovable	53	0
ludicrous	53	0
lui	53	0
lurch	53	0
macau	53	0
mackerel	53	0
mag	53	0
magicians	53	0
mags	53	0
maguire	53	0
mailed	53	0
malt	53	0
manipulative	53	0
marcello	53	0
marin	53	0
markham	53	0
marla	53	0
mart	53	0
martine	53	0
martinis	53	0
masha	53	0
mater	53	0
mayer	53	0
meade	53	0
medici	53	0
merciless	53	0
merrick	53	0
meters	53	0
meyers	53	0
midwest	53	0
milwaukee	53	0
mindless	53	0
mio	53	0
mischievous	53	0
misjudged	53	0
mondo	53	0
monsoon	53	0
moriarty	53	0
motorcycles	53	0
MP	53	0
muller	53	0
murmur	53	0
muster	53	0
mutilated	53	0
mythical	53	0
narrowed	53	0
nathalie	53	0
nba	53	0
neatly	53	0
negotiated	53	0
newlyweds	53	0
newport	53	0
norfolk	53	0
nostalgia	53	0
nu	53	0
nucleus	53	0
nudity	53	0
nutrients	53	0
occult	53	0
omaha	53	0
ophelia	53	0
orthodox	53	0
osama	53	0
ostrich	53	0
outraged	53	0
oversee	53	0
overweight	53	0
owls	53	0
painfully	53	0
paramount	53	0
participants	53	0
paternity	53	0
payne	53	0
pedophile	53	0
pegasus	53	0
pence	53	0
penetration	53	0
penicillin	53	0
persona	53	0
perverse	53	0
pilar	53	0
pj	53	0
plainly	53	0
playoffs	53	0
pleaded	53	0
plucked	53	0
plutonium	53	0
pointy	53	0
poisons	53	0
pox	53	0
praises	53	0
predecessor	53	0
predictions	53	0
prentiss	53	0
prepped	53	0
prepping	53	0
presses	53	0
primal	53	0
priscilla	53	0
pritchard	53	0
provocation	53	0
purposely	53	0
quagmire	53	0
queenie	53	0
quincy	53	0
rabid	53	0
ragged	53	0
raincoat	53	0
reckons	53	0
reducing	53	0
reginald	53	0
reilly	53	0
reincarnation	53	0
relaxation	53	0
relish	53	0
renegade	53	0
rents	53	0
repairing	53	0
repeats	53	0
repressed	53	0
reptile	53	0
retreating	53	0
rigby	53	0
rightfully	53	0
robotic	53	0
rolf	53	0
roma	53	0
romero	53	0
rooted	53	0
saber	53	0
saddest	53	0
sadistic	53	0
satin	53	0
schizophrenic	53	0
schnapps	53	0
scripture	53	0
scuba	53	0
sdi	53	0
seating	53	0
selfridge	53	0
sewage	53	0
sewn	53	0
shalom	53	0
shawl	53	0
shepherds	53	0
shiver	53	0
showered	53	0
shrinking	53	0
sims	53	0
singular	53	0
sleet	53	0
slipper	53	0
smacked	53	0
smokin	53	0
smoothie	53	0
sneaked	53	0
soames	53	0
socket	53	0
solace	53	0
sox	53	0
spaniards	53	0
specials	53	0
speck	53	0
spiked	53	0
spokesman	53	0
spur	53	0
steiner	53	0
stimulate	53	0
sudan	53	0
suk	53	0
supplying	53	0
surplus	53	0
surreal	53	0
susanna	53	0
swallowing	53	0
swamped	53	0
swanson	53	0
sympathize	53	0
talia	53	0
tampering	53	0
taping	53	0
termination	53	0
theatres	53	0
thereby	53	0
thermometer	53	0
thorpe	53	0
tian	53	0
titanium	53	0
tod	53	0
toil	53	0
townsend	53	0
toxin	53	0
tragically	53	0
transfusion	53	0
traumatized	53	0
tuesdays	53	0
turnout	53	0
twitch	53	0
ultimatum	53	0
underlying	53	0
unfold	53	0
unheard	53	0
unimaginable	53	0
unpaid	53	0
unsafe	53	0
unspeakable	53	0
unsure	53	0
untrue	53	0
upward	53	0
vandalism	53	0
vines	53	0
viola	53	0
volvo	53	0
walnut	53	0
washer	53	0
weiss	53	0
westminster	53	0
whinnying	53	0
whomever	53	0
wick	53	0
winnings	53	0
wuss	53	0
xo	53	0
yamamoto	53	0
yarn	53	0
yawning	53	0
yugoslavia	53	0
zeo	53	0
abed	52	0
abruptly	52	0
accelerated	52	0
administered	52	0
ado	52	0
adversary	52	0
aeroplane	52	0
africans	52	0
agreements	52	0
airway	52	0
albany	52	0
alexa	52	0
alyssa	52	0
ange	52	0
annika	52	0
anomalies	52	0
archaeologist	52	0
armando	52	0
armory	52	0
atone	52	0
attentive	52	0
attire	52	0
auditioning	52	0
auditorium	52	0
baboon	52	0
baht	52	0
baines	52	0
bangles	52	0
barclay	52	0
bearings	52	0
bellamy	52	0
bernice	52	0
bethlehem	52	0
billing	52	0
bloated	52	0
blondes	52	0
bloodstream	52	0
bondage	52	0
bordeaux	52	0
borden	52	0
boutique	52	0
bozo	52	0
breathed	52	0
breather	52	0
brig	52	0
brightly	52	0
brooch	52	0
burma	52	0
butchered	52	0
cambodia	52	0
campaigns	52	0
campfire	52	0
canopy	52	0
cantonese	52	0
cao	52	0
captions	52	0
carlisle	52	0
cashed	52	0
castillo	52	0
cavanaugh	52	0
chao	52	0
charismatic	52	0
checkers	52	0
checkup	52	0
chittering	52	0
chokes	52	0
chopsticks	52	0
choreography	52	0
ci	52	0
claps	52	0
clarkson	52	0
clicked	52	0
clientele	52	0
coincidences	52	0
collapses	52	0
comets	52	0
completing	52	0
complexity	52	0
complimentary	52	0
comprehensive	52	0
compton	52	0
concession	52	0
conclusive	52	0
confiscate	52	0
consensus	52	0
conservation	52	0
constellation	52	0
contradict	52	0
coordinator	52	0
copycat	52	0
cornwall	52	0
coworkers	52	0
cram	52	0
crowbar	52	0
crusher	52	0
curator	52	0
cyclops	52	0
dae	52	0
dames	52	0
damnation	52	0
darby	52	0
daybreak	52	0
dealership	52	0
dearie	52	0
deathbed	52	0
decaf	52	0
deformed	52	0
delegates	52	0
delgado	52	0
delinquent	52	0
desks	52	0
desolate	52	0
detached	52	0
diabolical	52	0
dipping	52	0
disorders	52	0
distraught	52	0
dodging	52	0
doodle	52	0
dormitory	52	0
downside	52	0
downward	52	0
doyou	52	0
drains	52	0
drapes	52	0
dreaded	52	0
drills	52	0
duly	52	0
dumber	52	0
dunbar	52	0
dwarves	52	0
dyed	52	0
eavesdropping	52	0
electrocuted	52	0
electrons	52	0
elsie	52	0
emery	52	0
emmet	52	0
enclosed	52	0
endeavour	52	0
endorsement	52	0
enduring	52	0
enlist	52	0
enrolled	52	0
envoy	52	0
equity	52	0
erich	52	0
esposito	52	0
estimates	52	0
ether	52	0
eunice	52	0
everytime	52	0
exemplary	52	0
exploiting	52	0
extradition	52	0
eyebrow	52	0
fabian	52	0
fai	52	0
falsely	52	0
fates	52	0
faucet	52	0
fest	52	0
festivities	52	0
fiasco	52	0
fiat	52	0
fidelity	52	0
fink	52	0
floated	52	0
fluke	52	0
foo	52	0
forgives	52	0
forrester	52	0
franks	52	0
friar	52	0
funnel	52	0
fuzz	52	0
gage	52	0
garret	52	0
Gateway	52	0
gauntlet	52	0
ge	52	0
geeks	52	0
gia	52	0
gibbering	52	0
glide	52	0
gobble	52	0
goodies	52	0
goof	52	0
graduates	52	0
grasshopper	52	0
groin	52	0
guerrilla	52	0
guidelines	52	0
gullible	52	0
gunn	52	0
gunpoint	52	0
guthrie	52	0
hardened	52	0
hardships	52	0
hardworking	52	0
hatched	52	0
hearings	52	0
heartfelt	52	0
hemingway	52	0
herds	52	0
hereditary	52	0
hernandez	52	0
hester	52	0
highland	52	0
hiss	52	0
historically	52	0
hobo	52	0
homicidal	52	0
honorary	52	0
hoodie	52	0
howe	52	0
hyuk	52	0
ieast	52	0
ignite	52	0
ilana	52	0
immensely	52	0
implore	52	0
imposing	52	0
improper	52	0
improvements	52	0
inca	52	0
indestructible	52	0
indicted	52	0
indifference	52	0
infinitely	52	0
inflict	52	0
inhabited	52	0
innocents	52	0
innovative	52	0
inseparable	52	0
insider	52	0
inspirational	52	0
inspires	52	0
intensely	52	0
interrogating	52	0
intrigue	52	0
ion	52	0
irwin	52	0
israelis	52	0
ito	52	0
janis	52	0
jeb	52	0
jeffries	52	0
jem	52	0
jez	52	0
jihad	52	0
jiro	52	0
johanna	52	0
journeys	52	0
juices	52	0
kamal	52	0
karev	52	0
kei	52	0
kemp	52	0
kendra	52	0
klara	52	0
kroner	52	0
lala	52	0
larkin	52	0
latex	52	0
lightweight	52	0
lm	52	0
lockup	52	0
looting	52	0
lucrezia	52	0
luo	52	0
macarthur	52	0
macdonald	52	0
malice	52	0
mandate	52	0
maneuvers	52	0
manicure	52	0
marisol	52	0
marshmallow	52	0
martians	52	0
martina	52	0
masturbation	52	0
maud	52	0
mcnally	52	0
medically	52	0
meditate	52	0
medusa	52	0
middleton	52	0
midway	52	0
migration	52	0
mormon	52	0
moz	52	0
musketeers	52	0
muzzle	52	0
nakamura	52	0
nameless	52	0
nasal	52	0
nationwide	52	0
navid	52	0
nearing	52	0
negatives	52	0
negotiator	52	0
netherlands	52	0
neurological	52	0
neutralize	52	0
newark	52	0
niagara	52	0
niki	52	0
ninjas	52	0
notebooks	52	0
nutrition	52	0
oats	52	0
odessa	52	0
ogden	52	0
okinawa	52	0
olympus	52	0
orbiting	52	0
orchids	52	0
orient	52	0
ortiz	52	0
outcast	52	0
outdated	52	0
outlook	52	0
outright	52	0
overlooking	52	0
palate	52	0
pappy	52	0
passages	52	0
passionately	52	0
patched	52	0
pathology	52	0
patriotism	52	0
pegged	52	0
perfected	52	0
petrified	52	0
pharmaceuticals	52	0
pharrell	52	0
pika	52	0
pinball	52	0
poked	52	0
poorer	52	0
powdered	52	0
prepares	52	0
prix	52	0
proclaim	52	0
profoundly	52	0
progressing	52	0
projected	52	0
propulsion	52	0
provider	52	0
provocative	52	0
prudence	52	0
psychologically	52	0
quake	52	0
quickest	52	0
raced	52	0
rah	52	0
rai	52	0
raisins	52	0
rapes	52	0
rashid	52	0
rattled	52	0
reacts	52	0
realities	52	0
realtor	52	0
reckoned	52	0
reckoning	52	0
recognized	52	0
redneck	52	0
reinforced	52	0
relating	52	0
reload	52	0
rematch	52	0
replicate	52	0
reproach	52	0
resistant	52	0
retching	52	0
rey	52	0
rica	52	0
rican	52	0
richter	52	0
ridley	52	0
riker	52	0
ringer	52	0
rolex	52	0
rom	52	0
rosario	52	0
rudi	52	0
salts	52	0
santana	52	0
sash	52	0
saxophone	52	0
scarred	52	0
schizophrenia	52	0
schoolgirl	52	0
schoolteacher	52	0
scolding	52	0
scraped	52	0
sculptor	52	0
scumbags	52	0
seatbelt	52	0
secretaries	52	0
sentiments	52	0
serbia	52	0
seriousness	52	0
settings	52	0
sewed	52	0
shaping	52	0
shelton	52	0
shiro	52	0
shootings	52	0
sibling	52	0
sie	52	0
sightseeing	52	0
silverware	52	0
sioux	52	0
sipping	52	0
sketchy	52	0
slang	52	0
slopes	52	0
slums	52	0
smitty	52	0
snag	52	0
socrates	52	0
splits	52	0
sprinkle	52	0
sprint	52	0
sprouts	52	0
stacks	52	0
stalls	52	0
startling	52	0
stature	52	0
stitched	52	0
storeroom	52	0
strains	52	0
strife	52	0
subspace	52	0
succeeds	52	0
sufficiently	52	0
suppressed	52	0
sweaters	52	0
sweeps	52	0
taboo	52	0
talkative	52	0
tallest	52	0
taser	52	0
teased	52	0
teleport	52	0
tending	52	0
terence	52	0
thrashing	52	0
thrusters	52	0
thursdays	52	0
tia	52	0
tickling	52	0
tink	52	0
tiresome	52	0
toki	52	0
tolls	52	0
toothless	52	0
trainers	52	0
tulip	52	0
tumour	52	0
turkeys	52	0
tut	52	0
tuvok	52	0
tvs	52	0
twister	52	0
undertaking	52	0
underwood	52	0
uninvited	52	0
unison	52	0
unkind	52	0
unrest	52	0
unwilling	52	0
urged	52	0
valentina	52	0
valeria	52	0
vern	52	0
veto	52	0
vibration	52	0
viewer	52	0
vincenzo	52	0
visibility	52	0
visionary	52	0
wad	52	0
wannabe	52	0
warlock	52	0
weaponry	52	0
widespread	52	0
wilcox	52	0
wilde	52	0
winged	52	0
witnessing	52	0
wolverine	52	0
wrinkled	52	0
xev	52	0
yamada	52	0
zedd	52	0
abode	51	0
accelerating	51	0
acceleration	51	0
achieving	51	0
adopting	51	0
aesthetic	51	0
airs	51	0
aki	51	0
albanian	51	0
albuquerque	51	0
aligned	51	0
alumni	51	0
analogy	51	0
anesthetic	51	0
annabel	51	0
annalise	51	0
anwar	51	0
apprehend	51	0
architects	51	0
asa	51	0
asgard	51	0
asteroids	51	0
atta	51	0
attain	51	0
attila	51	0
attitudes	51	0
bae	51	0
bagels	51	0
bagged	51	0
baldy	51	0
baloney	51	0
banter	51	0
barging	51	0
barkley	51	0
bedford	51	0
beetles	51	0
beige	51	0
beirut	51	0
beka	51	0
belfast	51	0
bellies	51	0
benevolent	51	0
benign	51	0
billings	51	0
birthmark	51	0
biz	51	0
blitz	51	0
blueprint	51	0
blurred	51	0
bobbie	51	0
boldly	51	0
bolivia	51	0
bolton	51	0
boobies	51	0
boop	51	0
bouncy	51	0
brides	51	0
briefs	51	0
brighten	51	0
bubbly	51	0
bueno	51	0
bumblebee	51	0
burglars	51	0
burnett	51	0
burp	51	0
cabs	51	0
cahill	51	0
calculation	51	0
canine	51	0
carnegie	51	0
casts	51	0
cecile	51	0
chameleon	51	0
chandelier	51	0
charities	51	0
charmer	51	0
chavez	51	0
chaz	51	0
chemotherapy	51	0
chilli	51	0
cinematography	51	0
clarice	51	0
claudio	51	0
clones	51	0
cobbler	51	0
collars	51	0
collide	51	0
comedians	51	0
commitments	51	0
commits	51	0
companionship	51	0
complication	51	0
concede	51	0
cones	51	0
consecutive	51	0
consistently	51	0
consort	51	0
consuming	51	0
contraband	51	0
contradiction	51	0
cortez	51	0
cosmetic	51	0
coulda	51	0
crabtree	51	0
cranberry	51	0
crucify	51	0
cryin	51	0
cylons	51	0
daffy	51	0
dalek	51	0
damnit	51	0
dangling	51	0
darla	51	0
davina	51	0
debating	51	0
defines	51	0
deity	51	0
delaware	51	0
demented	51	0
demolished	51	0
deodorant	51	0
detachment	51	0
detectors	51	0
developer	51	0
develops	51	0
dialysis	51	0
dinging	51	0
dion	51	0
distributor	51	0
dodo	51	0
dole	51	0
dreamy	51	0
dries	51	0
drilled	51	0
dual	51	0
dubious	51	0
dud	51	0
editors	51	0
edmond	51	0
electron	51	0
eliminating	51	0
elmer	51	0
eloise	51	0
embark	51	0
emerges	51	0
enigma	51	0
erect	51	0
eviction	51	0
exclude	51	0
explicit	51	0
extends	51	0
ezekiel	51	0
faction	51	0
fatter	51	0
fda	51	0
fergus	51	0
ferret	51	0
filet	51	0
fished	51	0
fixes	51	0
flores	51	0
fm	51	0
folds	51	0
follower	51	0
forthcoming	51	0
fragrant	51	0
freezes	51	0
fundamentally	51	0
ghostly	51	0
gigolo	51	0
glands	51	0
gnome	51	0
governess	51	0
grapefruit	51	0
greenwich	51	0
gregg	51	0
grinning	51	0
grooming	51	0
gruber	51	0
guitars	51	0
gulp	51	0
gums	51	0
gyu	51	0
hackers	51	0
hairstyle	51	0
hark	51	0
hasan	51	0
hathaway	51	0
hawke	51	0
hazardous	51	0
hearse	51	0
heirloom	51	0
hemorrhage	51	0
hendricks	51	0
heroism	51	0
hierarchy	51	0
holdup	51	0
homicides	51	0
homosexuals	51	0
honours	51	0
hoof	51	0
hooper	51	0
hopelessly	51	0
horizons	51	0
hors	51	0
horton	51	0
hotline	51	0
housework	51	0
humankind	51	0
hurley	51	0
hurried	51	0
hype	51	0
hypnotized	51	0
ichi	51	0
idols	51	0
IFS	51	0
induce	51	0
infidelity	51	0
ingenuity	51	0
insolence	51	0
integrated	51	0
intensifies	51	0
inventing	51	0
iPhone	51	0
isaiah	51	0
isles	51	0
jacky	51	0
jailed	51	0
jams	51	0
jens	51	0
jewelry	51	0
jimi	51	0
jong	51	0
judgmental	51	0
juggling	51	0
kaylie	51	0
kerosene	51	0
kiev	51	0
kimchi	51	0
kneeling	51	0
laddie	51	0
lafayette	51	0
lag	51	0
lanterns	51	0
latitude	51	0
leaping	51	0
learner	51	0
lecturing	51	0
legions	51	0
leprechaun	51	0
leung	51	0
levine	51	0
lexx	51	0
lifeline	51	0
lineage	51	0
lobsters	51	0
locally	51	0
lockers	51	0
lon	51	0
lug	51	0
madhouse	51	0
maia	51	0
malloy	51	0
mammal	51	0
manhunt	51	0
mantis	51	0
manually	51	0
mardi	51	0
marek	51	0
marple	51	0
marseilles	51	0
martyrs	51	0
mathias	51	0
mats	51	0
mccall	51	0
mckinley	51	0
measles	51	0
meatloaf	51	0
memento	51	0
memoirs	51	0
menus	51	0
meowing	51	0
merrily	51	0
meticulous	51	0
mets	51	0
micki	51	0
mildly	51	0
milkshake	51	0
millimeter	51	0
minions	51	0
mondays	51	0
moretti	51	0
motherfuckin	51	0
mounting	51	0
mstoll	51	0
munitions	51	0
munna	51	0
murph	51	0
mutually	51	0
nachos	51	0
neighboring	51	0
nephews	51	0
nests	51	0
newbie	51	0
nia	51	0
nicholson	51	0
nicotine	51	0
nightgown	51	0
nominee	51	0
nominees	51	0
nostalgic	51	0
nostrils	51	0
notions	51	0
nugget	51	0
nutcase	51	0
oaks	51	0
ofyou	51	0
operators	51	0
optical	51	0
organized	51	0
oslo	51	0
overreacted	51	0
overslept	51	0
owing	51	0
paddles	51	0
paired	51	0
palaces	51	0
pancho	51	0
partisans	51	0
pastries	51	0
persist	51	0
pesetas	51	0
pew	51	0
pic	51	0
plastered	51	0
plunged	51	0
polishing	51	0
polygraph	51	0
porky	51	0
portions	51	0
prodigy	51	0
prolonged	51	0
prosecuting	51	0
protesters	51	0
puffy	51	0
puny	51	0
puttin	51	0
quad	51	0
quark	51	0
quebec	51	0
railways	51	0
ratted	51	0
ravine	51	0
recipient	51	0
recollection	51	0
recommendations	51	0
reconciliation	51	0
reconstruct	51	0
reflecting	51	0
reformed	51	0
refreshments	51	0
rejecting	51	0
rejects	51	0
remnants	51	0
resigning	51	0
respecting	51	0
rev	51	0
revived	51	0
revoked	51	0
riviera	51	0
roadside	51	0
rochelle	51	0
rodent	51	0
rog	51	0
rooney	51	0
rushes	51	0
salaries	51	0
salazar	51	0
sanderson	51	0
sandro	51	0
scenarios	51	0
schooling	51	0
schwartz	51	0
scottie	51	0
scriptures	51	0
scrubbed	51	0
seagull	51	0
securities	51	0
seduction	51	0
selfishness	51	0
sellers	51	0
selves	51	0
sever	51	0
shackles	51	0
sharpen	51	0
sheltered	51	0
shilling	51	0
shing	51	0
shrewd	51	0
simpsons	51	0
slaughterhouse	51	0
sledge	51	0
sleepwalking	51	0
slid	51	0
slop	51	0
smokey	51	0
smugglers	51	0
snickering	51	0
snort	51	0
soaring	51	0
sobriety	51	0
spatter	51	0
spawn	51	0
spirited	51	0
spotless	51	0
squashed	51	0
stabilized	51	0
staked	51	0
stalked	51	0
stalled	51	0
starling	51	0
startle	51	0
staten	51	0
stellar	51	0
stevenson	51	0
stomachs	51	0
stomping	51	0
straps	51	0
submarines	51	0
sup	51	0
suppliers	51	0
supporter	51	0
sur	51	0
surya	51	0
suspecting	51	0
swarming	51	0
sweatshirt	51	0
sweethearts	51	0
swells	51	0
swiped	51	0
synchro	51	0
synchronized	51	0
taelon	51	0
taggart	51	0
tarts	51	0
taxis	51	0
tended	51	0
tendencies	51	0
tensions	51	0
theres	51	0
thrashed	51	0
tijuana	51	0
timetable	51	0
tiniest	51	0
titty	51	0
topped	51	0
toro	51	0
trailing	51	0
trait	51	0
translating	51	0
transmissions	51	0
tremendously	51	0
tres	51	0
trough	51	0
tubbs	51	0
tucson	51	0
tutoring	51	0
twain	51	0
tyrone	51	0
undertake	51	0
unified	51	0
unloading	51	0
unni	51	0
unorthodox	51	0
unravel	51	0
untouchable	51	0
uphill	51	0
vamos	51	0
variation	51	0
vat	51	0
vibes	51	0
vigilant	51	0
visualize	51	0
vocation	51	0
vogel	51	0
volumes	51	0
vou	51	0
vp	51	0
wallets	51	0
wartime	51	0
wasteland	51	0
waterloo	51	0
wharf	51	0
whirlwind	51	0
wholesale	51	0
wield	51	0
wingman	51	0
wither	51	0
withholding	51	0
wizards	51	0
writ	51	0
yanks	51	0
yuen	51	0
zulu	51	0
abundant	50	0
accompanying	50	0
acquisition	50	0
activists	50	0
adama	50	0
addictive	50	0
adelaide	50	0
adjacent	50	0
advising	50	0
advisors	50	0
affidavit	50	0
ahjussi	50	0
aiding	50	0
airlock	50	0
ajax	50	0
alderman	50	0
alibis	50	0
almonds	50	0
alms	50	0
amigos	50	0
ammonia	50	0
Android	50	0
angrily	50	0
announcements	50	0
anthrax	50	0
appetizer	50	0
appliances	50	0
archaeological	50	0
architectural	50	0
arouse	50	0
aspen	50	0
aspirations	50	0
aston	50	0
augustine	50	0
awoke	50	0
babs	50	0
bane	50	0
barrister	50	0
baylor	50	0
bead	50	0
beatings	50	0
bel	50	0
bergman	50	0
bernardo	50	0
bernstein	50	0
bickering	50	0
bins	50	0
biologist	50	0
bipolar	50	0
bojack	50	0
bosco	50	0
bot	50	0
bowler	50	0
boxed	50	0
braddock	50	0
bren	50	0
bri	50	0
bruv	50	0
bullshitting	50	0
caffrey	50	0
calming	50	0
calms	50	0
camped	50	0
campers	50	0
cannes	50	0
carousel	50	0
carp	50	0
caterer	50	0
celtic	50	0
chandra	50	0
chases	50	0
checkbook	50	0
cheered	50	0
chimps	50	0
chou	50	0
christening	50	0
chucked	50	0
chunky	50	0
cipher	50	0
circled	50	0
civilised	50	0
cj	50	0
clank	50	0
clarissa	50	0
claudius	50	0
climbs	50	0
clogged	50	0
coastline	50	0
cocoon	50	0
cognitive	50	0
commute	50	0
compel	50	0
compulsive	50	0
conceited	50	0
conquering	50	0
conservatory	50	0
conspicuous	50	0
conspired	50	0
contemplate	50	0
contraption	50	0
cordon	50	0
corpus	50	0
corral	50	0
correctional	50	0
councilor	50	0
counselor	50	0
creations	50	0
crunchy	50	0
crusaders	50	0
crutches	50	0
cubic	50	0
cubicle	50	0
cultivate	50	0
custer	50	0
cuter	50	0
damascus	50	0
dancin	50	0
decrease	50	0
defiant	50	0
deficit	50	0
defining	50	0
degrading	50	0
delphine	50	0
denounce	50	0
denzel	50	0
depraved	50	0
descriptions	50	0
devastation	50	0
devout	50	0
diagram	50	0
digestive	50	0
diminished	50	0
directory	50	0
discredit	50	0
discreetly	50	0
ditto	50	0
diverted	50	0
dividing	50	0
dodged	50	0
doggone	50	0
dolan	50	0
domino	50	0
donating	50	0
donkeys	50	0
drags	50	0
dredge	50	0
drinkin	50	0
dunes	50	0
dynamics	50	0
earp	50	0
egan	50	0
elixir	50	0
elm	50	0
emir	50	0
enrico	50	0
entertainer	50	0
entourage	50	0
ephram	50	0
errol	50	0
escorting	50	0
ethiopia	50	0
evade	50	0
evils	50	0
exceeded	50	0
exchanging	50	0
exploits	50	0
extending	50	0
farnsworth	50	0
fasting	50	0
fester	50	0
fickle	50	0
fiesta	50	0
finalists	50	0
finder	50	0
fines	50	0
firefighters	50	0
flake	50	0
flaps	50	0
flashed	50	0
fluent	50	0
footing	50	0
forbids	50	0
forsake	50	0
foyle	50	0
freeing	50	0
friedrich	50	0
frightful	50	0
frisbee	50	0
fronts	50	0
fuji	50	0
fullest	50	0
furnished	50	0
furs	50	0
gadgets	50	0
galley	50	0
gallo	50	0
gambled	50	0
garner	50	0
garza	50	0
gauze	50	0
generating	50	0
georgina	50	0
gibbons	50	0
giovanna	50	0
glare	50	0
gloat	50	0
gloom	50	0
gloss	50	0
goalie	50	0
goner	50	0
gothic	50	0
gots	50	0
gowns	50	0
grammy	50	0
greenland	50	0
gs	50	0
guatemala	50	0
guesses	50	0
gunmen	50	0
gutted	50	0
hamish	50	0
handcuff	50	0
handgun	50	0
harrington	50	0
hearsay	50	0
heartbreaking	50	0
heathen	50	0
hesitated	50	0
hewes	50	0
hickey	50	0
hillbilly	50	0
holloway	50	0
homing	50	0
horrendous	50	0
horsemen	50	0
hover	50	0
huff	50	0
hugely	50	0
hurl	50	0
hurrying	50	0
illicit	50	0
imagery	50	0
impersonating	50	0
implanted	50	0
implicated	50	0
imposter	50	0
indispensable	50	0
infections	50	0
infernal	50	0
insanely	50	0
inserted	50	0
intellectuals	50	0
invoice	50	0
ipad	50	0
jagger	50	0
javi	50	0
jennie	50	0
jerri	50	0
jie	50	0
jodi	50	0
jubilee	50	0
keepers	50	0
keypad	50	0
killin	50	0
kimura	50	0
kinder	50	0
kitchens	50	0
knicks	50	0
knuckle	50	0
koran	50	0
kryptonite	50	0
landscapes	50	0
landslide	50	0
larceny	50	0
lashes	50	0
lavon	50	0
lawsuits	50	0
lax	50	0
lear	50	0
lebanon	50	0
leeches	50	0
likelihood	50	0
limping	50	0
lister	50	0
lodging	50	0
lol	50	0
lowering	50	0
lucid	50	0
lucinda	50	0
lumpy	50	0
lyin	50	0
magma	50	0
mahoney	50	0
majors	50	0
mako	50	0
makoto	50	0
manifesto	50	0
mannequin	50	0
mano	50	0
mans	50	0
marches	50	0
maris	50	0
markus	50	0
masturbating	50	0
maverick	50	0
mcnamara	50	0
mead	50	0
medicinal	50	0
medina	50	0
mellie	50	0
merle	50	0
messengers	50	0
midtown	50	0
mileage	50	0
miley	50	0
milking	50	0
mime	50	0
mimicking	50	0
minivan	50	0
mints	50	0
miraculously	50	0
misconduct	50	0
misled	50	0
mocked	50	0
momentarily	50	0
momo	50	0
monumental	50	0
moths	50	0
mousse	50	0
muy	50	0
naina	50	0
naruto	50	0
naught	50	0
nein	50	0
nestor	50	0
newt	50	0
nightly	50	0
nobleman	50	0
nooo	50	0
notre	50	0
nurture	50	0
odo	50	0
offenses	50	0
okey	50	0
omelette	50	0
oop	50	0
ordinarily	50	0
originals	50	0
ornament	50	0
ottoman	50	0
outward	50	0
oww	50	0
pacing	50	0
paloma	50	0
papal	50	0
parisian	50	0
parrish	50	0
pastures	50	0
patrolling	50	0
paved	50	0
pawnee	50	0
paxton	50	0
penises	50	0
pepsi	50	0
perceptive	50	0
perrine	50	0
petting	50	0
phoney	50	0
physicists	50	0
pia	50	0
pimps	50	0
podium	50	0
polka	50	0
populated	50	0
positioned	50	0
praising	50	0
pratap	50	0
premeditated	50	0
prescriptions	50	0
preservation	50	0
presley	50	0
pressured	50	0
pretzel	50	0
pretzels	50	0
priestess	50	0
prized	50	0
profiles	50	0
proverb	50	0
pubic	50	0
pubs	50	0
puked	50	0
puking	50	0
pulmonary	50	0
punctured	50	0
quoted	50	0
rabble	50	0
raffle	50	0
raghu	50	0
railing	50	0
rainbows	50	0
rainer	50	0
rambling	50	0
ramos	50	0
rampage	50	0
rated	50	0
redundant	50	0
reece	50	0
reeks	50	0
rejoin	50	0
relied	50	0
remington	50	0
renata	50	0
renovation	50	0
repaid	50	0
reproduction	50	0
restart	50	0
restoring	50	0
restrained	50	0
retained	50	0
revelations	50	0
revival	50	0
ridiculously	50	0
riff	50	0
rigor	50	0
rimmer	50	0
rochester	50	0
rommel	50	0
roofs	50	0
roper	50	0
rounding	50	0
ru	50	0
rupture	50	0
salads	50	0
sami	50	0
scientology	50	0
scrolls	50	0
scrutiny	50	0
sculptures	50	0
seasonal	50	0
securing	50	0
seein	50	0
severance	50	0
shep	50	0
shipyard	50	0
shrunk	50	0
shucks	50	0
shui	50	0
similarly	50	0
skinned	50	0
skips	50	0
slender	50	0
smallville	50	0
sneezing	50	0
solves	50	0
soprano	50	0
specialise	50	0
sprout	50	0
squads	50	0
stairway	50	0
starlight	50	0
starr	50	0
stasis	50	0
stoked	50	0
stressing	50	0
strolling	50	0
stronghold	50	0
stumbling	50	0
stutters	50	0
suitor	50	0
sulfur	50	0
superiority	50	0
supervised	50	0
surrounds	50	0
suture	50	0
swans	50	0
sweetly	50	0
tabitha	50	0
takeout	50	0
tampa	50	0
tangible	50	0
tatiana	50	0
taxpayers	50	0
temperament	50	0
tenure	50	0
terminator	50	0
territorial	50	0
thaw	50	0
thinker	50	0
throbbing	50	0
tiara	50	0
tien	50	0
tilly	50	0
tinkling	50	0
tonnes	50	0
topics	50	0
toyota	50	0
travers	50	0
treasurer	50	0
tribune	50	0
trilling	50	0
trivia	50	0
tumbling	50	0
turin	50	0
twists	50	0
uber	50	0
unconditional	50	0
uncool	50	0
unexplained	50	0
unholy	50	0
universes	50	0
unmarked	50	0
unofficial	50	0
unprotected	50	0
unwind	50	0
upgraded	50	0
urgh	50	0
ust	50	0
utopia	50	0
vaginal	50	0
valves	50	0
vanishing	50	0
variations	50	0
varsity	50	0
veterinarian	50	0
visitation	50	0
walkers	50	0
wanderer	50	0
watchin	50	0
waterfront	50	0
wayward	50	0
weaving	50	0
wednesdays	50	0
whips	50	0
whirl	50	0
wholly	50	0
wilkins	50	0
wolfgang	50	0
wrinkle	50	0
yearn	50	0
yeung	50	0
yogi	50	0
yorker	50	0
yuko	50	0
yumi	50	0
yusuf	50	0
abduct	49	0
accomplishments	49	0
adaptation	49	0
adrien	49	0
affections	49	0
ahhhh	49	0
ahmad	49	0
aladdin	49	0
alliances	49	0
amor	49	0
andres	49	0
annoys	49	0
antoinette	49	0
aorta	49	0
appealed	49	0
aqua	49	0
arabian	49	0
aristotle	49	0
articulate	49	0
atf	49	0
audacity	49	0
austen	49	0
avenged	49	0
avenger	49	0
avi	49	0
aviv	49	0
backgrounds	49	0
ballpark	49	0
barack	49	0
behavioral	49	0
belches	49	0
bertram	49	0
bertrand	49	0
bestow	49	0
betrothed	49	0
bewitched	49	0
biased	49	0
bicycles	49	0
bikers	49	0
bison	49	0
blazer	49	0
bloodbath	49	0
bloodthirsty	49	0
bombings	49	0
bombshell	49	0
bonkers	49	0
bonny	49	0
booker	49	0
breeds	49	0
britta	49	0
brodie	49	0
bronson	49	0
brood	49	0
brooding	49	0
bub	49	0
buggers	49	0
bureaucracy	49	0
cabbie	49	0
cabins	49	0
cadaver	49	0
caged	49	0
calculus	49	0
candid	49	0
candies	49	0
candlelight	49	0
canister	49	0
cannibals	49	0
cannonball	49	0
capri	49	0
carlin	49	0
carlotta	49	0
carotid	49	0
cartridge	49	0
casablanca	49	0
cassius	49	0
caveman	49	0
cbi	49	0
chants	49	0
char	49	0
charly	49	0
cheques	49	0
chinaman	49	0
chivalry	49	0
choppers	49	0
christa	49	0
citadel	49	0
clancy	49	0
clary	49	0
claustrophobic	49	0
clinics	49	0
clinks	49	0
cloning	49	0
closets	49	0
coloring	49	0
combinations	49	0
commie	49	0
communal	49	0
competitions	49	0
condescending	49	0
conduit	49	0
confessor	49	0
conqueror	49	0
consistency	49	0
conspiring	49	0
contingency	49	0
continuity	49	0
coordination	49	0
cornelius	49	0
coronary	49	0
corroborate	49	0
counselors	49	0
coyotes	49	0
creak	49	0
creamy	49	0
crisps	49	0
criticizing	49	0
crowe	49	0
crumb	49	0
cultured	49	0
curved	49	0
cyprus	49	0
daisies	49	0
danke	49	0
danvers	49	0
dara	49	0
darrell	49	0
dazzle	49	0
dears	49	0
decorator	49	0
deduction	49	0
deena	49	0
deepak	49	0
defeating	49	0
defenders	49	0
deke	49	0
delights	49	0
dependable	49	0
detest	49	0
devoured	49	0
dietrich	49	0
dildo	49	0
dimensional	49	0
dingo	49	0
dipper	49	0
disapprove	49	0
diseased	49	0
dishonor	49	0
dismantle	49	0
distortion	49	0
dooley	49	0
doubling	49	0
douchebag	49	0
downing	49	0
downloading	49	0
drivin	49	0
duff	49	0
dumpling	49	0
duran	49	0
eggman	49	0
eggplant	49	0
ekg	49	0
elastic	49	0
ell	49	0
eminent	49	0
emissions	49	0
emperors	49	0
enmity	49	0
enslaved	49	0
entrances	49	0
entries	49	0
ese	49	0
eskimo	49	0
esta	49	0
evenly	49	0
exceed	49	0
executions	49	0
extinguisher	49	0
extremes	49	0
eyewitnesses	49	0
faintest	49	0
fainting	49	0
faintly	49	0
famished	49	0
fathom	49	0
favorable	49	0
filters	49	0
finley	49	0
fins	49	0
fisk	49	0
fives	49	0
flashback	49	0
flips	49	0
fluff	49	0
flutter	49	0
forcibly	49	0
foresee	49	0
frigid	49	0
gaines	49	0
galloping	49	0
gayle	49	0
gazette	49	0
giselle	49	0
giulio	49	0
glaciers	49	0
goddam	49	0
godforsaken	49	0
grandeur	49	0
grazing	49	0
guillermo	49	0
gunned	49	0
gynecologist	49	0
hairdo	49	0
hancock	49	0
hani	49	0
hawkes	49	0
hawthorne	49	0
hemorrhaging	49	0
hermes	49	0
herriot	49	0
hick	49	0
historians	49	0
holster	49	0
honored	49	0
honoring	49	0
hoods	49	0
hooligans	49	0
hornet	49	0
hospice	49	0
humping	49	0
huts	49	0
hydraulic	49	0
impaired	49	0
impending	49	0
imperfect	49	0
impolite	49	0
incarcerated	49	0
incurable	49	0
independently	49	0
indications	49	0
indies	49	0
induced	49	0
inhaling	49	0
injunction	49	0
insinuating	49	0
intending	49	0
internally	49	0
intersect	49	0
intimidation	49	0
intricate	49	0
introductions	49	0
isobel	49	0
jackal	49	0
jamaican	49	0
java	49	0
jest	49	0
jive	49	0
juanita	49	0
judah	49	0
jumong	49	0
justification	49	0
kabul	49	0
karthik	49	0
katia	49	0
keaton	49	0
kingston	49	0
kobayashi	49	0
koo	49	0
krang	49	0
kraut	49	0
kruger	49	0
lacrosse	49	0
lager	49	0
laird	49	0
lamar	49	0
langston	49	0
lapse	49	0
lard	49	0
lateral	49	0
lavatory	49	0
lennie	49	0
lenore	49	0
libya	49	0
limestone	49	0
limitless	49	0
liner	49	0
lingering	49	0
litre	49	0
lotto	49	0
lyric	49	0
madagascar	49	0
magnets	49	0
malignant	49	0
mani	49	0
maniacs	49	0
mansfield	49	0
marino	49	0
marv	49	0
mathematician	49	0
mathieu	49	0
mavis	49	0
maxie	49	0
mayan	49	0
mckenna	49	0
meatwad	49	0
meek	49	0
meng	49	0
mila	49	0
mishap	49	0
missionaries	49	0
mitsuko	49	0
mizuki	49	0
mme	49	0
moby	49	0
modify	49	0
molecule	49	0
monaco	49	0
montague	49	0
montecito	49	0
mooing	49	0
moonshine	49	0
mordecai	49	0
mossad	49	0
mulligan	49	0
mundane	49	0
mythbusters	49	0
nandu	49	0
nibble	49	0
nickels	49	0
nightcap	49	0
nirvana	49	0
nominate	49	0
nottingham	49	0
novice	49	0
nudge	49	0
nuggets	49	0
oblivious	49	0
occurring	49	0
odette	49	0
odyssey	49	0
offline	49	0
orbits	49	0
orgasms	49	0
ornaments	49	0
os	49	0
otter	49	0
overtake	49	0
overturned	49	0
packaging	49	0
paging	49	0
palestinians	49	0
pamphlet	49	0
pang	49	0
patrice	49	0
pauly	49	0
pears	49	0
pebble	49	0
pedestal	49	0
pedestrian	49	0
peeling	49	0
penetrating	49	0
pestering	49	0
petit	49	0
petite	49	0
plagued	49	0
pledges	49	0
plotted	49	0
plump	49	0
plunder	49	0
plymouth	49	0
polluted	49	0
pooped	49	0
populations	49	0
poseidon	49	0
premonition	49	0
presumptuous	49	0
primo	49	0
pristine	49	0
propeller	49	0
prospective	49	0
prying	49	0
psychiatry	49	0
psychosis	49	0
pu	49	0
publishers	49	0
pulitzer	49	0
putin	49	0
puzzled	49	0
quail	49	0
quantico	49	0
qui	49	0
quilt	49	0
quitter	49	0
rachael	49	0
raina	49	0
ranked	49	0
rarity	49	0
realization	49	0
rearrange	49	0
recharge	49	0
reconnect	49	0
regretting	49	0
relapse	49	0
relativity	49	0
relies	49	0
remainder	49	0
remembrance	49	0
repercussions	49	0
rephrase	49	0
reside	49	0
resides	49	0
retreated	49	0
retrieved	49	0
reunite	49	0
revered	49	0
reverence	49	0
revolutionaries	49	0
rhetorical	49	0
rhoda	49	0
rhode	49	0
rhys	49	0
roadblocks	49	0
robust	49	0
rotating	49	0
routines	49	0
ruddy	49	0
rumor	49	0
rustle	49	0
rutledge	49	0
sadist	49	0
salesmen	49	0
sampson	49	0
sanctioned	49	0
sanitation	49	0
sapphire	49	0
scarier	49	0
scariest	49	0
scorn	49	0
scrabble	49	0
scrapes	49	0
sculpting	49	0
sears	49	0
seasick	49	0
seductive	49	0
seizing	49	0
selena	49	0
seminary	49	0
senora	49	0
sentry	49	0
sera	49	0
sexiest	49	0
shamed	49	0
shanti	49	0
sheba	49	0
shedding	49	0
shone	49	0
shootin	49	0
shootout	49	0
showering	49	0
shrinks	49	0
shroud	49	0
sicilian	49	0
sidelines	49	0
singin	49	0
sitcom	49	0
skype	49	0
smacks	49	0
smeared	49	0
smelt	49	0
smoky	49	0
soothe	49	0
sphinx	49	0
springtime	49	0
spurs	49	0
stampede	49	0
staple	49	0
starsky	49	0
statistically	49	0
stimulation	49	0
stork	49	0
stout	49	0
strangling	49	0
strangulation	49	0
stutter	49	0
stylist	49	0
subtitled	49	0
subversive	49	0
suh	49	0
summertime	49	0
suns	49	0
supergirl	49	0
supernova	49	0
surfaces	49	0
suri	49	0
sweats	49	0
swede	49	0
sy	49	0
sympathies	49	0
synagogue	49	0
synced	49	0
syrian	49	0
tahiti	49	0
tarp	49	0
tau	49	0
teammate	49	0
telephones	49	0
templar	49	0
termites	49	0
terrance	49	0
thad	49	0
themes	49	0
therapeutic	49	0
therese	49	0
thunderbird	49	0
tiberius	49	0
tintin	49	0
toasted	49	0
tock	49	0
toddler	49	0
tokugawa	49	0
tolerant	49	0
transforming	49	0
translates	49	0
trendy	49	0
trucker	49	0
truffle	49	0
tuberculosis	49	0
uncontrollable	49	0
undefeated	49	0
unhappiness	49	0
unloaded	49	0
unsettling	49	0
unsuccessful	49	0
untraceable	49	0
uss	49	0
vader	49	0
valentino	49	0
vary	49	0
vasquez	49	0
vcr	49	0
ventilator	49	0
vertebrae	49	0
vertigo	49	0
viceroy	49	0
vie	49	0
vishnu	49	0
visually	49	0
vittorio	49	0
vulnerability	49	0
wacko	49	0
wards	49	0
warhead	49	0
warms	49	0
warped	49	0
weenie	49	0
weir	49	0
wholesome	49	0
width	49	0
wil	49	0
willoughby	49	0
willpower	49	0
windmill	49	0
yellowstone	49	0
yip	49	0
yoda	49	0
yoshida	49	0
zeb	49	0
zeros	49	0
abuses	48	0
accents	48	0
accumulated	48	0
ach	48	0
advancement	48	0
adversity	48	0
aftermath	48	0
ag	48	0
aida	48	0
airtight	48	0
alignment	48	0
alonzo	48	0
amaar	48	0
amid	48	0
anastasia	48	0
annihilate	48	0
anonymously	48	0
appalled	48	0
archangel	48	0
arises	48	0
arithmetic	48	0
armageddon	48	0
armpit	48	0
arne	48	0
arose	48	0
arraignment	48	0
ascend	48	0
assaults	48	0
astronomer	48	0
astronomical	48	0
auf	48	0
authenticity	48	0
avail	48	0
avocado	48	0
bachelorette	48	0
bale	48	0
barnett	48	0
beale	48	0
beets	48	0
beneficiary	48	0
bestowed	48	0
bieber	48	0
birthplace	48	0
bj	48	0
bjorn	48	0
blackmailer	48	0
blazes	48	0
bleeping	48	0
bling	48	0
blisters	48	0
blob	48	0
bloodline	48	0
boca	48	0
bonaparte	48	0
bora	48	0
braid	48	0
bran	48	0
brandi	48	0
brianna	48	0
briscoe	48	0
brits	48	0
buddhism	48	0
bulgaria	48	0
bulgarian	48	0
buoy	48	0
burbank	48	0
butchers	48	0
cade	48	0
calculator	48	0
campsite	48	0
canvass	48	0
cardassian	48	0
castor	48	0
categories	48	0
cath	48	0
cavalier	48	0
cavern	48	0
censorship	48	0
cheddar	48	0
cherokee	48	0
chirp	48	0
chong	48	0
choo	48	0
clanks	48	0
clergy	48	0
cliche	48	0
clothed	48	0
clutches	48	0
collaborate	48	0
combing	48	0
comma	48	0
compounds	48	0
compression	48	0
compulsion	48	0
coney	48	0
confided	48	0
constantinople	48	0
continuum	48	0
contributing	48	0
conventions	48	0
coordinated	48	0
corbett	48	0
corky	48	0
coven	48	0
craps	48	0
crawley	48	0
criticized	48	0
crock	48	0
crocker	48	0
csu	48	0
cummings	48	0
cushions	48	0
dag	48	0
danes	48	0
daniela	48	0
darned	48	0
daycare	48	0
deadbeat	48	0
defied	48	0
demolish	48	0
demonstrating	48	0
dempsey	48	0
determines	48	0
dilated	48	0
diligence	48	0
discard	48	0
discourage	48	0
dispense	48	0
disrupted	48	0
districts	48	0
distrust	48	0
divorcing	48	0
docked	48	0
dod	48	0
dramas	48	0
dukes	48	0
dusting	48	0
duval	48	0
dwarfs	48	0
eagerly	48	0
eatin	48	0
ecosystem	48	0
eels	48	0
ei	48	0
ellison	48	0
embryo	48	0
emilie	48	0
emissary	48	0
endorse	48	0
enid	48	0
enquiries	48	0
ensemble	48	0
environments	48	0
equator	48	0
escorts	48	0
etienne	48	0
eyelashes	48	0
fairfax	48	0
farted	48	0
fats	48	0
feldman	48	0
fetching	48	0
finesse	48	0
fitch	48	0
fleece	48	0
flex	48	0
flowed	48	0
forefathers	48	0
forman	48	0
format	48	0
frannie	48	0
frederic	48	0
frosting	48	0
fruitcake	48	0
fulton	48	0
fused	48	0
gaia	48	0
garbled	48	0
gazing	48	0
generously	48	0
genome	48	0
gentry	48	0
geology	48	0
giacomo	48	0
Gill	48	0
gladiators	48	0
godspeed	48	0
goebbels	48	0
googled	48	0
gordo	48	0
gossiping	48	0
governed	48	0
governors	48	0
graces	48	0
graphics	48	0
grit	48	0
guan	48	0
halves	48	0
hammers	48	0
hangman	48	0
healy	48	0
heaps	48	0
hearst	48	0
hefty	48	0
heinz	48	0
heiress	48	0
hem	48	0
hepatitis	48	0
heresy	48	0
heretic	48	0
hernia	48	0
herod	48	0
heterosexual	48	0
highways	48	0
hijack	48	0
hillside	48	0
hires	48	0
hispanic	48	0
histories	48	0
hither	48	0
hitman	48	0
hives	48	0
hokkaido	48	0
homeboy	48	0
hots	48	0
huntsmen	48	0
hwan	48	0
hyena	48	0
hypocritical	48	0
ignacio	48	0
imaginative	48	0
immaculate	48	0
impartial	48	0
impenetrable	48	0
impertinent	48	0
imprint	48	0
inauguration	48	0
incomprehensible	48	0
incorporate	48	0
inhaler	48	0
insistent	48	0
interpreted	48	0
interval	48	0
intoxicating	48	0
invoke	48	0
irritate	48	0
izzie	48	0
janeway	48	0
jazzy	48	0
jig	48	0
jigsaw	48	0
jove	48	0
kaoru	48	0
keel	48	0
kennel	48	0
kiddie	48	0
kimmie	48	0
kremlin	48	0
krusty	48	0
lawfully	48	0
leaps	48	0
lebeau	48	0
lenient	48	0
liege	48	0
linear	48	0
lisbeth	48	0
logging	48	0
logically	48	0
looky	48	0
loops	48	0
loudspeaker	48	0
louse	48	0
lube	48	0
madden	48	0
maggot	48	0
malpractice	48	0
mana	48	0
manuela	48	0
manufacturers	48	0
marquise	48	0
mas	48	0
mascara	48	0
masquerade	48	0
massa	48	0
massages	48	0
maui	48	0
mazel	48	0
mccann	48	0
measurement	48	0
medics	48	0
mehmet	48	0
menopause	48	0
mermaids	48	0
meryl	48	0
metabolism	48	0
michiko	48	0
militant	48	0
milkman	48	0
millennia	48	0
mimic	48	0
minefield	48	0
minimize	48	0
mono	48	0
monologue	48	0
mooney	48	0
moping	48	0
motivate	48	0
mueller	48	0
mushy	48	0
nacho	48	0
narrows	48	0
nationality	48	0
nav	48	0
neanderthal	48	0
neanderthals	48	0
neela	48	0
neutron	48	0
newcomers	48	0
newscaster	48	0
nicknames	48	0
nigh	48	0
nil	48	0
ning	48	0
nylon	48	0
oaf	48	0
obituary	48	0
objectives	48	0
observant	48	0
obsessing	48	0
occupational	48	0
occurrence	48	0
oily	48	0
olly	48	0
openings	48	0
orbital	48	0
ori	48	0
osgood	48	0
overflowing	48	0
ozone	48	0
palin	48	0
pap	48	0
parkinson	48	0
parson	48	0
pathological	48	0
peabody	48	0
peachy	48	0
pebbles	48	0
peng	48	0
peppermint	48	0
performs	48	0
perk	48	0
perky	48	0
pheasant	48	0
philosophers	48	0
pierrot	48	0
pilates	48	0
poached	48	0
poaching	48	0
ponytail	48	0
popeye	48	0
prejudiced	48	0
preschool	48	0
preserving	48	0
prevention	48	0
prima	48	0
problematic	48	0
proceeded	48	0
prodigal	48	0
prognosis	48	0
programmes	48	0
prometheus	48	0
prompt	48	0
proteins	48	0
provoking	48	0
prune	48	0
psychiatrists	48	0
publicist	48	0
purchasing	48	0
qualifies	48	0
quickie	48	0
racetrack	48	0
ralphie	48	0
rapists	48	0
ravishing	48	0
rd	48	0
recommending	48	0
recycle	48	0
reiko	48	0
rein	48	0
reinforce	48	0
remake	48	0
renewal	48	0
replay	48	0
repression	48	0
residual	48	0
restraints	48	0
resurrected	48	0
retaliate	48	0
retract	48	0
revised	48	0
righto	48	0
rizzo	48	0
roe	48	0
roxie	48	0
rundown	48	0
safeguard	48	0
sancho	48	0
satanic	48	0
schiller	48	0
schoolboy	48	0
scrambling	48	0
sculpt	48	0
seams	48	0
selective	48	0
senorita	48	0
sensory	48	0
septic	48	0
sergey	48	0
settlements	48	0
sexier	48	0
sharper	48	0
sheesh	48	0
shinji	48	0
shitload	48	0
shivers	48	0
shocker	48	0
shuddering	48	0
signore	48	0
silhouette	48	0
sinbad	48	0
sinus	48	0
slicing	48	0
slurps	48	0
smitten	48	0
snip	48	0
snout	48	0
snug	48	0
soles	48	0
sony	48	0
soundtrack	48	0
sp	48	0
specializes	48	0
spectacles	48	0
springer	48	0
squawk	48	0
stardate	48	0
stef	48	0
stems	48	0
stocked	48	0
striped	48	0
strut	48	0
submerged	48	0
subscription	48	0
subsequent	48	0
subsequently	48	0
sugars	48	0
superpowers	48	0
susceptible	48	0
swagger	48	0
swami	48	0
tabloid	48	0
tabloids	48	0
taipei	48	0
tantrum	48	0
taunting	48	0
telepathy	48	0
tentacles	48	0
thoughtless	48	0
thrice	48	0
thriller	48	0
tibetan	48	0
tickled	48	0
timeless	48	0
tingling	48	0
toenails	48	0
torched	48	0
tout	48	0
tov	48	0
tranquilizer	48	0
transcripts	48	0
truffles	48	0
tully	48	0
tumors	48	0
twenties	48	0
ufos	48	0
uma	48	0
umbrellas	48	0
unavoidable	48	0
unconventional	48	0
underdog	48	0
unintelligible	48	0
unlawful	48	0
uproar	48	0
vacancy	48	0
valentin	48	0
vanquish	48	0
variables	48	0
ver	48	0
verne	48	0
vigil	48	0
vinyl	48	0
vs	48	0
wank	48	0
warlord	48	0
warship	48	0
websites	48	0
whimsical	48	0
willa	48	0
withdrawing	48	0
withheld	48	0
woodrow	48	0
wreath	48	0
wring	48	0
yam	48	0
yapping	48	0
yawn	48	0
yeast	48	0
youths	48	0
yung	48	0
yves	48	0
zed	48	0
zee	48	0
zorro	48	0
aagh	47	0
abba	47	0
accessing	47	0
accommodations	47	0
addams	47	0
adrift	47	0
affliction	47	0
affordable	47	0
alchemy	47	0
alcoholics	47	0
alleys	47	0
alot	47	0
altercation	47	0
ambassadors	47	0
americas	47	0
annihilation	47	0
antarctic	47	0
anti	47	0
antimatter	47	0
aphrodite	47	0
archers	47	0
archibald	47	0
aristocrat	47	0
asphalt	47	0
aspire	47	0
aspiring	47	0
assumes	47	0
atkins	47	0
autism	47	0
awaited	47	0
baa	47	0
baffled	47	0
balm	47	0
banners	47	0
banzai	47	0
barbershop	47	0
beards	47	0
bebe	47	0
bela	47	0
biggs	47	0
binds	47	0
bisexual	47	0
blabbering	47	0
blackberry	47	0
blaster	47	0
blooms	47	0
boa	47	0
bobbi	47	0
botched	47	0
botox	47	0
bowed	47	0
boycott	47	0
bradshaw	47	0
brazen	47	0
breathless	47	0
bridesmaids	47	0
brittle	47	0
cabinets	47	0
cache	47	0
callum	47	0
campaigning	47	0
carnal	47	0
cartridges	47	0
caved	47	0
cayman	47	0
ceases	47	0
chandu	47	0
charred	47	0
chaser	47	0
chatty	47	0
cherie	47	0
chlorine	47	0
chopin	47	0
chore	47	0
clair	47	0
clarinet	47	0
clerks	47	0
clocked	47	0
clooney	47	0
coarse	47	0
colonists	47	0
commandment	47	0
commissar	47	0
commons	47	0
compressed	47	0
compute	47	0
condone	47	0
conferences	47	0
confine	47	0
conjure	47	0
consensual	47	0
consequently	47	0
conserve	47	0
consumers	47	0
contemplating	47	0
coo	47	0
cooker	47	0
cools	47	0
courtship	47	0
crafts	47	0
crammed	47	0
creams	47	0
cremation	47	0
creme	47	0
croak	47	0
crossbow	47	0
crucifix	47	0
crusader	47	0
cuddly	47	0
curing	47	0
curriculum	47	0
cutters	47	0
cyclone	47	0
cylinders	47	0
czar	47	0
czechoslovakia	47	0
daeso	47	0
dahlia	47	0
daydreaming	47	0
debrief	47	0
decor	47	0
defeats	47	0
defects	47	0
deirdre	47	0
deluded	47	0
dem	47	0
deprivation	47	0
dept	47	0
derived	47	0
devin	47	0
diablo	47	0
dials	47	0
diaphragm	47	0
dictated	47	0
diem	47	0
dink	47	0
dios	47	0
disorderly	47	0
disputes	47	0
distressing	47	0
divulge	47	0
dizziness	47	0
dow	47	0
drifter	47	0
droid	47	0
drowns	47	0
dui	47	0
dun	47	0
dusted	47	0
dysfunctional	47	0
eah	47	0
efficiently	47	0
egon	47	0
eject	47	0
emphasise	47	0
encyclopedia	47	0
enraged	47	0
epilepsy	47	0
epiphany	47	0
eradicate	47	0
esmeralda	47	0
eulogy	47	0
exaggeration	47	0
excitedly	47	0
excruciating	47	0
excursion	47	0
executing	47	0
exes	47	0
expendable	47	0
facade	47	0
fairytale	47	0
fam	47	0
fateful	47	0
feces	47	0
felonies	47	0
festivals	47	0
fiercely	47	0
fifi	47	0
filipino	47	0
filmmakers	47	0
financed	47	0
financials	47	0
firehouse	47	0
firewall	47	0
fitzpatrick	47	0
fiver	47	0
flagged	47	0
floorboards	47	0
flunked	47	0
fluttering	47	0
flux	47	0
foolproof	47	0
freckles	47	0
frida	47	0
frieda	47	0
fruity	47	0
furthest	47	0
fuses	47	0
gab	47	0
garde	47	0
garments	47	0
generic	47	0
gent	47	0
geologist	47	0
georgetown	47	0
germ	47	0
gingerbread	47	0
gland	47	0
glorified	47	0
gm	47	0
gonzales	47	0
graze	47	0
gregson	47	0
grips	47	0
grocer	47	0
groves	47	0
grudges	47	0
guinness	47	0
guise	47	0
gunny	47	0
hadley	47	0
haines	47	0
hallie	47	0
handbook	47	0
hanger	47	0
harald	47	0
harming	47	0
hashtag	47	0
hazy	47	0
heartland	47	0
hellhole	47	0
helsinki	47	0
hogs	47	0
hollering	47	0
holling	47	0
hombre	47	0
hooch	47	0
horde	47	0
hos	47	0
hosted	47	0
hustling	47	0
hyper	47	0
ifl	47	0
ifwe	47	0
immersed	47	0
impound	47	0
incest	47	0
inez	47	0
informants	47	0
initiating	47	0
inning	47	0
ins	47	0
insatiable	47	0
interim	47	0
intimately	47	0
involuntary	47	0
irritable	47	0
jawohl	47	0
jeanie	47	0
jehovah	47	0
jenn	47	0
joseon	47	0
jungles	47	0
kalinda	47	0
keating	47	0
keisha	47	0
keung	47	0
kicker	47	0
kieran	47	0
klingons	47	0
knowingly	47	0
kouji	47	0
kovac	47	0
lacerations	47	0
lamborghini	47	0
landon	47	0
larvae	47	0
lasalle	47	0
lasse	47	0
leningrad	47	0
leone	47	0
lexie	47	0
lexington	47	0
liberals	47	0
lifeboat	47	0
lifetimes	47	0
liras	47	0
locating	47	0
loomis	47	0
loren	47	0
lovingly	47	0
luv	47	0
lyons	47	0
mach	47	0
mackey	47	0
maintains	47	0
maki	47	0
mala	47	0
mandela	47	0
manned	47	0
marlow	47	0
massacred	47	0
masterson	47	0
mathilde	47	0
maynard	47	0
mcduck	47	0
mcguire	47	0
melodramatic	47	0
melons	47	0
mesa	47	0
middleman	47	0
misdemeanor	47	0
misleading	47	0
mmhmm	47	0
modifications	47	0
mongrel	47	0
moors	47	0
moped	47	0
mori	47	0
moroccan	47	0
motherhood	47	0
mower	47	0
mugging	47	0
muppet	47	0
nagasaki	47	0
nailing	47	0
nassau	47	0
Nepal	47	0
nesting	47	0
neuro	47	0
newcastle	47	0
nfl	47	0
nim	47	0
noelle	47	0
nook	47	0
nutter	47	0
obstinate	47	0
occupying	47	0
oils	47	0
ono	47	0
optimist	47	0
ordained	47	0
ordinance	47	0
oscars	47	0
outburst	47	0
overcooked	47	0
overhear	47	0
overjoyed	47	0
pai	47	0
parched	47	0
pardoned	47	0
patronize	47	0
pats	47	0
pediatrician	47	0
peking	47	0
pelt	47	0
perch	47	0
petroleum	47	0
physicians	47	0
pics	47	0
picturing	47	0
piers	47	0
pippi	47	0
pliers	47	0
plural	47	0
poachers	47	0
pointers	47	0
pooch	47	0
popsicle	47	0
portrayed	47	0
possessive	47	0
pre	47	0
predicting	47	0
premise	47	0
presiding	47	0
probst	47	0
prof	47	0
progressed	47	0
projecting	47	0
projections	47	0
propane	47	0
ps	47	0
psi	47	0
ptsd	47	0
pug	47	0
pulses	47	0
purchases	47	0
purest	47	0
qc	47	0
quartet	47	0
quirky	47	0
radiology	47	0
rafa	47	0
raiding	47	0
raisin	47	0
ramu	47	0
rana	47	0
ravens	47	0
ravioli	47	0
readily	47	0
rebekah	47	0
reciting	47	0
recruitment	47	0
recurring	47	0
reek	47	0
regal	47	0
reinstated	47	0
relocate	47	0
renault	47	0
researched	47	0
revolutions	47	0
rhine	47	0
riled	47	0
ripple	47	0
ritter	47	0
roderick	47	0
rollo	47	0
rooftops	47	0
rosary	47	0
rosetta	47	0
rosewood	47	0
rudolf	47	0
rumored	47	0
rutherford	47	0
sabina	47	0
saki	47	0
savvy	47	0
scavenger	47	0
scorpions	47	0
scourge	47	0
scrawny	47	0
scrubs	47	0
secluded	47	0
seismic	47	0
sentinel	47	0
serbs	47	0
sermons	47	0
shakily	47	0
sharona	47	0
sheds	47	0
sheng	47	0
shim	47	0
shipments	47	0
shorten	47	0
shovels	47	0
shutdown	47	0
shyam	47	0
sickening	47	0
siding	47	0
silicone	47	0
silky	47	0
simmer	47	0
skaar	47	0
skater	47	0
smacking	47	0
smashes	47	0
smother	47	0
snowed	47	0
snuggle	47	0
snyder	47	0
soggy	47	0
soiled	47	0
spacious	47	0
spaniard	47	0
sparring	47	0
spectator	47	0
spied	47	0
splashes	47	0
spontaneously	47	0
spunk	47	0
stafford	47	0
stalag	47	0
standpoint	47	0
stationary	47	0
stayin	47	0
steamer	47	0
stepdad	47	0
stereotype	47	0
stitching	47	0
stricken	47	0
stripe	47	0
subbing	47	0
sunflower	47	0
superpower	47	0
supplement	47	0
sustainable	47	0
sutter	47	0
swamps	47	0
swaying	47	0
takahashi	47	0
takeda	47	0
takeshi	47	0
tamed	47	0
tandy	47	0
tanning	47	0
tasteless	47	0
telescopes	47	0
tennyson	47	0
textbooks	47	0
thereafter	47	0
thrills	47	0
thunk	47	0
tic	47	0
tinkle	47	0
toothache	47	0
totem	47	0
tract	47	0
tragedies	47	0
trays	47	0
trev	47	0
tricia	47	0
tricking	47	0
tudor	47	0
turnover	47	0
tycoon	47	0
ucla	47	0
unanswered	47	0
unattended	47	0
unattractive	47	0
unbreakable	47	0
unclean	47	0
unpopular	47	0
unprepared	47	0
unwise	47	0
upstanding	47	0
urging	47	0
valencia	47	0
valor	47	0
vests	47	0
vocals	47	0
waitresses	47	0
wakey	47	0
walrus	47	0
wanders	47	0
warehouses	47	0
watcher	47	0
weirdos	47	0
welch	47	0
welcomes	47	0
weld	47	0
weller	47	0
whitaker	47	0
wiley	47	0
wilhelmina	47	0
willingness	47	0
winch	47	0
withered	47	0
withhold	47	0
wobbly	47	0
wrapper	47	0
wynn	47	0
yau	47	0
yelping	47	0
yeong	47	0
yeti	47	0
yippee	47	0
zak	47	0
zeta	47	0
zhen	47	0
zheng	47	0
abrupt	46	0
activating	46	0
addy	46	0
ade	46	0
admirers	46	0
afflicted	46	0
aggressively	46	0
agile	46	0
ahmet	46	0
aired	46	0
alamo	46	0
alden	46	0
align	46	0
allegation	46	0
amiss	46	0
andersen	46	0
announces	46	0
anonymity	46	0
anticipating	46	0
apostles	46	0
appetit	46	0
applauds	46	0
arden	46	0
arsonist	46	0
asbestos	46	0
astrology	46	0
attendants	46	0
autobots	46	0
baird	46	0
bakers	46	0
balancing	46	0
baptize	46	0
barricades	46	0
bayou	46	0
beastly	46	0
bedding	46	0
beeper	46	0
benz	46	0
berth	46	0
betrays	46	0
binary	46	0
binge	46	0
bishops	46	0
bistro	46	0
blackadder	46	0
blatant	46	0
blossomed	46	0
blunder	46	0
bona	46	0
bony	46	0
bottomless	46	0
boulders	46	0
bowen	46	0
bowing	46	0
brewer	46	0
brit	46	0
browns	46	0
bs	46	0
bucharest	46	0
buick	46	0
burdens	46	0
busiest	46	0
busts	46	0
buttercup	46	0
calder	46	0
cams	46	0
canals	46	0
captures	46	0
cardiff	46	0
cardio	46	0
carriages	46	0
carthage	46	0
cashmere	46	0
cater	46	0
celsius	46	0
centered	46	0
chakotay	46	0
chardonnay	46	0
chaste	46	0
chests	46	0
chihuahua	46	0
chimpanzee	46	0
chisel	46	0
chitchat	46	0
chloroform	46	0
chrome	46	0
chucky	46	0
circulating	46	0
clandestine	46	0
cleavage	46	0
clementine	46	0
clifton	46	0
climber	46	0
clippings	46	0
cluck	46	0
coca	46	0
col	46	0
collin	46	0
combining	46	0
combustion	46	0
communicator	46	0
composite	46	0
concerto	46	0
confessional	46	0
confronting	46	0
conscientious	46	0
contend	46	0
contender	46	0
contests	46	0
cookbook	46	0
cornelia	46	0
corvette	46	0
counselling	46	0
courteous	46	0
craven	46	0
creditors	46	0
crept	46	0
crutch	46	0
cuddy	46	0
darth	46	0
dashed	46	0
deactivate	46	0
delaying	46	0
delinda	46	0
det	46	0
detergent	46	0
dethklok	46	0
detonated	46	0
detox	46	0
dia	46	0
dictates	46	0
dieter	46	0
diligent	46	0
diplomats	46	0
dipshit	46	0
disguises	46	0
dislocated	46	0
disloyal	46	0
disoriented	46	0
displaced	46	0
disruption	46	0
ditching	46	0
dix	46	0
doctorate	46	0
dodd	46	0
dopey	46	0
dossier	46	0
drummond	46	0
dungeons	46	0
duped	46	0
edwina	46	0
ein	46	0
elly	46	0
emeralds	46	0
emmanuel	46	0
ems	46	0
enables	46	0
enlarged	46	0
envied	46	0
epstein	46	0
erupted	46	0
essays	46	0
etcetera	46	0
ethic	46	0
evac	46	0
evasion	46	0
evey	46	0
excel	46	0
excrement	46	0
exert	46	0
exhibits	46	0
exodus	46	0
extermination	46	0
faber	46	0
facilitate	46	0
fahrenheit	46	0
falco	46	0
fanatics	46	0
fated	46	0
femur	46	0
ferrara	46	0
fetal	46	0
filly	46	0
fined	46	0
fingernail	46	0
foes	46	0
folklore	46	0
forwarded	46	0
founders	46	0
fraulein	46	0
fuels	46	0
gable	46	0
galleries	46	0
gallop	46	0
gaping	46	0
garnish	46	0
garvey	46	0
gathers	46	0
geiger	46	0
generates	46	0
geographic	46	0
germaine	46	0
gills	46	0
glittering	46	0
goblins	46	0
goddamnit	46	0
gonzo	46	0
gopi	46	0
granting	46	0
granville	46	0
grasping	46	0
grievous	46	0
gucci	46	0
guerrillas	46	0
halibut	46	0
hammock	46	0
handiwork	46	0
hao	46	0
harbor	46	0
haru	46	0
harvesting	46	0
hauser	46	0
hayat	46	0
headmistress	46	0
healthcare	46	0
heightened	46	0
hesitating	46	0
hex	46	0
hindsight	46	0
Hindus	46	0
hitter	46	0
hobson	46	0
hock	46	0
hoe	46	0
homeroom	46	0
hoots	46	0
howell	46	0
hubbard	46	0
hunchback	46	0
hurdle	46	0
hyacinth	46	0
hypocrites	46	0
ideally	46	0
ie	46	0
illnesses	46	0
illustrated	46	0
implicate	46	0
improv	46	0
incriminate	46	0
indicator	46	0
infested	46	0
inflammation	46	0
injure	46	0
innkeeper	46	0
insecurity	46	0
insights	46	0
installing	46	0
insubordination	46	0
integration	46	0
intervals	46	0
intervened	46	0
intestine	46	0
irrigation	46	0
issuing	46	0
jolt	46	0
judgments	46	0
kabaddi	46	0
kam	46	0
katrine	46	0
keepin	46	0
kemal	46	0
keyes	46	0
kindest	46	0
kiran	46	0
kolchak	46	0
kolya	46	0
kraft	46	0
kuwait	46	0
laced	46	0
lamont	46	0
Lanka	46	0
larissa	46	0
lastly	46	0
leper	46	0
levy	46	0
liberating	46	0
licorice	46	0
lieutenants	46	0
litigation	46	0
locksmith	46	0
lockwood	46	0
locomotive	46	0
lofty	46	0
logistics	46	0
lolly	46	0
loophole	46	0
lore	46	0
loveliest	46	0
lowry	46	0
lutz	46	0
maidens	46	0
mais	46	0
mane	46	0
mania	46	0
mapped	46	0
margaritas	46	0
margins	46	0
matchmaker	46	0
matey	46	0
mattresses	46	0
md	46	0
meats	46	0
meditating	46	0
mendez	46	0
merrier	46	0
merrill	46	0
michaela	46	0
micro	46	0
misa	46	0
mislead	46	0
mistletoe	46	0
mistresses	46	0
mod	46	0
moles	46	0
monetary	46	0
mont	46	0
moray	46	0
morphin	46	0
motorway	46	0
mucho	46	0
mummies	46	0
mun	46	0
mural	46	0
mutated	46	0
nabbed	46	0
nance	46	0
napping	46	0
nazareth	46	0
newer	46	0
newkirk	46	0
nicknamed	46	0
nigeria	46	0
nightclubs	46	0
nikola	46	0
nocturnal	46	0
nona	46	0
notjust	46	0
nowt	46	0
nurturing	46	0
nutritious	46	0
oars	46	0
obeying	46	0
ofyour	46	0
opal	46	0
orpheus	46	0
ortega	46	0
overalls	46	0
overcoat	46	0
overworked	46	0
oxen	46	0
pamphlets	46	0
panty	46	0
partisan	46	0
pasadena	46	0
pecker	46	0
pelican	46	0
penalties	46	0
peppino	46	0
phaser	46	0
phi	46	0
pikachu	46	0
pinching	46	0
pining	46	0
piping	46	0
pitches	46	0
plankton	46	0
plastics	46	0
plums	46	0
poised	46	0
polio	46	0
ponder	46	0
poorest	46	0
portia	46	0
pressuring	46	0
proclaimed	46	0
proclamation	46	0
prolong	46	0
proprietor	46	0
provenza	46	0
pta	46	0
purify	46	0
pusher	46	0
putty	46	0
puyo	46	0
qaeda	46	0
radically	46	0
rampant	46	0
rattlesnake	46	0
rb	46	0
reassigned	46	0
reba	46	0
reboot	46	0
recognizing	46	0
recycled	46	0
refinery	46	0
reforms	46	0
refreshment	46	0
reggae	46	0
regrettable	46	0
relocated	46	0
repentance	46	0
replies	46	0
resented	46	0
resurrect	46	0
revere	46	0
revisit	46	0
reza	46	0
rigorous	46	0
rina	46	0
rogues	46	0
rosita	46	0
rubs	46	0
rupa	46	0
rupaul	46	0
rustic	46	0
salome	46	0
salted	46	0
sanctity	46	0
sandman	46	0
sanford	46	0
savoy	46	0
sayonara	46	0
scandals	46	0
scat	46	0
scented	46	0
scoffing	46	0
secular	46	0
seducing	46	0
seine	46	0
semi	46	0
seol	46	0
seon	46	0
sequences	46	0
shellfish	46	0
shitless	46	0
shogunate	46	0
shudders	46	0
sideshow	46	0
silo	46	0
sisko	46	0
situated	46	0
skywalker	46	0
slammer	46	0
slogans	46	0
smothered	46	0
smudge	46	0
sneaks	46	0
sodas	46	0
songwriter	46	0
sorceress	46	0
sorcery	46	0
sos	46	0
speciality	46	0
specter	46	0
spilt	46	0
spineless	46	0
spout	46	0
spruce	46	0
sputters	46	0
starry	46	0
startin	46	0
stoner	46	0
stroller	46	0
stubbornness	46	0
subordinate	46	0
sulk	46	0
sulu	46	0
superhuman	46	0
supervising	46	0
surpassed	46	0
surrendering	46	0
swapping	46	0
swims	46	0
swirling	46	0
switchboard	46	0
symmetry	46	0
systematically	46	0
tac	46	0
tagging	46	0
tampons	46	0
tb	46	0
teapot	46	0
teas	46	0
technicality	46	0
techs	46	0
tehran	46	0
telepathic	46	0
thundering	46	0
thyself	46	0
ticked	46	0
ticklish	46	0
tidings	46	0
tiff	46	0
tig	46	0
tipsy	46	0
tormenting	46	0
toxicology	46	0
toying	46	0
trample	46	0
tranquility	46	0
transgender	46	0
transvestite	46	0
treadmill	46	0
trident	46	0
trusty	46	0
tsui	46	0
tubby	46	0
tulips	46	0
turban	46	0
tuttle	46	0
twit	46	0
twos	46	0
ugliest	46	0
unaccounted	46	0
unbeatable	46	0
undergoing	46	0
unlocking	46	0
unpacking	46	0
unplug	46	0
unpunished	46	0
variable	46	0
varied	46	0
vaults	46	0
veggie	46	0
venetian	46	0
vengeful	46	0
ventura	46	0
vibrate	46	0
vices	46	0
vigorous	46	0
vindictive	46	0
visas	46	0
vixen	46	0
volkswagen	46	0
wainwright	46	0
waldorf	46	0
waterproof	46	0
watery	46	0
waverly	46	0
waxed	46	0
whence	46	0
whistler	46	0
whitehall	46	0
widowed	46	0
woven	46	0
yap	46	0
yokohama	46	0
aang	45	0
abbas	45	0
abominable	45	0
aborted	45	0
abrasions	45	0
absorbing	45	0
accountants	45	0
accursed	45	0
admittedly	45	0
adventurer	45	0
advertised	45	0
aggie	45	0
ahjumma	45	0
airspace	45	0
alexandre	45	0
alfa	45	0
algiers	45	0
alligators	45	0
alloy	45	0
ambulances	45	0
andes	45	0
annex	45	0
annulment	45	0
antelope	45	0
antics	45	0
apaches	45	0
apos	45	0
appropriately	45	0
apps	45	0
arbitrary	45	0
archaeology	45	0
archery	45	0
arches	45	0
aristocracy	45	0
aristocrats	45	0
armada	45	0
armchair	45	0
ascension	45	0
ascertain	45	0
asha	45	0
assert	45	0
atop	45	0
atrocious	45	0
attackers	45	0
attenborough	45	0
augusta	45	0
authorised	45	0
autistic	45	0
autobiography	45	0
axes	45	0
aztec	45	0
bachelors	45	0
baltic	45	0
banning	45	0
bannister	45	0
barman	45	0
barons	45	0
bartholomew	45	0
basque	45	0
bathrobe	45	0
bayonet	45	0
bedrock	45	0
bene	45	0
bennie	45	0
berman	45	0
betrayer	45	0
bismarck	45	0
bitcoin	45	0
blackboard	45	0
blackouts	45	0
blanc	45	0
blanchard	45	0
bleedin	45	0
blip	45	0
bluebell	45	0
boardwalk	45	0
bogart	45	0
bok	45	0
bongo	45	0
bonuses	45	0
booger	45	0
borough	45	0
bosch	45	0
bounces	45	0
braver	45	0
bribing	45	0
brice	45	0
brightness	45	0
brothels	45	0
buffoon	45	0
bunty	45	0
burrow	45	0
calleigh	45	0
callous	45	0
calmer	45	0
camila	45	0
cancellation	45	0
cauldron	45	0
cauliflower	45	0
cbc	45	0
census	45	0
chalice	45	0
champs	45	0
chantal	45	0
charissa	45	0
chestnuts	45	0
chez	45	0
chipper	45	0
circulate	45	0
ck	45	0
cleansed	45	0
clemens	45	0
clement	45	0
clubbing	45	0
clusters	45	0
coals	45	0
comforted	45	0
commandos	45	0
commencing	45	0
communicated	45	0
comp	45	0
completes	45	0
compromises	45	0
compulsory	45	0
condor	45	0
coos	45	0
corp	45	0
counties	45	0
courtesan	45	0
cretin	45	0
crusoe	45	0
crybaby	45	0
cryptic	45	0
cuckold	45	0
cultivated	45	0
curled	45	0
curling	45	0
cutlery	45	0
daggers	45	0
dario	45	0
dashboard	45	0
dawes	45	0
dawned	45	0
deadliest	45	0
deanna	45	0
decapitated	45	0
deceitful	45	0
decode	45	0
deem	45	0
defences	45	0
defying	45	0
denounced	45	0
dimes	45	0
dinky	45	0
disagreed	45	0
discord	45	0
disgruntled	45	0
dislikes	45	0
distributing	45	0
dives	45	0
dmitri	45	0
dok	45	0
dominance	45	0
dotty	45	0
downstream	45	0
drainage	45	0
dresden	45	0
dub	45	0
ducking	45	0
dune	45	0
emailed	45	0
embezzlement	45	0
empires	45	0
encoded	45	0
endangering	45	0
entities	45	0
estranged	45	0
excavation	45	0
exorcist	45	0
exterminator	45	0
extinguish	45	0
eyed	45	0
fabricated	45	0
fabrics	45	0
famously	45	0
fantasize	45	0
farnon	45	0
favored	45	0
feller	45	0
feverish	45	0
fiddler	45	0
fightin	45	0
fireflies	45	0
firefly	45	0
fiscal	45	0
fittest	45	0
flammable	45	0
flannel	45	0
fliers	45	0
floppy	45	0
flung	45	0
forbade	45	0
forgetful	45	0
forwarding	45	0
fountains	45	0
framework	45	0
francie	45	0
frazer	45	0
frazier	45	0
freshmen	45	0
frisky	45	0
frodo	45	0
fuelled	45	0
garry	45	0
genghis	45	0
gibraltar	45	0
gimmick	45	0
gist	45	0
gizmo	45	0
gloucester	45	0
glucose	45	0
glum	45	0
goguryeo	45	0
gonzalez	45	0
gorman	45	0
goth	45	0
governing	45	0
gracefully	45	0
grampa	45	0
graph	45	0
grate	45	0
grumbles	45	0
guitarist	45	0
hailed	45	0
hailing	45	0
hakeem	45	0
halley	45	0
hallways	45	0
handmade	45	0
hanks	45	0
hardison	45	0
harshly	45	0
hartman	45	0
hasta	45	0
henchmen	45	0
henna	45	0
hesitant	45	0
higgs	45	0
hoi	45	0
hooded	45	0
hoodlums	45	0
horseshit	45	0
ht	45	0
hue	45	0
humid	45	0
humorous	45	0
hushed	45	0
hussy	45	0
hyenas	45	0
hypnotic	45	0
hysterically	45	0
ibm	45	0
ignores	45	0
iittle	45	0
improvised	45	0
inconclusive	45	0
inconsiderate	45	0
inconsistent	45	0
indie	45	0
indulgence	45	0
infants	45	0
inga	45	0
inge	45	0
inspected	45	0
instinctively	45	0
interstellar	45	0
ironed	45	0
ish	45	0
itches	45	0
ivanovich	45	0
ivo	45	0
jefe	45	0
jeweler	45	0
jimmie	45	0
jitters	45	0
jokers	45	0
juggle	45	0
julianne	45	0
kan	45	0
katarina	45	0
keenan	45	0
kenzi	45	0
kern	45	0
kickin	45	0
kits	45	0
klan	45	0
krypton	45	0
kun	45	0
laboratories	45	0
labored	45	0
ladders	45	0
lassiter	45	0
launcher	45	0
lavish	45	0
leicester	45	0
lesley	45	0
libraries	45	0
licenses	45	0
lifesaver	45	0
lobos	45	0
loitering	45	0
looted	45	0
luce	45	0
ly	45	0
lyman	45	0
magdalena	45	0
mapping	45	0
maritime	45	0
marmalade	45	0
maru	45	0
massimo	45	0
mata	45	0
matteo	45	0
matured	45	0
maximus	45	0
mccain	45	0
mcgarrett	45	0
mclaren	45	0
meanest	45	0
measly	45	0
mended	45	0
meningitis	45	0
merged	45	0
midori	45	0
mikael	45	0
mined	45	0
minneapolis	45	0
mistaking	45	0
misunderstandings	45	0
mitt	45	0
mla	45	0
mobilize	45	0
mocha	45	0
monet	45	0
mongolia	45	0
monoxide	45	0
morgana	45	0
mortified	45	0
movers	45	0
muff	45	0
navel	45	0
neglecting	45	0
Neha	45	0
neurons	45	0
nic	45	0
nicaragua	45	0
niche	45	0
nodding	45	0
nothingness	45	0
notification	45	0
nutshell	45	0
nyu	45	0
obesity	45	0
obstructing	45	0
offending	45	0
ofthis	45	0
ohhhh	45	0
olympia	45	0
orphaned	45	0
othello	45	0
outlets	45	0
overgrown	45	0
overkill	45	0
overreact	45	0
oxide	45	0
pansy	45	0
paro	45	0
parry	45	0
parsley	45	0
pauper	45	0
pawned	45	0
payson	45	0
pelvic	45	0
pendleton	45	0
perilous	45	0
perm	45	0
petrov	45	0
phasers	45	0
phobia	45	0
piazza	45	0
piccolo	45	0
pickpocket	45	0
pigsty	45	0
pilate	45	0
pim	45	0
plaid	45	0
plating	45	0
platonic	45	0
pol	45	0
poldark	45	0
pollock	45	0
poultry	45	0
pounce	45	0
prenup	45	0
prerogative	45	0
probes	45	0
processor	45	0
profiling	45	0
projectile	45	0
promenade	45	0
promoter	45	0
proofs	45	0
prophecies	45	0
prosthetic	45	0
prowl	45	0
punishable	45	0
purses	45	0
qiu	45	0
quixote	45	0
quot	45	0
rahl	45	0
ramiro	45	0
Rani	45	0
rankin	45	0
rapture	45	0
ratchet	45	0
realism	45	0
reassured	45	0
recap	45	0
recovers	45	0
recreational	45	0
redeemed	45	0
reeling	45	0
regeneration	45	0
regis	45	0
regression	45	0
reigns	45	0
reopened	45	0
replacements	45	0
reproductive	45	0
requiring	45	0
resilient	45	0
respective	45	0
revise	45	0
rhetoric	45	0
rhythms	45	0
riddled	45	0
rigging	45	0
roaches	45	0
roasting	45	0
rollers	45	0
roo	45	0
roswell	45	0
roundabout	45	0
roxton	45	0
royalties	45	0
rubies	45	0
ruff	45	0
sac	45	0
sadder	45	0
saffron	45	0
salud	45	0
samuels	45	0
sarajevo	45	0
savor	45	0
sawdust	45	0
sax	45	0
scanlon	45	0
scofield	45	0
scorpio	45	0
scrapbook	45	0
scruples	45	0
sculpted	45	0
seamstress	45	0
seamus	45	0
seasoning	45	0
seenu	45	0
seinfeld	45	0
sensations	45	0
seville	45	0
shaker	45	0
shifu	45	0
sho	45	0
shoelaces	45	0
shrek	45	0
shriek	45	0
shuffling	45	0
siamese	45	0
sicker	45	0
sickly	45	0
similarity	45	0
simulate	45	0
siri	45	0
slots	45	0
slurring	45	0
snooze	45	0
sodom	45	0
sofie	45	0
soto	45	0
sovereignty	45	0
spiritually	45	0
splat	45	0
splendor	45	0
spotting	45	0
sprinkles	45	0
stinkin	45	0
stonehenge	45	0
storing	45	0
storming	45	0
stow	45	0
straits	45	0
strangler	45	0
strayed	45	0
strickland	45	0
subdue	45	0
suburb	45	0
suede	45	0
suitors	45	0
sunscreen	45	0
supermodel	45	0
surfaced	45	0
susana	45	0
susannah	45	0
swag	45	0
swann	45	0
swindler	45	0
taft	45	0
takumi	45	0
talon	45	0
tasteful	45	0
taurus	45	0
tempered	45	0
templeton	45	0
tenor	45	0
tetanus	45	0
textile	45	0
threes	45	0
timely	45	0
tino	45	0
topper	45	0
touya	45	0
trampoline	45	0
trapping	45	0
tropics	45	0
trucking	45	0
twigs	45	0
twirl	45	0
tyr	45	0
uglier	45	0
ugliness	45	0
ultraviolet	45	0
umbilical	45	0
unchanged	45	0
undies	45	0
undoing	45	0
uneven	45	0
unrealistic	45	0
upstream	45	0
urinating	45	0
valhalla	45	0
vanishes	45	0
vanya	45	0
vapour	45	0
vascular	45	0
vendors	45	0
verb	45	0
verona	45	0
vets	45	0
vicente	45	0
vila	45	0
violets	45	0
waive	45	0
warheads	45	0
warrick	45	0
wasps	45	0
wat	45	0
watchers	45	0
watered	45	0
wavelength	45	0
weakling	45	0
whims	45	0
wickedness	45	0
winthrop	45	0
woodland	45	0
woulda	45	0
xin	45	0
yanked	45	0
yon	45	0
zing	45	0
abandonment	44	0
abolished	44	0
acapulco	44	0
activation	44	0
advert	44	0
aegisshi	44	0
aimee	44	0
airways	44	0
alaikum	44	0
albania	44	0
albino	44	0
albright	44	0
algorithms	44	0
alpine	44	0
alrighty	44	0
altering	44	0
alto	44	0
amalia	44	0
ambiguous	44	0
anarchists	44	0
anchovies	44	0
annihilated	44	0
anubis	44	0
aphrodisiac	44	0
applicants	44	0
argentine	44	0
armani	44	0
armor	44	0
arrivals	44	0
artemis	44	0
asano	44	0
asians	44	0
atticus	44	0
attributed	44	0
attributes	44	0
augie	44	0
baekje	44	0
baldrick	44	0
barrage	44	0
bashing	44	0
bashir	44	0
bergen	44	0
binder	44	0
bitterly	44	0
bligh	44	0
blockhead	44	0
bloods	44	0
blower	44	0
boasting	44	0
boating	44	0
bohemian	44	0
bombardment	44	0
bonehead	44	0
bonsoir	44	0
bores	44	0
boundless	44	0
branding	44	0
branson	44	0
brie	44	0
britches	44	0
bulge	44	0
burdened	44	0
bureaucratic	44	0
butting	44	0
cabo	44	0
cali	44	0
canadians	44	0
canceled	44	0
canterbury	44	0
canton	44	0
cardinals	44	0
carlyle	44	0
cartels	44	0
castile	44	0
catalyst	44	0
catheter	44	0
ceramic	44	0
chakra	44	0
charades	44	0
chas	44	0
checkout	44	0
cheery	44	0
chilean	44	0
cicero	44	0
claudette	44	0
climbers	44	0
clippers	44	0
clouded	44	0
coerced	44	0
combed	44	0
commemorate	44	0
compensated	44	0
compressions	44	0
concealing	44	0
concessions	44	0
conditioned	44	0
confer	44	0
confetti	44	0
conjecture	44	0
consciously	44	0
consignment	44	0
contraction	44	0
contusions	44	0
conversing	44	0
converting	44	0
corresponding	44	0
cosette	44	0
craze	44	0
cris	44	0
critique	44	0
critters	44	0
croissant	44	0
croissants	44	0
crossfire	44	0
crowning	44	0
crushes	44	0
cubans	44	0
cv	44	0
dab	44	0
daddies	44	0
dangle	44	0
danube	44	0
dao	44	0
dar	44	0
debs	44	0
decadent	44	0
declares	44	0
deduct	44	0
deficiency	44	0
denim	44	0
depicted	44	0
depleted	44	0
derivative	44	0
destroyers	44	0
devise	44	0
devoid	44	0
diagnose	44	0
dickinson	44	0
digestion	44	0
dined	44	0
dinnertime	44	0
disfigured	44	0
disks	44	0
dissatisfied	44	0
disturbs	44	0
divinity	44	0
doghouse	44	0
domingo	44	0
dominican	44	0
dotted	44	0
downey	44	0
dragonfly	44	0
dreadfully	44	0
dubbed	44	0
durham	44	0
dysfunction	44	0
earthlings	44	0
eggnog	44	0
eichmann	44	0
elevation	44	0
elka	44	0
eloquent	44	0
emblem	44	0
encourages	44	0
enquire	44	0
enzyme	44	0
esme	44	0
evict	44	0
excalibur	44	0
exceedingly	44	0
excites	44	0
exhilarating	44	0
experimented	44	0
expresses	44	0
expulsion	44	0
exterminated	44	0
extinguished	44	0
extremists	44	0
fab	44	0
factions	44	0
fares	44	0
fawn	44	0
femme	44	0
fenner	44	0
ferengi	44	0
fernandez	44	0
fiddling	44	0
figaro	44	0
fiji	44	0
firecracker	44	0
firecrackers	44	0
flamingo	44	0
flattened	44	0
flirted	44	0
flustered	44	0
fondue	44	0
fontaine	44	0
foreboding	44	0
forsyte	44	0
frenchmen	44	0
fricking	44	0
frightfully	44	0
froggy	44	0
frylock	44	0
fulfill	44	0
gabriella	44	0
Ganga	44	0
garrity	44	0
gaul	44	0
gaza	44	0
gazelle	44	0
genoa	44	0
georgian	44	0
gerda	44	0
ghouls	44	0
giver	44	0
glock	44	0
glover	44	0
golfing	44	0
gout	44	0
granddaddy	44	0
gravely	44	0
greased	44	0
grievances	44	0
grilling	44	0
groupie	44	0
grownups	44	0
grrr	44	0
guacamole	44	0
gulls	44	0
gurgles	44	0
hahaha	44	0
halifax	44	0
hamid	44	0
hamper	44	0
har	44	0
harboring	44	0
harker	44	0
harvested	44	0
hayward	44	0
hbo	44	0
hearted	44	0
hefner	44	0
hei	44	0
hellish	44	0
henning	44	0
herc	44	0
hijacking	44	0
hippy	44	0
holographic	44	0
homies	44	0
hooky	44	0
hooligan	44	0
horst	44	0
housed	44	0
housewarming	44	0
hula	44	0
humanoid	44	0
humbled	44	0
huntington	44	0
hybrids	44	0
hyperspace	44	0
hypothermia	44	0
illogical	44	0
ilya	44	0
imaginable	44	0
improbable	44	0
improves	44	0
impudent	44	0
impure	44	0
inadvertently	44	0
inconceivable	44	0
indirectly	44	0
inexplicable	44	0
injecting	44	0
insure	44	0
insurgents	44	0
integral	44	0
intergalactic	44	0
interruptions	44	0
intuitive	44	0
inventive	44	0
irreplaceable	44	0
jailer	44	0
janeiro	44	0
jessi	44	0
jester	44	0
jobless	44	0
johnston	44	0
juliana	44	0
kao	44	0
karel	44	0
keegan	44	0
kensington	44	0
keyhole	44	0
khalid	44	0
killian	44	0
kilograms	44	0
kindred	44	0
knackered	44	0
kosovo	44	0
kraang	44	0
kravitz	44	0
kwang	44	0
laces	44	0
lacy	44	0
lain	44	0
launches	44	0
laundromat	44	0
ld	44	0
lecturer	44	0
licks	44	0
lik	44	0
lingo	44	0
lithium	44	0
loins	44	0
lomax	44	0
longevity	44	0
lookie	44	0
lookit	44	0
lor	44	0
lordy	44	0
loyalties	44	0
lum	44	0
lupe	44	0
lupus	44	0
magnetism	44	0
maja	44	0
mali	44	0
maman	44	0
manga	44	0
manifestation	44	0
manuscripts	44	0
mariano	44	0
masons	44	0
mausoleum	44	0
maxi	44	0
mayfield	44	0
mba	44	0
mcallister	44	0
mccartney	44	0
melville	44	0
membrane	44	0
menacing	44	0
mending	44	0
messin	44	0
metaphors	44	0
microphones	44	0
midge	44	0
milhouse	44	0
mince	44	0
moat	44	0
mobility	44	0
muir	44	0
multiplied	44	0
multitude	44	0
murky	44	0
mussels	44	0
myka	44	0
myron	44	0
narc	44	0
navarro	44	0
neelix	44	0
nerdy	44	0
nessa	44	0
nietzsche	44	0
nik	44	0
nils	44	0
nitrate	44	0
nitro	44	0
noone	44	0
noticeable	44	0
nourishment	44	0
nursed	44	0
ny	44	0
oan	44	0
oar	44	0
obese	44	0
ofcourse	44	0
ooooh	44	0
optic	44	0
optional	44	0
orchestrated	44	0
orville	44	0
osman	44	0
overdoing	44	0
overflow	44	0
overloaded	44	0
pacino	44	0
parrots	44	0
pasquale	44	0
passageway	44	0
passwords	44	0
pastime	44	0
pawns	44	0
pedigree	44	0
percival	44	0
perpetrators	44	0
perseverance	44	0
persia	44	0
pertinent	44	0
pesky	44	0
petrovich	44	0
pharaohs	44	0
physiology	44	0
pied	44	0
piero	44	0
pil	44	0
pimple	44	0
pixie	44	0
playback	44	0
polling	44	0
pompeii	44	0
pornographic	44	0
posterity	44	0
potions	44	0
potts	44	0
prays	44	0
prefecture	44	0
presentable	44	0
presto	44	0
pricey	44	0
probie	44	0
productivity	44	0
progression	44	0
promotions	44	0
prompted	44	0
provision	44	0
provisional	44	0
prowess	44	0
prude	44	0
purcell	44	0
purring	44	0
quarrels	44	0
quench	44	0
quicksand	44	0
racers	44	0
radish	44	0
rafi	44	0
raleigh	44	0
ranting	44	0
rapids	44	0
reefs	44	0
refreshed	44	0
regulate	44	0
relates	44	0
remi	44	0
remission	44	0
removes	44	0
rendering	44	0
repel	44	0
repetition	44	0
reversal	44	0
revolving	44	0
rhea	44	0
rhythmically	44	0
ridges	44	0
ridin	44	0
rika	44	0
rikers	44	0
romantically	44	0
ronaldo	44	0
ronin	44	0
ros	44	0
roseanne	44	0
rugs	44	0
rusted	44	0
ruxin	44	0
sacrificial	44	0
salvo	44	0
sanatorium	44	0
sanctions	44	0
sarcophagus	44	0
saroyan	44	0
sasquatch	44	0
saucy	44	0
sayid	44	0
scab	44	0
scams	44	0
scarves	44	0
scepter	44	0
schematics	44	0
sealing	44	0
sender	44	0
ser	44	0
shank	44	0
shapiro	44	0
shards	44	0
shayne	44	0
sheen	44	0
shenanigans	44	0
shindo	44	0
shopkeeper	44	0
showroom	44	0
sieg	44	0
sigma	44	0
silencer	44	0
skylar	44	0
slasher	44	0
sloth	44	0
slump	44	0
sm	44	0
smartass	44	0
smarts	44	0
smithers	44	0
sms	44	0
snare	44	0
snows	44	0
soot	44	0
sores	44	0
sou	44	0
sparing	44	0
spec	44	0
spiderman	44	0
spills	44	0
spinster	44	0
spores	44	0
spouting	44	0
squish	44	0
staking	44	0
standstill	44	0
std	44	0
stint	44	0
stockton	44	0
stooges	44	0
strands	44	0
stringer	44	0
stub	44	0
stubbs	44	0
subjective	44	0
succeeding	44	0
successes	44	0
succumb	44	0
summat	44	0
sundae	44	0
swedes	44	0
swindle	44	0
tact	44	0
taffy	44	0
tailed	44	0
takers	44	0
tampon	44	0
tangle	44	0
tapestry	44	0
tarot	44	0
taxpayer	44	0
tenderly	44	0
tenner	44	0
teo	44	0
terrors	44	0
thefts	44	0
theology	44	0
thermos	44	0
thunderstorm	44	0
tigger	44	0
timo	44	0
tonsils	44	0
topher	44	0
topping	44	0
tortures	44	0
transformer	44	0
trashy	44	0
traveled	44	0
trends	44	0
trickster	44	0
triplets	44	0
trippin	44	0
trisha	44	0
triumphs	44	0
trumps	44	0
tulsa	44	0
turbulent	44	0
twitching	44	0
typhoid	44	0
ulterior	44	0
umpire	44	0
uncharted	44	0
undeniable	44	0
understudy	44	0
undetected	44	0
uniquely	44	0
unlocks	44	0
unofficially	44	0
unresolved	44	0
untied	44	0
untimely	44	0
untold	44	0
ussr	44	0
utensils	44	0
vanquished	44	0
vantage	44	0
vd	44	0
verde	44	0
verity	44	0
veterinary	44	0
vials	44	0
vicodin	44	0
violinist	44	0
vivien	44	0
vroom	44	0
waiver	44	0
walnuts	44	0
warbling	44	0
warranty	44	0
warships	44	0
warts	44	0
watanabe	44	0
watt	44	0
wexler	44	0
wichita	44	0
wickham	44	0
widen	44	0
woodwork	44	0
workings	44	0
worships	44	0
wouid	44	0
wrongful	44	0
xanax	44	0
xing	44	0
yelp	44	0
yemen	44	0
yiddish	44	0
yosemite	44	0
yuk	44	0
zeppelin	44	0
abdullah	43	0
abracadabra	43	0
absolution	43	0
absolve	43	0
abstinence	43	0
acids	43	0
acp	43	0
adjourn	43	0
admiralty	43	0
adolescence	43	0
adrianna	43	0
adverse	43	0
aerobics	43	0
akiko	43	0
albatross	43	0
albeit	43	0
alcatraz	43	0
alchemist	43	0
alcoholism	43	0
alexx	43	0
alvaro	43	0
angelic	43	0
antichrist	43	0
antidepressants	43	0
appease	43	0
arkady	43	0
arlington	43	0
arman	43	0
armoured	43	0
armpits	43	0
asphyxiation	43	0
astrologer	43	0
attribute	43	0
auditioned	43	0
auld	43	0
autopilot	43	0
babble	43	0
bacterial	43	0
bala	43	0
barged	43	0
barter	43	0
bashful	43	0
bavaria	43	0
bazooka	43	0
beagle	43	0
beaming	43	0
beecher	43	0
bellowing	43	0
benches	43	0
benoit	43	0
beret	43	0
beryl	43	0
bikinis	43	0
bile	43	0
birkoff	43	0
birthright	43	0
births	43	0
bitty	43	0
blackbird	43	0
bleachers	43	0
blowout	43	0
bogey	43	0
bohannon	43	0
boomerang	43	0
booms	43	0
bourne	43	0
brainiac	43	0
brainless	43	0
braking	43	0
britannia	43	0
bronco	43	0
busboy	43	0
buttermilk	43	0
buyeo	43	0
cad	43	0
caper	43	0
cappie	43	0
capt	43	0
carbs	43	0
cardigan	43	0
caruso	43	0
catacombs	43	0
charlatan	43	0
chatted	43	0
checklist	43	0
chem	43	0
chink	43	0
christophe	43	0
chuckie	43	0
chugging	43	0
circumcised	43	0
cleanliness	43	0
clutching	43	0
coached	43	0
coding	43	0
commendable	43	0
commies	43	0
committees	43	0
compliance	43	0
concur	43	0
conflicted	43	0
connelly	43	0
connolly	43	0
conroy	43	0
consented	43	0
constitutes	43	0
converse	43	0
corabeth	43	0
correspond	43	0
corset	43	0
costas	43	0
coupled	43	0
crackpot	43	0
cranes	43	0
crazies	43	0
croatia	43	0
croc	43	0
cues	43	0
culprits	43	0
cuss	43	0
daimon	43	0
daktari	43	0
dalai	43	0
debates	43	0
decorative	43	0
def	43	0
defends	43	0
defuse	43	0
dehydration	43	0
delirium	43	0
demi	43	0
demoted	43	0
dentists	43	0
descends	43	0
deva	43	0
devilish	43	0
dianne	43	0
dill	43	0
dirtbag	43	0
disarmed	43	0
disclosed	43	0
discs	43	0
disengage	43	0
dismal	43	0
dismount	43	0
disobedience	43	0
disrupting	43	0
disturbances	43	0
divorces	43	0
docket	43	0
dominating	43	0
donahue	43	0
doofus	43	0
dopamine	43	0
dorms	43	0
dory	43	0
dougal	43	0
dowager	43	0
dozed	43	0
dribble	43	0
droids	43	0
droppings	43	0
ducked	43	0
dumbo	43	0
duress	43	0
dutchman	43	0
eastwood	43	0
ebola	43	0
eiji	43	0
electoral	43	0
elevate	43	0
emi	43	0
emt	43	0
enforced	43	0
englishmen	43	0
enron	43	0
entrees	43	0
entrepreneurs	43	0
ep	43	0
ergo	43	0
eros	43	0
erupt	43	0
essentials	43	0
evacuating	43	0
eveything	43	0
evilly	43	0
examinations	43	0
expire	43	0
extensions	43	0
famed	43	0
farrow	43	0
faulkner	43	0
fawlty	43	0
feathered	43	0
flexibility	43	0
flier	43	0
floral	43	0
fodder	43	0
foolishly	43	0
forearm	43	0
forging	43	0
forte	43	0
fortified	43	0
fortitude	43	0
franck	43	0
frederik	43	0
freedoms	43	0
frenchy	43	0
fresno	43	0
friedman	43	0
fro	43	0
frock	43	0
fruitful	43	0
galilee	43	0
garnet	43	0
gassed	43	0
gastric	43	0
gaulle	43	0
geologists	43	0
geordie	43	0
geraldine	43	0
ghoul	43	0
gilligan	43	0
glances	43	0
glimmer	43	0
godless	43	0
goofing	43	0
goran	43	0
gould	43	0
gourd	43	0
graciously	43	0
graders	43	0
grazed	43	0
greener	43	0
gretel	43	0
grits	43	0
groping	43	0
groundbreaking	43	0
grr	43	0
guesthouse	43	0
gummy	43	0
happenin	43	0
harlot	43	0
hatches	43	0
heartburn	43	0
hedges	43	0
helmut	43	0
helpers	43	0
hematoma	43	0
herrmann	43	0
hess	43	0
hewitt	43	0
hinder	43	0
hitomi	43	0
hodja	43	0
holdin	43	0
hospitable	43	0
humpty	43	0
hurricanes	43	0
hymns	43	0
icarus	43	0
icebox	43	0
ieft	43	0
iggy	43	0
imaginations	43	0
impacts	43	0
imports	43	0
inbound	43	0
indisposed	43	0
inflatable	43	0
inherent	43	0
installments	43	0
instalment	43	0
instances	43	0
insufferable	43	0
interestingly	43	0
intermission	43	0
invisibility	43	0
irishman	43	0
itunes	43	0
ives	43	0
janek	43	0
jeering	43	0
jocks	43	0
jolene	43	0
jolie	43	0
jugs	43	0
jugular	43	0
juniors	43	0
juries	43	0
kanan	43	0
karla	43	0
katerina	43	0
kazakhstan	43	0
kazuo	43	0
kee	43	0
kepler	43	0
khrushchev	43	0
kilometer	43	0
kiosk	43	0
kites	43	0
klaxon	43	0
knowledgeable	43	0
koala	43	0
koenig	43	0
kwai	43	0
lackey	43	0
lament	43	0
landfill	43	0
latent	43	0
latimer	43	0
latrine	43	0
lawman	43	0
leaflets	43	0
leaky	43	0
lebanese	43	0
lecter	43	0
leif	43	0
lengthy	43	0
leprosy	43	0
lev	43	0
lewd	43	0
lindy	43	0
locusts	43	0
lodgings	43	0
lolita	43	0
lorelei	43	0
lorne	43	0
luftwaffe	43	0
lula	43	0
luminous	43	0
lyndon	43	0
lynne	43	0
magnesium	43	0
magnifying	43	0
mailing	43	0
manfred	43	0
mangy	43	0
maniacally	43	0
marlin	43	0
maroon	43	0
marquez	43	0
masseuse	43	0
matador	43	0
matinee	43	0
maury	43	0
mccabe	43	0
mcclaren	43	0
mccord	43	0
mcgill	43	0
mechanisms	43	0
melodrama	43	0
melrose	43	0
mer	43	0
mesh	43	0
mhm	43	0
miao	43	0
microbes	43	0
microsoft	43	0
midsummer	43	0
midterm	43	0
millicent	43	0
milt	43	0
minotaur	43	0
minx	43	0
misaki	43	0
mistrial	43	0
mittens	43	0
momentary	43	0
momentous	43	0
mor	43	0
moreau	43	0
mums	43	0
munching	43	0
musicals	43	0
musk	43	0
musket	43	0
nandini	43	0
narayan	43	0
narcissistic	43	0
negligent	43	0
networking	43	0
nieces	43	0
niels	43	0
nielsen	43	0
nodded	43	0
nola	43	0
noona	43	0
noriko	43	0
nr	43	0
nukes	43	0
ob	43	0
observers	43	0
octavia	43	0
oink	43	0
olden	43	0
olson	43	0
onset	43	0
opposites	43	0
organising	43	0
overcame	43	0
pacemaker	43	0
pained	43	0
paintball	43	0
palanquin	43	0
pampered	43	0
pancreas	43	0
parchment	43	0
partake	43	0
pathway	43	0
pellets	43	0
peralta	43	0
peri	43	0
persistence	43	0
pessimistic	43	0
pinnacle	43	0
pinot	43	0
platforms	43	0
playtime	43	0
playwright	43	0
plumb	43	0
possessing	43	0
pounded	43	0
practised	43	0
prada	43	0
prawns	43	0
prematurely	43	0
presenter	43	0
proverbial	43	0
psychics	43	0
psychopaths	43	0
pulsing	43	0
puree	43	0
puzzling	43	0
pyo	43	0
quartz	43	0
queasy	43	0
queers	43	0
radicals	43	0
ravaged	43	0
rayburn	43	0
readiness	43	0
realms	43	0
reardon	43	0
redding	43	0
redirect	43	0
regency	43	0
registrar	43	0
reluctantly	43	0
rem	43	0
remand	43	0
remus	43	0
renoir	43	0
resonance	43	0
revolves	43	0
rheumatism	43	0
ria	43	0
rigs	43	0
ripples	43	0
roamed	43	0
robs	43	0
rodents	43	0
rommie	43	0
romulan	43	0
rookies	43	0
roped	43	0
rudeness	43	0
rump	43	0
rygel	43	0
sable	43	0
sabotaging	43	0
sacrilege	43	0
saito	43	0
sanction	43	0
sanitarium	43	0
sanitary	43	0
sas	43	0
sasaki	43	0
sawing	43	0
scarface	43	0
scatting	43	0
scenic	43	0
scorched	43	0
scorching	43	0
sectors	43	0
sedate	43	0
severity	43	0
shakin	43	0
shambles	43	0
shao	43	0
sharpened	43	0
sheena	43	0
shinjuku	43	0
shipwreck	43	0
shoemaker	43	0
shudder	43	0
shyness	43	0
sickle	43	0
signorina	43	0
sized	43	0
skim	43	0
skyler	43	0
slew	43	0
snowflake	43	0
sociable	43	0
sophistication	43	0
soundly	43	0
spaced	43	0
spanked	43	0
sparked	43	0
sparkly	43	0
specify	43	0
spielberg	43	0
splashed	43	0
sprain	43	0
squatting	43	0
stalingrad	43	0
stank	43	0
staples	43	0
stardust	43	0
stationery	43	0
stephan	43	0
stetson	43	0
stinger	43	0
stinker	43	0
stirs	43	0
striker	43	0
striving	43	0
studs	43	0
stupidly	43	0
suarez	43	0
subdued	43	0
suites	43	0
sunbae	43	0
sunken	43	0
suraj	43	0
surfers	43	0
surpass	43	0
surveyor	43	0
svetlana	43	0
swayed	43	0
swimmers	43	0
tada	43	0
taker	43	0
telegrams	43	0
temptations	43	0
testicle	43	0
thierry	43	0
thrones	43	0
thunderbolt	43	0
ticker	43	0
tidying	43	0
tier	43	0
toads	43	0
tobin	43	0
tok	43	0
toolbox	43	0
torah	43	0
tosh	43	0
tragg	43	0
tramps	43	0
transports	43	0
transylvania	43	0
trapeze	43	0
treasured	43	0
trespasses	43	0
trickery	43	0
trombone	43	0
trotter	43	0
trustee	43	0
trustees	43	0
tryouts	43	0
tuba	43	0
turnip	43	0
tweeting	43	0
tweets	43	0
twerp	43	0
uganda	43	0
unconditionally	43	0
une	43	0
uneducated	43	0
unfriendly	43	0
unicorns	43	0
unsuspecting	43	0
upfront	43	0
uranus	43	0
usage	43	0
ut	43	0
uttered	43	0
vagabond	43	0
vasectomy	43	0
vasu	43	0
vc	43	0
vee	43	0
vex	43	0
vibrator	43	0
vietcong	43	0
viki	43	0
violins	43	0
voight	43	0
vomited	43	0
voter	43	0
wastes	43	0
weatherman	43	0
weeps	43	0
weirdly	43	0
welding	43	0
wentworth	43	0
willows	43	0
wishful	43	0
woes	43	0
woodward	43	0
wrecks	43	0
wren	43	0
xbox	43	0
yeo	43	0
yoghurt	43	0
yoshi	43	0
yourjob	43	0
zhi	43	0
zi	43	0
zucchini	43	0
abetting	42	0
acne	42	0
acupuncture	42	0
addie	42	0
admin	42	0
adoptive	42	0
afoot	42	0
ageing	42	0
agha	42	0
airship	42	0
ake	42	0
alia	42	0
aliases	42	0
alleyway	42	0
allez	42	0
amethyst	42	0
anchored	42	0
annabeth	42	0
anointed	42	0
anson	42	0
anthropology	42	0
antibodies	42	0
antiquities	42	0
antlers	42	0
apostle	42	0
appendicitis	42	0
appliance	42	0
aram	42	0
aristocratic	42	0
assembling	42	0
astral	42	0
astro	42	0
astute	42	0
asuka	42	0
atwood	42	0
augusto	42	0
aurelie	42	0
australians	42	0
autographed	42	0
automobiles	42	0
avalon	42	0
axle	42	0
backdoor	42	0
backfired	42	0
baddest	42	0
bagpipes	42	0
baja	42	0
banshee	42	0
barbeque	42	0
bastille	42	0
batty	42	0
bawling	42	0
beamed	42	0
beatriz	42	0
beavers	42	0
befriend	42	0
beverages	42	0
bilal	42	0
billboards	42	0
birdsong	42	0
birdy	42	0
bla	42	0
blanco	42	0
blended	42	0
blockbuster	42	0
blot	42	0
bluebird	42	0
boing	42	0
bonner	42	0
bowers	42	0
braxton	42	0
breakers	42	0
brochures	42	0
brokers	42	0
brotherly	42	0
buford	42	0
bulkhead	42	0
bulldozer	42	0
bureaucrats	42	0
burglaries	42	0
burkhalter	42	0
busan	42	0
buzzed	42	0
byrd	42	0
bystander	42	0
calais	42	0
calhoun	42	0
calligraphy	42	0
cally	42	0
camaro	42	0
canisters	42	0
canning	42	0
canvassing	42	0
capsules	42	0
cashing	42	0
cassio	42	0
catapult	42	0
catwoman	42	0
cavendish	42	0
celebrates	42	0
chadwick	42	0
checkpoints	42	0
cheon	42	0
chien	42	0
chimpanzees	42	0
chipping	42	0
chit	42	0
choreographer	42	0
chowder	42	0
chrysler	42	0
chummy	42	0
ciro	42	0
clamps	42	0
clasp	42	0
clerical	42	0
cleverly	42	0
clingy	42	0
clipping	42	0
clout	42	0
coachman	42	0
coated	42	0
coherent	42	0
coincidentally	42	0
collaborator	42	0
collided	42	0
comanche	42	0
comparable	42	0
complement	42	0
comprehension	42	0
conceivable	42	0
condos	42	0
conform	42	0
confucius	42	0
conjugal	42	0
conjunction	42	0
conniving	42	0
connoisseur	42	0
constituents	42	0
constitute	42	0
consultants	42	0
consummate	42	0
contingent	42	0
coordinating	42	0
cordial	42	0
corkscrew	42	0
cornerstone	42	0
corona	42	0
cossacks	42	0
countenance	42	0
coveted	42	0
coworker	42	0
craigslist	42	0
crete	42	0
critically	42	0
critter	42	0
croaking	42	0
crowing	42	0
cruelly	42	0
crusty	42	0
curd	42	0
dainty	42	0
daley	42	0
daren	42	0
dawkins	42	0
dazed	42	0
deactivated	42	0
deceptive	42	0
decreased	42	0
decreed	42	0
dede	42	0
deejay	42	0
defies	42	0
degraded	42	0
delenn	42	0
delicately	42	0
delinquents	42	0
deportation	42	0
dermot	42	0
desist	42	0
determining	42	0
devereaux	42	0
dialogues	42	0
dias	42	0
didier	42	0
diminish	42	0
dimples	42	0
dinars	42	0
diners	42	0
disliked	42	0
disobeying	42	0
displaying	42	0
displeased	42	0
dissect	42	0
documentaries	42	0
doggett	42	0
downer	42	0
draught	42	0
druid	42	0
duffel	42	0
dutchy	42	0
ebony	42	0
ecuador	42	0
ejected	42	0
embarked	42	0
embryos	42	0
empowered	42	0
engagements	42	0
enlarge	42	0
enroll	42	0
entangled	42	0
eoraha	42	0
equilibrium	42	0
erected	42	0
eren	42	0
escalate	42	0
euphoria	42	0
exalted	42	0
exited	42	0
exiting	42	0
expiration	42	0
expires	42	0
eyeing	42	0
farthest	42	0
faxed	42	0
fazio	42	0
fennel	42	0
feral	42	0
fide	42	0
fife	42	0
figs	42	0
fixer	42	0
flagship	42	0
flatten	42	0
flicks	42	0
flimsy	42	0
flunk	42	0
foghorn	42	0
fondness	42	0
forceful	42	0
foretold	42	0
formations	42	0
fowl	42	0
foxtrot	42	0
foyer	42	0
frisk	42	0
frostbite	42	0
fulfillment	42	0
galapagos	42	0
gambit	42	0
gandalf	42	0
gander	42	0
gash	42	0
geetha	42	0
gertie	42	0
girdle	42	0
gladstone	42	0
goldilocks	42	0
gopher	42	0
gordy	42	0
gp	42	0
gregorio	42	0
greyhound	42	0
grubby	42	0
gushing	42	0
gusto	42	0
gymnasium	42	0
hague	42	0
hairline	42	0
hansel	42	0
harpoon	42	0
hassling	42	0
hasten	42	0
haters	42	0
haynes	42	0
heathrow	42	0
hells	42	0
heo	42	0
hep	42	0
heretics	42	0
hermione	42	0
hing	42	0
hobbes	42	0
hobbit	42	0
holders	42	0
holli	42	0
homophobic	42	0
hordes	42	0
hormonal	42	0
horseshoe	42	0
huxley	42	0
ibiza	42	0
ignited	42	0
iguana	42	0
illuminate	42	0
imbalance	42	0
implication	42	0
imprison	42	0
inadmissible	42	0
incognito	42	0
indianapolis	42	0
indict	42	0
indy	42	0
infidel	42	0
ingested	42	0
inhabit	42	0
inhibitions	42	0
inquisitive	42	0
insulation	42	0
interacting	42	0
intolerant	42	0
invoices	42	0
iodine	42	0
irreversible	42	0
izumi	42	0
jacking	42	0
jails	42	0
janelle	42	0
jb	42	0
jenner	42	0
jerked	42	0
jessup	42	0
jetson	42	0
joni	42	0
jordi	42	0
josiah	42	0
juarez	42	0
Kamal	42	0
kamikaze	42	0
karina	42	0
kath	42	0
kayo	42	0
keane	42	0
keats	42	0
kellerman	42	0
kendrick	42	0
kimber	42	0
kleenex	42	0
knave	42	0
koichi	42	0
laborers	42	0
lakers	42	0
landings	42	0
landline	42	0
laverne	42	0
lavinia	42	0
leann	42	0
leary	42	0
leased	42	0
leblanc	42	0
lesions	42	0
leviathan	42	0
libel	42	0
lieu	42	0
liftoff	42	0
lill	42	0
limelight	42	0
linc	42	0
lis	42	0
lmpossible	42	0
longitude	42	0
looker	42	0
loosely	42	0
lourdes	42	0
lowers	42	0
lp	42	0
lund	42	0
luscious	42	0
malfunctioning	42	0
malls	42	0
mamie	42	0
manchuria	42	0
mangled	42	0
manoeuvre	42	0
manon	42	0
marcella	42	0
massively	42	0
mau	42	0
mayfair	42	0
mea	42	0
meh	42	0
mes	42	0
migraines	42	0
milestone	42	0
milner	42	0
mindset	42	0
minerva	42	0
mir	42	0
miser	42	0
miserably	42	0
misread	42	0
mistreated	42	0
mistrust	42	0
mixes	42	0
mj	42	0
mockingbird	42	0
mongol	42	0
mortgages	42	0
moshe	42	0
mutations	42	0
nami	42	0
nando	42	0
nannies	42	0
nappy	42	0
nationalist	42	0
nautical	42	0
necktie	42	0
neo	42	0
neurologist	42	0
neutralized	42	0
newsreel	42	0
nike	42	0
nos	42	0
objected	42	0
obliterated	42	0
oda	42	0
ofa	42	0
offences	42	0
ofthem	42	0
otherworldly	42	0
ouija	42	0
outhouse	42	0
outlive	42	0
overlap	42	0
overwhelm	42	0
packer	42	0
palette	42	0
paola	42	0
pappu	42	0
parcels	42	0
parliamentary	42	0
parmesan	42	0
participant	42	0
particulars	42	0
pathways	42	0
peddling	42	0
pendulum	42	0
pesticides	42	0
petrie	42	0
ph	42	0
phases	42	0
photographing	42	0
physique	42	0
pimping	42	0
pimples	42	0
placenta	42	0
playbook	42	0
plumbers	42	0
pogue	42	0
policing	42	0
pores	42	0
portray	42	0
prawn	42	0
precarious	42	0
priesthood	42	0
privates	42	0
protectors	42	0
prussia	42	0
prussian	42	0
psychologists	42	0
pumpkins	42	0
pus	42	0
pushover	42	0
questionnaire	42	0
radioactivity	42	0
rant	42	0
raph	42	0
rapport	42	0
raptor	42	0
rarest	42	0
reconciled	42	0
recount	42	0
reduces	42	0
referendum	42	0
rei	42	0
relentlessly	42	0
remarry	42	0
renal	42	0
renato	42	0
reportedly	42	0
reprimand	42	0
respiration	42	0
retake	42	0
retches	42	0
retrospect	42	0
rhubarb	42	0
ridiculed	42	0
rizzoli	42	0
roc	42	0
roddy	42	0
rogelio	42	0
roost	42	0
royals	42	0
rube	42	0
rune	42	0
runny	42	0
sabre	42	0
sachs	42	0
sacrament	42	0
safekeeping	42	0
sailboat	42	0
sandi	42	0
sao	42	0
scheduling	42	0
scholarships	42	0
scones	42	0
scorned	42	0
scot	42	0
scratchy	42	0
scrotum	42	0
scruffy	42	0
sedatives	42	0
segregation	42	0
selecting	42	0
selim	42	0
senpai	42	0
serenade	42	0
sexes	42	0
shafts	42	0
shagged	42	0
shakira	42	0
shard	42	0
shears	42	0
shimmering	42	0
shoppers	42	0
showbiz	42	0
sic	42	0
sicko	42	0
silvio	42	0
sisterhood	42	0
skillful	42	0
slingshot	42	0
smog	42	0
smoother	42	0
snoopy	42	0
solstice	42	0
sous	42	0
sparkles	42	0
sparta	42	0
specified	42	0
splinters	42	0
spoiler	42	0
spokesperson	42	0
spouses	42	0
stabs	42	0
stacking	42	0
stapler	42	0
starch	42	0
statistical	42	0
stead	42	0
stepson	42	0
stifling	42	0
stills	42	0
stirling	42	0
storyteller	42	0
stumped	42	0
submissive	42	0
subscribe	42	0
suki	42	0
superstitions	42	0
sutra	42	0
swirl	42	0
syracuse	42	0
tablecloth	42	0
tackled	42	0
tahoe	42	0
taint	42	0
talyn	42	0
tatsuya	42	0
teamed	42	0
teeming	42	0
temperance	42	0
tempest	42	0
therein	42	0
thinkers	42	0
tiki	42	0
tingle	42	0
tinny	42	0
tins	42	0
topside	42	0
torments	42	0
torque	42	0
tot	42	0
towering	42	0
traci	42	0
tranquil	42	0
transponder	42	0
trask	42	0
tremors	42	0
triage	42	0
tsai	42	0
tunisia	42	0
twelfth	42	0
uhhh	42	0
undressing	42	0
unforeseen	42	0
unspoken	42	0
uplifting	42	0
ur	42	0
urinal	42	0
urinate	42	0
vaccines	42	0
vane	42	0
vanguard	42	0
varieties	42	0
vastly	42	0
versatile	42	0
vida	42	0
vidal	42	0
vigilance	42	0
vitality	42	0
vive	42	0
vo	42	0
vocalist	42	0
vomits	42	0
voss	42	0
wag	42	0
wakefield	42	0
wallow	42	0
warhol	42	0
wart	42	0
watchdog	42	0
waxing	42	0
wesen	42	0
whoring	42	0
wiedersehen	42	0
wildfire	42	0
wilkinson	42	0
williamson	42	0
winifred	42	0
wisest	42	0
wiz	42	0
wobble	42	0
woodstock	42	0
workforce	42	0
workmen	42	0
worshipping	42	0
wreak	42	0
wrestlers	42	0
yearly	42	0
yorkers	42	0
yul	42	0
yuu	42	0
zeal	42	0
zhong	42	0
zion	42	0
aaaaah	41	0
aaargh	41	0
abolish	41	0
abortions	41	0
abrams	41	0
abuela	41	0
accuses	41	0
acorn	41	0
acquiring	41	0
adapting	41	0
admires	41	0
agonizing	41	0
ahab	41	0
airing	41	0
airmen	41	0
alana	41	0
alberta	41	0
alina	41	0
ama	41	0
ambient	41	0
amplified	41	0
anakin	41	0
analysts	41	0
angered	41	0
angrier	41	0
ankara	41	0
anklets	41	0
ans	41	0
antibiotic	41	0
anxiously	41	0
aoi	41	0
apex	41	0
appreciative	41	0
approves	41	0
approximate	41	0
aquaman	41	0
arcadia	41	0
arf	41	0
arguably	41	0
ascent	41	0
assad	41	0
athos	41	0
atrocity	41	0
attractions	41	0
av	41	0
avert	41	0
averted	41	0
azul	41	0
baber	41	0
baboons	41	0
baggy	41	0
ballast	41	0
balu	41	0
Bangladesh	41	0
baptiste	41	0
bard	41	0
bebop	41	0
beckham	41	0
beet	41	0
berk	41	0
bettina	41	0
bewildered	41	0
bibi	41	0
blackness	41	0
blending	41	0
blimp	41	0
blossoming	41	0
boardroom	41	0
bodega	41	0
bolsheviks	41	0
bookkeeper	41	0
booths	41	0
bots	41	0
bourgeoisie	41	0
bragg	41	0
brant	41	0
brim	41	0
broader	41	0
bundles	41	0
burlesque	41	0
butthole	41	0
cabal	41	0
calamari	41	0
cale	41	0
callers	41	0
carmel	41	0
caterina	41	0
ceilings	41	0
cellphones	41	0
censor	41	0
centimetres	41	0
centurion	41	0
chats	41	0
chau	41	0
cheaters	41	0
cheeseburgers	41	0
chernobyl	41	0
chibs	41	0
chillin	41	0
cissy	41	0
citation	41	0
cited	41	0
clairvoyant	41	0
clogs	41	0
cloned	41	0
cmdr	41	0
cobwebs	41	0
coils	41	0
coincidental	41	0
coldest	41	0
collaborators	41	0
comedies	41	0
commissions	41	0
commoner	41	0
compares	41	0
compartments	41	0
compiled	41	0
composing	41	0
configuration	41	0
conflicting	41	0
congratulated	41	0
congresswoman	41	0
consumes	41	0
contented	41	0
contradictions	41	0
conveyor	41	0
corned	41	0
corrigan	41	0
cosby	41	0
cosimo	41	0
cossack	41	0
counterattack	41	0
couture	41	0
craftsman	41	0
craftsmanship	41	0
cramping	41	0
crass	41	0
creamed	41	0
crematorium	41	0
crewman	41	0
crikey	41	0
crouch	41	0
cucumbers	41	0
cuddling	41	0
darken	41	0
databases	41	0
daydream	41	0
dayton	41	0
decaying	41	0
decepticons	41	0
degradation	41	0
deliverance	41	0
deserters	41	0
desiree	41	0
destitute	41	0
deux	41	0
differential	41	0
dismantled	41	0
dispersed	41	0
dissertation	41	0
doable	41	0
doh	41	0
donaldson	41	0
duce	41	0
ducts	41	0
duster	41	0
eaters	41	0
eavesdrop	41	0
eep	41	0
einar	41	0
endearing	41	0
enforcer	41	0
engulfed	41	0
ensuring	41	0
entice	41	0
entree	41	0
eraser	41	0
erosion	41	0
eruptions	41	0
escalating	41	0
ewan	41	0
exclamation	41	0
exempt	41	0
expeditions	41	0
experimentation	41	0
expo	41	0
eyre	41	0
faa	41	0
faceless	41	0
fairbanks	41	0
fairchild	41	0
fairest	41	0
fastened	41	0
fatalities	41	0
fer	41	0
feride	41	0
fetched	41	0
fibres	41	0
finely	41	0
finnegan	41	0
firstborn	41	0
flak	41	0
flanagan	41	0
flaunt	41	0
flavor	41	0
flinch	41	0
flirty	41	0
foie	41	0
fondly	41	0
forefront	41	0
forger	41	0
fraudulent	41	0
fray	41	0
freestyle	41	0
freshwater	41	0
frobisher	41	0
frontline	41	0
frye	41	0
fryer	41	0
ft	41	0
fuentes	41	0
gaelic	41	0
gangsta	41	0
gangway	41	0
garter	41	0
gilda	41	0
gilly	41	0
ginseng	41	0
glaring	41	0
gleaming	41	0
glenda	41	0
gluten	41	0
gnarly	41	0
gnomes	41	0
goddard	41	0
godsend	41	0
goethe	41	0
goldstein	41	0
golfer	41	0
gory	41	0
gradient	41	0
gramophone	41	0
granada	41	0
grange	41	0
groupies	41	0
grovel	41	0
grownup	41	0
guinevere	41	0
gustave	41	0
gutless	41	0
gutters	41	0
gymnast	41	0
habib	41	0
hacks	41	0
hairpin	41	0
halftime	41	0
hammerhead	41	0
handsomely	41	0
hanky	41	0
hanukkah	41	0
hartford	41	0
hatter	41	0
haywire	41	0
headset	41	0
heartbeats	41	0
hearth	41	0
heartily	41	0
heats	41	0
heaviest	41	0
helplessness	41	0
helsing	41	0
hideo	41	0
highlighted	41	0
hildy	41	0
hilt	41	0
hodge	41	0
holodeck	41	0
homeworld	41	0
hoodlum	41	0
hortense	41	0
hoshi	41	0
hostiles	41	0
hou	41	0
hourly	41	0
hpd	41	0
hypnotize	41	0
ideological	41	0
idly	41	0
illustrate	41	0
immortals	41	0
implemented	41	0
incarceration	41	0
inclination	41	0
indiscreet	41	0
induction	41	0
industrialist	41	0
infallible	41	0
informs	41	0
ingram	41	0
inquiring	41	0
inscribed	41	0
instability	41	0
instantaneous	41	0
integrate	41	0
intellectually	41	0
internationally	41	0
intrepid	41	0
intubate	41	0
iook	41	0
ismail	41	0
itjust	41	0
jacko	41	0
jagged	41	0
jammer	41	0
jansen	41	0
janus	41	0
joxer	41	0
jud	41	0
judaism	41	0
jumpers	41	0
jumpin	41	0
juniper	41	0
jurassic	41	0
justifies	41	0
kaleido	41	0
kanye	41	0
kaori	41	0
kasey	41	0
katja	41	0
kellogg	41	0
ketamine	41	0
khaled	41	0
khloe	41	0
kimball	41	0
kissinger	41	0
kiwi	41	0
knucklehead	41	0
koko	41	0
kook	41	0
kudos	41	0
laceration	41	0
lal	41	0
layman	41	0
leopards	41	0
lestrade	41	0
lexus	41	0
leyla	41	0
lib	41	0
ligature	41	0
lightening	41	0
liquids	41	0
lnspector	41	0
longtime	41	0
looming	41	0
lovemaking	41	0
luau	41	0
luckier	41	0
luxembourg	41	0
luxuries	41	0
magnolia	41	0
mahir	41	0
maitre	41	0
malia	41	0
mallard	41	0
manger	41	0
mangoes	41	0
mansions	41	0
marigold	41	0
masseur	41	0
mathis	41	0
maxed	41	0
metaphorically	41	0
methadone	41	0
mg	41	0
mgm	41	0
michal	41	0
midgets	41	0
milena	41	0
milos	41	0
minh	41	0
minna	41	0
misfortunes	41	0
mite	41	0
miyuki	41	0
mma	41	0
mobster	41	0
mongolian	41	0
mongols	41	0
monstrosity	41	0
montage	41	0
montenegro	41	0
mopping	41	0
motels	41	0
multinational	41	0
mumble	41	0
municipality	41	0
mystique	41	0
nao	41	0
narration	41	0
necessities	41	0
neurosurgeon	41	0
newfound	41	0
newsletter	41	0
nhs	41	0
nicht	41	0
nifty	41	0
nimble	41	0
ninny	41	0
nitwit	41	0
nix	41	0
nobunaga	41	0
nomad	41	0
nomads	41	0
noooo	41	0
norah	41	0
norse	41	0
nosebleed	41	0
nostradamus	41	0
nt	41	0
octave	41	0
offends	41	0
operas	41	0
oppressive	41	0
osiris	41	0
outcasts	41	0
outreach	41	0
ovaries	41	0
oversized	41	0
oxy	41	0
ozzie	41	0
padded	41	0
pail	41	0
papaya	41	0
parades	41	0
partied	41	0
partition	41	0
patented	41	0
paternal	41	0
pawnshop	41	0
payal	41	0
pearly	41	0
peeps	41	0
pegs	41	0
periscope	41	0
pero	41	0
peruvian	41	0
pestilence	41	0
photon	41	0
pippa	41	0
piracy	41	0
pistachio	41	0
plait	41	0
planks	41	0
playmate	41	0
playstation	41	0
podcast	41	0
policewoman	41	0
poppins	41	0
pout	41	0
preached	41	0
pretense	41	0
prickly	41	0
primed	41	0
prism	41	0
probing	41	0
problemo	41	0
procure	41	0
professionalism	41	0
programmer	41	0
proposes	41	0
prose	41	0
proton	41	0
protons	41	0
pryor	41	0
pubes	41	0
puma	41	0
putz	41	0
quarantined	41	0
quiche	41	0
radcliffe	41	0
rages	41	0
railroads	41	0
rainfall	41	0
rallies	41	0
rallo	41	0
ranges	41	0
rasputin	41	0
rayyan	41	0
reactionary	41	0
reb	41	0
receptive	41	0
rectify	41	0
reflections	41	0
regenerate	41	0
regionals	41	0
reincarnated	41	0
reinforcement	41	0
relaxes	41	0
relinquish	41	0
remedies	41	0
renfield	41	0
repairman	41	0
reps	41	0
requisition	41	0
retrace	41	0
reversing	41	0
revoke	41	0
rhett	41	0
rhinoceros	41	0
rigsby	41	0
robo	41	0
rong	41	0
rouse	41	0
rousseau	41	0
rowena	41	0
rumba	41	0
rummy	41	0
sabbatical	41	0
sacha	41	0
saddled	41	0
sae	41	0
salinger	41	0
sampling	41	0
sander	41	0
sandhya	41	0
sans	41	0
santi	41	0
sardine	41	0
sasuke	41	0
satchel	41	0
saucers	41	0
sauerkraut	41	0
scaffolding	41	0
scarring	41	0
schubert	41	0
seam	41	0
seniority	41	0
shana	41	0
shauna	41	0
sheryl	41	0
shielding	41	0
shimmy	41	0
shindig	41	0
shorthand	41	0
shrew	41	0
siegel	41	0
sigmund	41	0
simplify	41	0
skimming	41	0
skippy	41	0
slaughtering	41	0
slaying	41	0
snagged	41	0
snapshot	41	0
snatching	41	0
snooker	41	0
snotty	41	0
snowstorm	41	0
soaps	41	0
socialists	41	0
socialize	41	0
sonata	41	0
soph	41	0
sorely	41	0
soulful	41	0
southampton	41	0
southfork	41	0
spatial	41	0
sped	41	0
spender	41	0
spheres	41	0
sprang	41	0
spud	41	0
standin	41	0
starfish	41	0
stereotypes	41	0
stockholders	41	0
stoke	41	0
stowaway	41	0
strays	41	0
strides	41	0
stuffs	41	0
stuntman	41	0
styling	41	0
subordinates	41	0
subpoenaed	41	0
subterranean	41	0
sundance	41	0
supremacy	41	0
surgically	41	0
susanne	41	0
sutures	41	0
svu	41	0
sweeten	41	0
swish	41	0
systematic	41	0
tami	41	0
tanned	41	0
tarek	41	0
tarmac	41	0
tata	41	0
taunt	41	0
tenacious	41	0
terrorized	41	0
terrorizing	41	0
therapists	41	0
thickness	41	0
thirds	41	0
thom	41	0
thomson	41	0
thumps	41	0
toddy	41	0
toffee	41	0
toothpick	41	0
transforms	41	0
transplants	41	0
trapper	41	0
tre	41	0
trenton	41	0
trimmed	41	0
trinkets	41	0
troublemakers	41	0
truckers	41	0
trumpeting	41	0
ts	41	0
tt	41	0
tweed	41	0
ulrich	41	0
unbalanced	41	0
unearthed	41	0
unforgiving	41	0
unpacked	41	0
unruly	41	0
unwelcome	41	0
urchin	41	0
utilize	41	0
uv	41	0
vamp	41	0
vasco	41	0
venison	41	0
ventured	41	0
veritable	41	0
vesuvius	41	0
viewpoint	41	0
viggo	41	0
vita	41	0
walkie	41	0
warlords	41	0
weakening	41	0
whacking	41	0
wharton	41	0
whittaker	41	0
whoopee	41	0
wildcat	41	0
xia	41	0
yaah	41	0
yagyuu	41	0
yoshiko	41	0
yuka	41	0
aaa	40	0
ablaze	40	0
accumulate	40	0
adhere	40	0
admissible	40	0
advisory	40	0
affinity	40	0
aftershave	40	0
agitation	40	0
aided	40	0
ailing	40	0
airstrip	40	0
ajob	40	0
ak	40	0
alessandro	40	0
algerian	40	0
alight	40	0
alleviate	40	0
almeida	40	0
aloof	40	0
altman	40	0
amin	40	0
amore	40	0
amour	40	0
ancestry	40	0
ang	40	0
angelique	40	0
animosity	40	0
anterior	40	0
anthropologist	40	0
antisocial	40	0
apparition	40	0
appetites	40	0
applejack	40	0
apricot	40	0
aragon	40	0
ardent	40	0
armin	40	0
armistice	40	0
artiste	40	0
associations	40	0
assurances	40	0
atonement	40	0
atropine	40	0
attachments	40	0
attagirl	40	0
auctioneer	40	0
avenging	40	0
avoids	40	0
babcock	40	0
backdrop	40	0
backfire	40	0
bagging	40	0
bajor	40	0
bajoran	40	0
bakersfield	40	0
balboa	40	0
ballots	40	0
baltar	40	0
barbra	40	0
bargained	40	0
barr	40	0
bartlet	40	0
battled	40	0
bayonets	40	0
baz	40	0
beaut	40	0
becks	40	0
befall	40	0
beginners	40	0
belmont	40	0
benefited	40	0
benjy	40	0
bff	40	0
bilfran	40	0
billiard	40	0
billiards	40	0
bingham	40	0
birthing	40	0
blissful	40	0
blister	40	0
bloc	40	0
blowtorch	40	0
bookshop	40	0
booted	40	0
borneo	40	0
botanical	40	0
bracket	40	0
brahms	40	0
braids	40	0
brainstorm	40	0
brainwashing	40	0
bram	40	0
brawn	40	0
bray	40	0
breakout	40	0
breen	40	0
bridger	40	0
brisk	40	0
bristow	40	0
budding	40	0
buenas	40	0
buildup	40	0
bungee	40	0
bup	40	0
bureaucrat	40	0
burnin	40	0
burritos	40	0
burroughs	40	0
businesswoman	40	0
byrne	40	0
cai	40	0
captives	40	0
carburetor	40	0
cardiologist	40	0
caw	40	0
caws	40	0
celibacy	40	0
celibate	40	0
cervical	40	0
chamomile	40	0
changer	40	0
charmaine	40	0
chassis	40	0
cheekbones	40	0
cheeses	40	0
chevalier	40	0
chiana	40	0
childress	40	0
chipmunk	40	0
chloride	40	0
chrissake	40	0
churning	40	0
clemency	40	0
clinically	40	0
clitoris	40	0
cloaking	40	0
clog	40	0
clowning	40	0
clutter	40	0
cob	40	0
comatose	40	0
comical	40	0
complicity	40	0
compress	40	0
conservatives	40	0
considerations	40	0
consolidated	40	0
conspirators	40	0
constipated	40	0
constructing	40	0
contention	40	0
continuation	40	0
converge	40	0
cooke	40	0
coon	40	0
cooperated	40	0
correcting	40	0
corresponds	40	0
counters	40	0
coupe	40	0
cps	40	0
cranial	40	0
cranking	40	0
craters	40	0
crayons	40	0
criminally	40	0
crippling	40	0
crowder	40	0
crucifixion	40	0
cruisers	40	0
cubby	40	0
cuffed	40	0
cui	40	0
dalia	40	0
danni	40	0
daredevil	40	0
daresay	40	0
darkened	40	0
daunting	40	0
debriefing	40	0
decently	40	0
decomposition	40	0
decorum	40	0
defibrillator	40	0
dei	40	0
demonstrates	40	0
dentures	40	0
departs	40	0
deport	40	0
detailing	40	0
deteriorating	40	0
developers	40	0
deviant	40	0
dhs	40	0
dictation	40	0
dima	40	0
dimwit	40	0
disagreeable	40	0
disdain	40	0
dmitry	40	0
doberman	40	0
docile	40	0
dori	40	0
doubly	40	0
downed	40	0
dramafever	40	0
drastically	40	0
drat	40	0
dreamers	40	0
duds	40	0
dugan	40	0
dupont	40	0
dyin	40	0
ecological	40	0
economical	40	0
elemental	40	0
embroidery	40	0
emptying	40	0
endowed	40	0
enema	40	0
epa	40	0
epileptic	40	0
escalated	40	0
escalator	40	0
escrow	40	0
etched	40	0
euphemism	40	0
europa	40	0
exchanges	40	0
existential	40	0
expands	40	0
expedite	40	0
extremist	40	0
faculties	40	0
fairer	40	0
fashions	40	0
faust	40	0
favors	40	0
fdr	40	0
feasible	40	0
femoral	40	0
fictitious	40	0
fie	40	0
figment	40	0
fixated	40	0
fixation	40	0
flashlights	40	0
flicker	40	0
flickering	40	0
flipper	40	0
flourished	40	0
forcefully	40	0
foresight	40	0
formulas	40	0
fundraising	40	0
furnish	40	0
gan	40	0
gettysburg	40	0
getup	40	0
gifford	40	0
giuliano	40	0
giveaway	40	0
glaze	40	0
glazed	40	0
glows	40	0
goddesses	40	0
gospels	40	0
goto	40	0
gratifying	40	0
greats	40	0
greendale	40	0
greets	40	0
grendizer	40	0
grievance	40	0
gro	40	0
guantanamo	40	0
gui	40	0
gull	40	0
gulping	40	0
gumbo	40	0
gunfight	40	0
hackett	40	0
hadji	40	0
hallmark	40	0
hanley	40	0
hanover	40	0
harden	40	0
haw	40	0
hazards	40	0
hazmat	40	0
header	40	0
headstrong	40	0
heathens	40	0
hellfire	40	0
helo	40	0
hemp	40	0
highs	40	0
holla	40	0
holm	40	0
homestead	40	0
hoon	40	0
hops	40	0
hoses	40	0
hounding	40	0
hp	40	0
huffs	40	0
humanly	40	0
hummer	40	0
hungover	40	0
icons	40	0
idealist	40	0
idling	40	0
illuminated	40	0
ima	40	0
impotence	40	0
incomparable	40	0
incorrigible	40	0
indiscretion	40	0
indonesian	40	0
inexcusable	40	0
infatuated	40	0
infatuation	40	0
infidels	40	0
inflamed	40	0
inflated	40	0
inhaled	40	0
inkling	40	0
innate	40	0
insidious	40	0
instructors	40	0
interferes	40	0
invasive	40	0
inverted	40	0
irena	40	0
irv	40	0
islanders	40	0
isolde	40	0
jackals	40	0
jerrod	40	0
jib	40	0
jiggle	40	0
jimenez	40	0
Jubilee	40	0
juju	40	0
jumpsuit	40	0
jus	40	0
keeler	40	0
kelp	40	0
kingpin	40	0
kinks	40	0
kishan	40	0
klutz	40	0
kondo	40	0
krieger	40	0
kristy	40	0
kush	40	0
landlords	40	0
laszlo	40	0
leapt	40	0
leona	40	0
levin	40	0
libido	40	0
lien	40	0
lightman	40	0
lilac	40	0
lindbergh	40	0
liqueur	40	0
livingstone	40	0
llama	40	0
loafers	40	0
locator	40	0
lode	40	0
lombard	40	0
longs	40	0
loon	40	0
loosened	40	0
loudest	40	0
lucio	40	0
lumberjack	40	0
lurcio	40	0
lute	40	0
magdalene	40	0
mahmoud	40	0
mahogany	40	0
mallet	40	0
malta	40	0
marci	40	0
marika	40	0
marwan	40	0
massey	40	0
mastery	40	0
mccormick	40	0
mcgregor	40	0
mcmanus	40	0
meaner	40	0
meanings	40	0
megumi	40	0
meringue	40	0
merlyn	40	0
metamorphosis	40	0
meteors	40	0
microchip	40	0
mikado	40	0
minorities	40	0
miso	40	0
mistakenly	40	0
mitts	40	0
moderation	40	0
modification	40	0
mogo	40	0
molasses	40	0
molester	40	0
moly	40	0
moot	40	0
mortgaged	40	0
mosaic	40	0
mothership	40	0
mowing	40	0
mozzarella	40	0
mucus	40	0
mullet	40	0
musa	40	0
muted	40	0
nak	40	0
napalm	40	0
naps	40	0
nasser	40	0
nativity	40	0
navigational	40	0
necklaces	40	0
negativity	40	0
ngo	40	0
nightstand	40	0
nobu	40	0
nodes	40	0
nonexistent	40	0
northwestern	40	0
notoriously	40	0
nurtured	40	0
ocd	40	0
ofhis	40	0
oozing	40	0
optics	40	0
opus	40	0
organizer	40	0
orin	40	0
outbursts	40	0
outlawed	40	0
outsmart	40	0
overprotective	40	0
overseeing	40	0
pac	40	0
pacifist	40	0
padding	40	0
paddling	40	0
pairing	40	0
paisley	40	0
paroled	40	0
passover	40	0
pastrami	40	0
patents	40	0
patronizing	40	0
paulette	40	0
paz	40	0
pedals	40	0
peddler	40	0
pediatric	40	0
pensions	40	0
perfumes	40	0
perps	40	0
pester	40	0
pests	40	0
pheromones	40	0
physiological	40	0
piranha	40	0
platt	40	0
pleas	40	0
plentiful	40	0
poacher	40	0
poignant	40	0
pokemon	40	0
polaroid	40	0
polyester	40	0
pompey	40	0
poncho	40	0
poppa	40	0
porcupine	40	0
porters	40	0
pram	40	0
predatory	40	0
prevailed	40	0
priced	40	0
promotional	40	0
protagonist	40	0
protestants	40	0
protestors	40	0
psychedelic	40	0
psychos	40	0
punctuality	40	0
purified	40	0
putt	40	0
pyre	40	0
qualification	40	0
quarreled	40	0
quart	40	0
quigley	40	0
quivering	40	0
raccoons	40	0
racks	40	0
raindrops	40	0
ramifications	40	0
rammed	40	0
ransacked	40	0
rationally	40	0
ratty	40	0
realises	40	0
receding	40	0
recklessly	40	0
rector	40	0
registering	40	0
registers	40	0
relieving	40	0
relocation	40	0
remanded	40	0
renard	40	0
renovations	40	0
repertoire	40	0
reputable	40	0
resin	40	0
responsive	40	0
ressler	40	0
resumed	40	0
ringleader	40	0
rockwell	40	0
rosalee	40	0
rosalind	40	0
rosebud	40	0
rots	40	0
rotted	40	0
rubin	40	0
runaways	40	0
rustles	40	0
sachiko	40	0
saracen	40	0
scaffold	40	0
scandinavian	40	0
schanke	40	0
scooped	40	0
scrappy	40	0
seer	40	0
seiji	40	0
sentries	40	0
sforza	40	0
shareholder	40	0
shat	40	0
shelling	40	0
sheriffs	40	0
shielded	40	0
shifty	40	0
shinichi	40	0
shortcomings	40	0
shrimps	40	0
sickbay	40	0
signe	40	0
simulated	40	0
singsong	40	0
sixpence	40	0
sixties	40	0
skydiving	40	0
skyscrapers	40	0
slacks	40	0
slipstream	40	0
slush	40	0
smalls	40	0
smokers	40	0
snotlout	40	0
soju	40	0
somalia	40	0
spar	40	0
sparrows	40	0
specifications	40	0
spidey	40	0
spirituality	40	0
spiteful	40	0
sporty	40	0
sprinklers	40	0
squeamish	40	0
stagecoach	40	0
stahl	40	0
standoff	40	0
statutory	40	0
steamy	40	0
stepdaughter	40	0
stifled	40	0
stinging	40	0
stoker	40	0
stomachache	40	0
stomped	40	0
stony	40	0
streetcar	40	0
strengthened	40	0
stroking	40	0
subaru	40	0
subtlety	40	0
sufferings	40	0
sulphur	40	0
summoning	40	0
sumner	40	0
supermarkets	40	0
suspiciously	40	0
swindled	40	0
symbolizes	40	0
symmetrical	40	0
taiwanese	40	0
tal	40	0
tambourine	40	0
tamper	40	0
tangerine	40	0
tantrums	40	0
taoist	40	0
tarnished	40	0
tasked	40	0
tc	40	0
tenacity	40	0
terrier	40	0
tether	40	0
teyla	40	0
thereof	40	0
thyroid	40	0
tightened	40	0
tightening	40	0
tinder	40	0
tlhe	40	0
tnt	40	0
tokens	40	0
tolstoy	40	0
tosser	40	0
tourniquet	40	0
towing	40	0
townspeople	40	0
tr	40	0
tracer	40	0
traffickers	40	0
transference	40	0
transient	40	0
trav	40	0
treading	40	0
tremor	40	0
triads	40	0
tribeca	40	0
triggering	40	0
tripod	40	0
tris	40	0
turbine	40	0
tuscany	40	0
tutu	40	0
tweak	40	0
tyrants	40	0
tzu	40	0
underestimating	40	0
undying	40	0
unhand	40	0
unites	40	0
unser	40	0
unveiling	40	0
upped	40	0
usable	40	0
uther	40	0
valdez	40	0
valedictorian	40	0
varies	40	0
vaudeville	40	0
veggies	40	0
venerable	40	0
venomous	40	0
verification	40	0
viii	40	0
ville	40	0
vino	40	0
violates	40	0
voucher	40	0
voyages	40	0
wanton	40	0
ware	40	0
watchful	40	0
waterfalls	40	0
watergate	40	0
wearin	40	0
wedged	40	0
wedlock	40	0
weirdness	40	0
westen	40	0
wgbh	40	0
wheelbarrow	40	0
whiny	40	0
whiplash	40	0
whisk	40	0
whitechapel	40	0
whooshes	40	0
wikipedia	40	0
wimps	40	0
woolly	40	0
woozy	40	0
wrestled	40	0
wrought	40	0
yagyu	40	0
yielded	40	0
yoke	40	0
yuji	40	0
yukiko	40	0
yume	40	0
zhan	40	0
zoning	40	0
aberdeen	39	0
absorbs	39	0
academics	39	0
acknowledging	39	0
acquittal	39	0
adalind	39	0
adhesive	39	0
adjoining	39	0
adorn	39	0
adorned	39	0
adulthood	39	0
ailment	39	0
aku	39	0
alluring	39	0
amazes	39	0
amend	39	0
amjad	39	0
amorous	39	0
amputate	39	0
anaesthetic	39	0
anchors	39	0
anemia	39	0
anja	39	0
antiquity	39	0
aoki	39	0
apparel	39	0
apprehension	39	0
aptitude	39	0
aquarius	39	0
aramis	39	0
aron	39	0
artificially	39	0
assigning	39	0
assures	39	0
atari	39	0
athletics	39	0
attained	39	0
attends	39	0
audacious	39	0
badminton	39	0
balkans	39	0
balthazar	39	0
banal	39	0
barbados	39	0
barmaid	39	0
barring	39	0
bartowski	39	0
baseline	39	0
batgirl	39	0
begone	39	0
behead	39	0
bellevue	39	0
bello	39	0
bern	39	0
betel	39	0
bibles	39	0
bigelow	39	0
bingley	39	0
blackpool	39	0
blackwell	39	0
bolshevik	39	0
bonanza	39	0
boning	39	0
bookies	39	0
bosnian	39	0
boyz	39	0
brahma	39	0
brainy	39	0
brava	39	0
breakin	39	0
breezy	39	0
bridgette	39	0
broadcasts	39	0
browsing	39	0
brunt	39	0
bryn	39	0
bulky	39	0
bumpkin	39	0
bung	39	0
burmese	39	0
buttered	39	0
buzzard	39	0
cahoots	39	0
candidacy	39	0
cantor	39	0
capped	39	0
caracas	39	0
cardassians	39	0
carelessly	39	0
carelessness	39	0
caresses	39	0
caribou	39	0
carina	39	0
carpool	39	0
carte	39	0
cartilage	39	0
chalet	39	0
chaney	39	0
chartered	39	0
chewy	39	0
chomping	39	0
cite	39	0
citrus	39	0
clack	39	0
clad	39	0
cleary	39	0
cleave	39	0
clemenza	39	0
clipper	39	0
cloths	39	0
cockney	39	0
coincide	39	0
coliseum	39	0
combs	39	0
commendation	39	0
commonplace	39	0
competed	39	0
computing	39	0
confesses	39	0
confines	39	0
confuses	39	0
congratulation	39	0
conquests	39	0
consist	39	0
conspire	39	0
constables	39	0
constabulary	39	0
contagion	39	0
contaminate	39	0
contradictory	39	0
converts	39	0
copped	39	0
cornish	39	0
corrine	39	0
coughed	39	0
couscous	39	0
crackhead	39	0
crapped	39	0
crawls	39	0
crease	39	0
crick	39	0
crises	39	0
cu	39	0
custodian	39	0
cuthbert	39	0
cynic	39	0
cynicism	39	0
dams	39	0
darnley	39	0
darrow	39	0
dawning	39	0
daze	39	0
dazzled	39	0
deadlines	39	0
decidedly	39	0
decimated	39	0
declining	39	0
Deepak	39	0
defer	39	0
deflect	39	0
deja	39	0
dekker	39	0
delores	39	0
demographic	39	0
deserting	39	0
desertion	39	0
deter	39	0
dieu	39	0
differentiate	39	0
dinghy	39	0
disagreements	39	0
disbanded	39	0
disbelief	39	0
discontent	39	0
discourse	39	0
discriminate	39	0
disgusts	39	0
disowned	39	0
disrespected	39	0
disruptive	39	0
distasteful	39	0
ditches	39	0
dobson	39	0
docs	39	0
dogg	39	0
dollhouse	39	0
dominoes	39	0
doormat	39	0
dorky	39	0
dorrit	39	0
dov	39	0
downton	39	0
drafts	39	0
drago	39	0
drips	39	0
drivel	39	0
droning	39	0
dropout	39	0
dunne	39	0
dwyer	39	0
edict	39	0
eduard	39	0
egghead	39	0
egos	39	0
electra	39	0
electrodes	39	0
eleventh	39	0
eluded	39	0
embraces	39	0
emit	39	0
enchantment	39	0
enclosure	39	0
endo	39	0
enlightening	39	0
enoch	39	0
enzymes	39	0
erasing	39	0
erickson	39	0
eugenia	39	0
evidences	39	0
exclaim	39	0
executor	39	0
expanse	39	0
expectancy	39	0
farid	39	0
farkle	39	0
faux	39	0
feeder	39	0
fernand	39	0
filmmaking	39	0
finlay	39	0
flaky	39	0
flowery	39	0
foa	39	0
foon	39	0
footballer	39	0
forceps	39	0
foreseen	39	0
forthwith	39	0
franc	39	0
fuehrer	39	0
gagged	39	0
gait	39	0
gangrene	39	0
gant	39	0
gar	39	0
gatherings	39	0
gawd	39	0
gecko	39	0
ged	39	0
geraldo	39	0
glider	39	0
goatee	39	0
godson	39	0
gondola	39	0
gooey	39	0
goulash	39	0
grader	39	0
gradual	39	0
graff	39	0
grapevine	39	0
grappling	39	0
greenberg	39	0
grisly	39	0
grotto	39	0
guevara	39	0
gulliver	39	0
gully	39	0
gunter	39	0
hahn	39	0
halstead	39	0
handover	39	0
hartmann	39	0
haruko	39	0
hastily	39	0
hater	39	0
headstone	39	0
headway	39	0
helix	39	0
hemlock	39	0
henshaw	39	0
henson	39	0
hikari	39	0
hoarding	39	0
honky	39	0
hookup	39	0
hooters	39	0
hornblower	39	0
hourglass	39	0
hummus	39	0
hurdles	39	0
husky	39	0
hutchinson	39	0
hydrant	39	0
icelandic	39	0
ichabod	39	0
icky	39	0
idealistic	39	0
ifhe	39	0
ikea	39	0
imbeciles	39	0
impatience	39	0
imperialism	39	0
impetuous	39	0
impressionable	39	0
ina	39	0
inaccurate	39	0
incapacitated	39	0
incinerated	39	0
indigo	39	0
indulging	39	0
ineffective	39	0
informative	39	0
inquisitor	39	0
insightful	39	0
invader	39	0
inward	39	0
jase	39	0
jayne	39	0
jeju	39	0
juanito	39	0
juno	39	0
jutsu	39	0
kafka	39	0
karp	39	0
katharine	39	0
kia	39	0
kibbutz	39	0
killjoy	39	0
knobs	39	0
knowles	39	0
knowwhat	39	0
korsak	39	0
koto	39	0
kryten	39	0
laborer	39	0
lac	39	0
lander	39	0
landmarks	39	0
lange	39	0
lanie	39	0
launchpad	39	0
lawless	39	0
lawton	39	0
leans	39	0
leases	39	0
legislative	39	0
leonid	39	0
lessen	39	0
letty	39	0
leveled	39	0
lia	39	0
likeable	39	0
lint	39	0
lioness	39	0
lipton	39	0
littered	39	0
lll	39	0
loathsome	39	0
lobbying	39	0
looney	39	0
lout	39	0
luanne	39	0
ludo	39	0
lun	39	0
luz	39	0
lyndsey	39	0
madmen	39	0
madre	39	0
magna	39	0
malachi	39	0
manhole	39	0
maniacal	39	0
mariah	39	0
mariko	39	0
marksman	39	0
marlo	39	0
matisse	39	0
matti	39	0
mcneil	39	0
melodies	39	0
memos	39	0
merc	39	0
merging	39	0
meteorites	39	0
meter	39	0
microfilm	39	0
midsomer	39	0
migrants	39	0
misfits	39	0
miyamoto	39	0
mobilized	39	0
mockingly	39	0
mogul	39	0
moldy	39	0
molesting	39	0
moonlighting	39	0
morley	39	0
mover	39	0
muad	39	0
mucking	39	0
muffler	39	0
mumps	39	0
mutilation	39	0
nae	39	0
napa	39	0
needlessly	39	0
negotiable	39	0
neighbouring	39	0
nicks	39	0
nines	39	0
nom	39	0
noo	39	0
nosey	39	0
notable	39	0
nozzle	39	0
nugent	39	0
objectively	39	0
occupants	39	0
ofhere	39	0
oft	39	0
ojai	39	0
omg	39	0
ordnance	39	0
organize	39	0
outback	39	0
ovens	39	0
overcoming	39	0
overthere	39	0
owt	39	0
paella	39	0
pajama	39	0
parachutes	39	0
parading	39	0
pasty	39	0
patrik	39	0
patronage	39	0
paulson	39	0
pax	39	0
payload	39	0
pbs	39	0
peaked	39	0
pecan	39	0
pecking	39	0
periodic	39	0
persuading	39	0
pertaining	39	0
perversion	39	0
pesticide	39	0
petal	39	0
philanthropist	39	0
piccadilly	39	0
picnics	39	0
piety	39	0
piggyback	39	0
pitied	39	0
pla	39	0
playa	39	0
pleasantly	39	0
plume	39	0
plummer	39	0
pointer	39	0
polk	39	0
pomp	39	0
ponce	39	0
ponds	39	0
portals	39	0
prancing	39	0
precedes	39	0
preferable	39	0
prejudices	39	0
prentice	39	0
primate	39	0
primates	39	0
prius	39	0
prod	39	0
pronunciation	39	0
protested	39	0
pt	39	0
puffed	39	0
punishments	39	0
quan	39	0
quarterly	39	0
quint	39	0
racehorse	39	0
raceman	39	0
racked	39	0
raking	39	0
rancid	39	0
rebelled	39	0
recapture	39	0
rectum	39	0
reigning	39	0
reinstate	39	0
reinvent	39	0
reliving	39	0
remo	39	0
rena	39	0
renovated	39	0
reopening	39	0
reprieve	39	0
resembling	39	0
resentful	39	0
resists	39	0
resorts	39	0
retrieval	39	0
revision	39	0
rihanna	39	0
robb	39	0
robotics	39	0
robson	39	0
rockford	39	0
rodgers	39	0
romances	39	0
ronda	39	0
rourke	39	0
ruffian	39	0
salisbury	39	0
salutations	39	0
sandbox	39	0
santini	39	0
sarcastically	39	0
satomi	39	0
saturated	39	0
scallop	39	0
scamp	39	0
schnell	39	0
schoolwork	39	0
schwarzenegger	39	0
scoops	39	0
scorsese	39	0
screened	39	0
screwy	39	0
seared	39	0
secondhand	39	0
secretariat	39	0
sediment	39	0
seedy	39	0
seekers	39	0
sensibility	39	0
setbacks	39	0
shadowy	39	0
shalimar	39	0
sherri	39	0
shhhh	39	0
shik	39	0
shoddy	39	0
shortcuts	39	0
shotguns	39	0
shrill	39	0
siberian	39	0
sided	39	0
simeon	39	0
simpleton	39	0
simulator	39	0
simultaneous	39	0
sinai	39	0
singsongy	39	0
singularity	39	0
skylight	39	0
skyscraper	39	0
slacking	39	0
slashing	39	0
slaving	39	0
sledgehammer	39	0
sludge	39	0
smooches	39	0
sneezed	39	0
sociology	39	0
solange	39	0
solitaire	39	0
somethings	39	0
sondra	39	0
sono	39	0
soulless	39	0
spaceships	39	0
spanner	39	0
spasm	39	0
speculating	39	0
splatter	39	0
sponges	39	0
sprinkler	39	0
squaw	39	0
squint	39	0
squirm	39	0
stair	39	0
stethoscope	39	0
stimulated	39	0
stimulus	39	0
stockbroker	39	0
stooge	39	0
strait	39	0
strapping	39	0
strategically	39	0
stratton	39	0
strumming	39	0
suave	39	0
succumbed	39	0
suffocation	39	0
suffolk	39	0
sultana	39	0
sultry	39	0
sunburn	39	0
supersonic	39	0
supplemental	39	0
suppression	39	0
sustenance	39	0
suze	39	0
sweeper	39	0
syllable	39	0
syllables	39	0
symbolism	39	0
tabatha	39	0
takeaway	39	0
tartar	39	0
tatum	39	0
tegan	39	0
temperamental	39	0
ter	39	0
terrorize	39	0
tetsu	39	0
thaddeus	39	0
tightrope	39	0
tigress	39	0
timers	39	0
titled	39	0
todo	39	0
topple	39	0
transparency	39	0
trini	39	0
tripe	39	0
trois	39	0
trouser	39	0
truckload	39	0
tupac	39	0
tuppence	39	0
turnaround	39	0
twas	39	0
tweeted	39	0
twinkling	39	0
twittering	39	0
typhus	39	0
tyrannosaurus	39	0
tyrell	39	0
uhtred	39	0
ummm	39	0
unconsciously	39	0
understandably	39	0
unfairly	39	0
unfolding	39	0
unfulfilled	39	0
unmanned	39	0
unparalleled	39	0
unscathed	39	0
unscrupulous	39	0
unsettled	39	0
unused	39	0
updating	39	0
upholstery	39	0
utilities	39	0
vaginas	39	0
validate	39	0
vaughan	39	0
veg	39	0
velcro	39	0
venting	39	0
veranda	39	0
verbally	39	0
vhs	39	0
vick	39	0
vipers	39	0
vips	39	0
voltaire	39	0
waged	39	0
waller	39	0
warmest	39	0
warmly	39	0
wer	39	0
wessex	39	0
whatyou	39	0
wherein	39	0
wicker	39	0
willful	39	0
womanizer	39	0
wrongdoing	39	0
xiii	39	0
yasmin	39	0
yoshioka	39	0
yow	39	0
zapped	39	0
zest	39	0
zhaan	39	0
zimmerman	39	0
zinc	39	0
zola	39	0
zorn	39	0
accelerant	38	0
adjutant	38	0
adventurers	38	0
advisers	38	0
affiliated	38	0
afro	38	0
aimlessly	38	0
alaric	38	0
alaskan	38	0
alla	38	0
als	38	0
alterations	38	0
alyosha	38	0
amazons	38	0
ambience	38	0
amputation	38	0
amuses	38	0
angelus	38	0
angola	38	0
anklet	38	0
antwerp	38	0
anvil	38	0
aquatic	38	0
arbor	38	0
archaic	38	0
armadillo	38	0
arming	38	0
arses	38	0
arterial	38	0
arty	38	0
arya	38	0
astor	38	0
attentions	38	0
aussie	38	0
austrians	38	0
autonomy	38	0
avenues	38	0
aversion	38	0
awkwardly	38	0
babette	38	0
bacchus	38	0
balki	38	0
banger	38	0
baroque	38	0
barracuda	38	0
bathhouse	38	0
battering	38	0
bearable	38	0
beaucoup	38	0
beehive	38	0
belize	38	0
bestseller	38	0
bhavani	38	0
binky	38	0
biologically	38	0
bitchin	38	0
bittersweet	38	0
blakely	38	0
blindsided	38	0
blinked	38	0
blockage	38	0
bloomed	38	0
blueberries	38	0
boathouse	38	0
bod	38	0
breeder	38	0
brimstone	38	0
broaden	38	0
broots	38	0
buggered	38	0
bugsy	38	0
bulging	38	0
bumble	38	0
bunkers	38	0
bustle	38	0
buzzers	38	0
calendars	38	0
cannae	38	0
cannibalism	38	0
capricorn	38	0
caption	38	0
caressing	38	0
carlito	38	0
carnations	38	0
caro	38	0
cartons	38	0
carvings	38	0
caspar	38	0
castrated	38	0
catdog	38	0
catwalk	38	0
cecily	38	0
celebratory	38	0
cemeteries	38	0
centipede	38	0
cesspool	38	0
chae	38	0
cheapskate	38	0
chechnya	38	0
chekov	38	0
cheney	38	0
chickened	38	0
chilton	38	0
chimneys	38	0
chiropractor	38	0
chrissie	38	0
christened	38	0
chronicles	38	0
circuitry	38	0
classrooms	38	0
clipboard	38	0
cloaked	38	0
coasters	38	0
coating	38	0
cobalt	38	0
commodities	38	0
compadre	38	0
compost	38	0
computerized	38	0
concorde	38	0
condemning	38	0
confederacy	38	0
confound	38	0
conga	38	0
congressmen	38	0
conning	38	0
consisted	38	0
constituency	38	0
cookin	38	0
copernicus	38	0
correlation	38	0
cosmopolitan	38	0
covet	38	0
crafted	38	0
craftsmen	38	0
creators	38	0
credited	38	0
creeper	38	0
cronies	38	0
crud	38	0
crunches	38	0
crusades	38	0
curiously	38	0
dade	38	0
daedalus	38	0
daniella	38	0
darkroom	38	0
debauchery	38	0
decked	38	0
defenceless	38	0
delko	38	0
deluca	38	0
demeaning	38	0
demeanor	38	0
demetrius	38	0
demonstrators	38	0
deo	38	0
depict	38	0
deposed	38	0
derelict	38	0
ders	38	0
desdemona	38	0
despises	38	0
destinations	38	0
destinies	38	0
devouring	38	0
diddle	38	0
disappearances	38	0
disbarred	38	0
disconnects	38	0
disintegrate	38	0
dispensary	38	0
dissection	38	0
doings	38	0
douse	38	0
drowsy	38	0
ducats	38	0
dumont	38	0
dupree	38	0
dysentery	38	0
eames	38	0
edema	38	0
eee	38	0
eights	38	0
electrified	38	0
elroy	38	0
elwood	38	0
emancipation	38	0
embalming	38	0
embodiment	38	0
embroidered	38	0
employing	38	0
enabling	38	0
endgame	38	0
enthusiast	38	0
entirety	38	0
eppes	38	0
erwin	38	0
ethereal	38	0
evading	38	0
excavated	38	0
exceeds	38	0
exercised	38	0
exhibited	38	0
explicitly	38	0
expressive	38	0
extort	38	0
extracting	38	0
fable	38	0
fabrication	38	0
falter	38	0
farmland	38	0
farrah	38	0
fatality	38	0
fathered	38	0
feline	38	0
felons	38	0
felton	38	0
feudal	38	0
finite	38	0
firefight	38	0
flagpole	38	0
flavours	38	0
flog	38	0
flogged	38	0
fluorescent	38	0
footwear	38	0
footwork	38	0
forthat	38	0
fouled	38	0
francoise	38	0
frauds	38	0
freda	38	0
fremont	38	0
frisco	38	0
frm	38	0
frontiers	38	0
furlough	38	0
futon	38	0
gatsby	38	0
gautam	38	0
gaz	38	0
gazebo	38	0
genital	38	0
genji	38	0
gennaro	38	0
gimp	38	0
givens	38	0
golem	38	0
gonorrhea	38	0
gook	38	0
gouge	38	0
gr	38	0
gripped	38	0
gripping	38	0
grog	38	0
grouse	38	0
guerrero	38	0
gugu	38	0
guten	38	0
haas	38	0
hairless	38	0
halle	38	0
halliwell	38	0
handwritten	38	0
hangout	38	0
hankmed	38	0
happend	38	0
harcourt	38	0
harmonious	38	0
harms	38	0
harv	38	0
hatching	38	0
hazing	38	0
headin	38	0
headman	38	0
hella	38	0
henchman	38	0
hepburn	38	0
hercule	38	0
hibernation	38	0
hideaway	38	0
hinge	38	0
hinting	38	0
hipster	38	0
hisself	38	0
hitchhiking	38	0
hogging	38	0
hol	38	0
horsey	38	0
hoskins	38	0
hothead	38	0
houseboat	38	0
huddled	38	0
humbug	38	0
hummingbird	38	0
huntley	38	0
hurled	38	0
hyeon	38	0
iceman	38	0
identifies	38	0
ijust	38	0
impersonate	38	0
impromptu	38	0
inaccessible	38	0
incarnation	38	0
incite	38	0
incubator	38	0
individuality	38	0
infiltration	38	0
inger	38	0
insignia	38	0
insistence	38	0
inspecting	38	0
interactions	38	0
interactive	38	0
interrogations	38	0
intestinal	38	0
iranians	38	0
iraqis	38	0
jaclyn	38	0
jafar	38	0
jailhouse	38	0
jamison	38	0
jangle	38	0
jangling	38	0
jas	38	0
jockeys	38	0
johansson	38	0
jot	38	0
kaboom	38	0
kaitlin	38	0
kaput	38	0
kasper	38	0
kaya	38	0
kaz	38	0
kes	38	0
khalil	38	0
kiera	38	0
kiyoshi	38	0
kohl	38	0
konrad	38	0
konstantin	38	0
kooky	38	0
korra	38	0
kowloon	38	0
ladybug	38	0
lahore	38	0
landscaping	38	0
larrabee	38	0
lashed	38	0
laughingstock	38	0
launder	38	0
lawns	38	0
lazar	38	0
legislature	38	0
leia	38	0
leisurely	38	0
lends	38	0
liberator	38	0
lidocaine	38	0
lighted	38	0
linens	38	0
lingers	38	0
liven	38	0
livingston	38	0
ljust	38	0
loafer	38	0
loin	38	0
lorena	38	0
louisville	38	0
lows	38	0
lukewarm	38	0
lull	38	0
lunacy	38	0
luring	38	0
lynda	38	0
macabre	38	0
magpie	38	0
manageable	38	0
manta	38	0
margherita	38	0
mariachi	38	0
marshes	38	0
marys	38	0
masterpieces	38	0
mathews	38	0
matthias	38	0
maxime	38	0
maximize	38	0
mayans	38	0
mcgrath	38	0
mcleod	38	0
mcnulty	38	0
mediation	38	0
mediocrity	38	0
megaphone	38	0
melancholic	38	0
memoir	38	0
mercilessly	38	0
messer	38	0
methinks	38	0
methodical	38	0
metric	38	0
midas	38	0
migrate	38	0
miko	38	0
mindful	38	0
minion	38	0
mis	38	0
misbehave	38	0
mizuno	38	0
mnh	38	0
mohawk	38	0
molest	38	0
mongoose	38	0
monogamous	38	0
monogamy	38	0
moritz	38	0
mork	38	0
moronic	38	0
mortars	38	0
mortis	38	0
motivational	38	0
mouthpiece	38	0
mugger	38	0
nadya	38	0
narcissist	38	0
nascar	38	0
nautilus	38	0
navajo	38	0
nefarious	38	0
nigerian	38	0
nintendo	38	0
nog	38	0
noi	38	0
nome	38	0
nominations	38	0
nous	38	0
nudist	38	0
null	38	0
nuremberg	38	0
nutcracker	38	0
nutmeg	38	0
obtaining	38	0
olds	38	0
omer	38	0
oona	38	0
ooze	38	0
opie	38	0
opted	38	0
orgies	38	0
otters	38	0
outdone	38	0
ovation	38	0
ove	38	0
overbearing	38	0
overpower	38	0
overture	38	0
overturn	38	0
pantyhose	38	0
paprika	38	0
paradigm	38	0
parma	38	0
pasa	38	0
patching	38	0
pate	38	0
patriarch	38	0
paulina	38	0
pave	38	0
perpetrated	38	0
petersen	38	0
phineas	38	0
phonograph	38	0
photocopy	38	0
pickin	38	0
pickings	38	0
picturesque	38	0
pinkerton	38	0
pinning	38	0
pino	38	0
piston	38	0
pivotal	38	0
plagues	38	0
platypus	38	0
pleads	38	0
pleasurable	38	0
plucking	38	0
plunger	38	0
plunging	38	0
politeness	38	0
pooper	38	0
pooping	38	0
positioning	38	0
posterior	38	0
pouting	38	0
powerhouse	38	0
preferences	38	0
preserves	38	0
pretender	38	0
pringle	38	0
printers	38	0
proletariat	38	0
promiscuous	38	0
proudest	38	0
prowler	38	0
prowling	38	0
pryce	38	0
pulpit	38	0
purged	38	0
purification	38	0
puta	38	0
quotation	38	0
rackets	38	0
racking	38	0
raider	38	0
rami	38	0
ramses	38	0
rancher	38	0
ranchers	38	0
rapunzel	38	0
rasmus	38	0
reactors	38	0
realistically	38	0
reappear	38	0
recluse	38	0
recollect	38	0
recommends	38	0
reels	38	0
reflective	38	0
refuel	38	0
regimen	38	0
regulated	38	0
reimburse	38	0
reluctance	38	0
remnant	38	0
repetitive	38	0
restrict	38	0
revolve	38	0
ric	38	0
riffraff	38	0
riggins	38	0
rims	38	0
rioting	38	0
rosenberg	38	0
rotary	38	0
rousing	38	0
routed	38	0
rsvp	38	0
rudely	38	0
saab	38	0
sakamoto	38	0
salamander	38	0
saltwater	38	0
salve	38	0
sandrine	38	0
sandstorm	38	0
sapiens	38	0
sarin	38	0
sass	38	0
satya	38	0
saver	38	0
sawmill	38	0
scavengers	38	0
scissor	38	0
scorpius	38	0
scour	38	0
screenwriter	38	0
scuffle	38	0
scurvy	38	0
scylla	38	0
seatbelts	38	0
sedation	38	0
seeming	38	0
seminars	38	0
semper	38	0
sentient	38	0
setsuko	38	0
shakti	38	0
sharif	38	0
shel	38	0
shih	38	0
shimizu	38	0
shined	38	0
shortened	38	0
shoveling	38	0
shunned	38	0
sia	38	0
sideline	38	0
sig	38	0
signaling	38	0
sikes	38	0
sil	38	0
singled	38	0
sizzle	38	0
skyline	38	0
sleepin	38	0
smirk	38	0
smithsonian	38	0
smythe	38	0
snapper	38	0
soliciting	38	0
spaceman	38	0
spaz	38	0
spector	38	0
sponsoring	38	0
sportsman	38	0
spotter	38	0
spotty	38	0
squander	38	0
squishy	38	0
stace	38	0
stalks	38	0
stavros	38	0
steered	38	0
stickler	38	0
stigma	38	0
storytelling	38	0
strenuous	38	0
striptease	38	0
structured	38	0
stryker	38	0
stupendous	38	0
succubus	38	0
supplements	38	0
suppressing	38	0
surfboard	38	0
surly	38	0
swabs	38	0
swahili	38	0
systolic	38	0
tackling	38	0
tanked	38	0
tater	38	0
terrify	38	0
thayer	38	0
thermostat	38	0
thrift	38	0
tillman	38	0
toasting	38	0
tolliver	38	0
tongs	38	0
tonto	38	0
tootsie	38	0
torrance	38	0
toru	38	0
tote	38	0
tots	38	0
toupee	38	0
toured	38	0
tournaments	38	0
township	38	0
toxie	38	0
trailers	38	0
tranquilizers	38	0
travesty	38	0
triangles	38	0
tuan	38	0
tundra	38	0
turds	38	0
turquoise	38	0
tush	38	0
tusk	38	0
tweedle	38	0
twila	38	0
ugo	38	0
ulcers	38	0
ultraman	38	0
uncalled	38	0
undermining	38	0
undertaken	38	0
undisturbed	38	0
unfounded	38	0
uninhabited	38	0
unis	38	0
uniting	38	0
unjustly	38	0
unknowingly	38	0
uns	38	0
unveil	38	0
uploading	38	0
upto	38	0
vaccinated	38	0
validation	38	0
varnish	38	0
vegeta	38	0
ventriloquist	38	0
ventures	38	0
veronika	38	0
vetted	38	0
vickers	38	0
vickie	38	0
virgo	38	0
virile	38	0
visiontext	38	0
visor	38	0
visuals	38	0
vulcans	38	0
wack	38	0
waging	38	0
waltzing	38	0
warns	38	0
warring	38	0
wasteful	38	0
wealthiest	38	0
westchester	38	0
westinghouse	38	0
wheezes	38	0
whereby	38	0
wherefore	38	0
whisperer	38	0
whiter	38	0
whitmore	38	0
wholeheartedly	38	0
willed	38	0
windscreen	38	0
winking	38	0
woodhouse	38	0
workload	38	0
wretches	38	0
wynonna	38	0
xiu	38	0
yams	38	0
yanking	38	0
yields	38	0
yolk	38	0
yourfather	38	0
yukon	38	0
zapata	38	0
abbs	37	0
accommodating	37	0
aced	37	0
ackerman	37	0
acrobat	37	0
advisable	37	0
agility	37	0
ails	37	0
akane	37	0
akemi	37	0
alienated	37	0
allahu	37	0
allende	37	0
allowances	37	0
allure	37	0
alphabetical	37	0
alternating	37	0
althea	37	0
amputated	37	0
anchorage	37	0
angst	37	0
anika	37	0
anselmo	37	0
apologizes	37	0
apophis	37	0
applauded	37	0
apprehensive	37	0
apu	37	0
archimedes	37	0
arduous	37	0
ariadne	37	0
armitage	37	0
arnaud	37	0
ascended	37	0
ascending	37	0
ashby	37	0
assassinations	37	0
assorted	37	0
attest	37	0
autonomous	37	0
awry	37	0
balances	37	0
bannerman	37	0
bapu	37	0
barnabas	37	0
barrymore	37	0
basing	37	0
batmobile	37	0
battalions	37	0
bavarian	37	0
beaks	37	0
bedbugs	37	0
befriended	37	0
bequeath	37	0
besieged	37	0
bettie	37	0
beyonce	37	0
bigot	37	0
bilbo	37	0
bingum	37	0
bitte	37	0
blackburn	37	0
blackened	37	0
bleats	37	0
bleeps	37	0
bleu	37	0
blight	37	0
blogs	37	0
blythe	37	0
bobbing	37	0
bodie	37	0
bogged	37	0
bombarded	37	0
botany	37	0
boudoir	37	0
braves	37	0
brewed	37	0
brittas	37	0
brung	37	0
bubs	37	0
bucking	37	0
budgets	37	0
cabana	37	0
cadence	37	0
cafes	37	0
cajun	37	0
caligula	37	0
caliph	37	0
calloway	37	0
camaraderie	37	0
cami	37	0
capitalists	37	0
captivated	37	0
carpenters	37	0
cascade	37	0
catchphrase	37	0
caterpillars	37	0
cato	37	0
cavities	37	0
cellars	37	0
chatsworth	37	0
cheaply	37	0
chica	37	0
childs	37	0
chlamydia	37	0
choosy	37	0
choy	37	0
chucking	37	0
chuen	37	0
cicely	37	0
cinematic	37	0
civilisations	37	0
clacks	37	0
classification	37	0
claudine	37	0
closeness	37	0
clung	37	0
coax	37	0
cocked	37	0
coffers	37	0
collarbone	37	0
collectively	37	0
columnist	37	0
comer	37	0
cometh	37	0
commissary	37	0
compels	37	0
competence	37	0
confounded	37	0
congratulating	37	0
consenting	37	0
consortium	37	0
copilot	37	0
corleone	37	0
corrupting	37	0
counterpart	37	0
cr	37	0
cramer	37	0
crapper	37	0
craves	37	0
crayon	37	0
crenshaw	37	0
crepe	37	0
crowding	37	0
cupboards	37	0
cushy	37	0
cutthroat	37	0
cyclist	37	0
cyndi	37	0
cyst	37	0
dabble	37	0
dahl	37	0
damning	37	0
dandelion	37	0
davide	37	0
davie	37	0
debacle	37	0
debit	37	0
deduce	37	0
defiled	37	0
dented	37	0
desi	37	0
detach	37	0
devotee	37	0
diff	37	0
dimple	37	0
dips	37	0
disappointments	37	0
disillusioned	37	0
disinfectant	37	0
dismembered	37	0
disorganized	37	0
dispenser	37	0
displacement	37	0
disrespecting	37	0
dissolving	37	0
distinguishing	37	0
divides	37	0
djaro	37	0
doa	37	0
doctored	37	0
dolce	37	0
domesticated	37	0
dominguez	37	0
doolittle	37	0
drab	37	0
drax	37	0
dreading	37	0
drizzle	37	0
druids	37	0
duckula	37	0
dunkirk	37	0
dwellers	37	0
dwells	37	0
dynamo	37	0
easton	37	0
ec	37	0
economically	37	0
economist	37	0
educating	37	0
effie	37	0
eldridge	37	0
elin	37	0
eloping	37	0
ely	37	0
emp	37	0
empties	37	0
enslave	37	0
enticing	37	0
entrails	37	0
envisioned	37	0
eonni	37	0
ephraim	37	0
epitome	37	0
esp	37	0
esperanza	37	0
esquire	37	0
ester	37	0
estrogen	37	0
ethiopian	37	0
evaporate	37	0
everglades	37	0
eveyone	37	0
exonerated	37	0
extracurricular	37	0
extremities	37	0
fabrizio	37	0
falcone	37	0
falk	37	0
familiarity	37	0
faruk	37	0
fastball	37	0
feats	37	0
felice	37	0
feminism	37	0
fernanda	37	0
fib	37	0
fido	37	0
fiends	37	0
fifties	37	0
filippo	37	0
fillet	37	0
finalize	37	0
finalized	37	0
fingered	37	0
fizz	37	0
flabby	37	0
flamenco	37	0
flashbacks	37	0
fleed	37	0
flemish	37	0
fletch	37	0
flocks	37	0
fluctuations	37	0
flyin	37	0
foothold	37	0
formaldehyde	37	0
forthis	37	0
foundry	37	0
frees	37	0
freshness	37	0
frolic	37	0
frustrations	37	0
fusco	37	0
gaff	37	0
gargoyle	37	0
gentleness	37	0
geographical	37	0
gesundheit	37	0
ght	37	0
giddyup	37	0
gilroy	37	0
gim	37	0
gleason	37	0
gloating	37	0
glutton	37	0
gnawing	37	0
goalkeeper	37	0
gohan	37	0
goosebumps	37	0
goya	37	0
gpa	37	0
grasped	37	0
groomed	37	0
grumble	37	0
gruntlng	37	0
guilders	37	0
gul	37	0
gunnery	37	0
gust	37	0
gutierrez	37	0
guzman	37	0
habitable	37	0
haircuts	37	0
hakim	37	0
halted	37	0
hangers	37	0
hanne	37	0
hardball	37	0
harlow	37	0
hayashi	37	0
healey	37	0
heathcliff	37	0
heaving	37	0
hemorrhoids	37	0
hennessy	37	0
heroics	37	0
heung	37	0
highlander	37	0
hinted	37	0
hoard	37	0
hoarse	37	0
hoes	37	0
holliday	37	0
homely	37	0
hone	37	0
hopin	37	0
households	37	0
housemaid	37	0
hungarians	37	0
hymie	37	0
ibn	37	0
ied	37	0
ieyasu	37	0
iga	37	0
illustrations	37	0
immaterial	37	0
impacted	37	0
impediment	37	0
impounded	37	0
impractical	37	0
improvising	37	0
impudence	37	0
incantation	37	0
incarnate	37	0
incinerator	37	0
inexpensive	37	0
infamy	37	0
inflate	37	0
infuriating	37	0
inhalation	37	0
inherently	37	0
inhumane	37	0
injun	37	0
innuendo	37	0
insecurities	37	0
insurrection	37	0
intrigues	37	0
invulnerable	37	0
ir	37	0
irritation	37	0
jabbar	37	0
jarrod	37	0
jeepers	37	0
jian	37	0
juana	37	0
judea	37	0
judi	37	0
junko	37	0
kala	37	0
kalle	37	0
karsten	37	0
keepsake	37	0
kelley	37	0
kerr	37	0
kevlar	37	0
kilt	37	0
kinch	37	0
kinetic	37	0
kinney	37	0
knope	37	0
knowed	37	0
koch	37	0
koh	37	0
krystal	37	0
kwok	37	0
langford	37	0
lashing	37	0
lasso	37	0
laughable	37	0
leapinlar	37	0
leipzig	37	0
lemur	37	0
leng	37	0
leniency	37	0
letterman	37	0
liquidate	37	0
lithuania	37	0
lobes	37	0
loom	37	0
loosing	37	0
lorenz	37	0
lovey	37	0
lubricant	37	0
ludlow	37	0
madder	37	0
madsen	37	0
makings	37	0
malory	37	0
manifests	37	0
manuals	37	0
margaux	37	0
martyrdom	37	0
masao	37	0
masculinity	37	0
mather	37	0
matsumoto	37	0
maximilian	37	0
mays	37	0
meager	37	0
mediator	37	0
megazord	37	0
memorabilia	37	0
merlot	37	0
mew	37	0
midlife	37	0
mightn	37	0
milano	37	0
millimeters	37	0
misinformed	37	0
misinterpreted	37	0
misuse	37	0
molded	37	0
molding	37	0
molotov	37	0
monotonous	37	0
montalbano	37	0
monterey	37	0
mookie	37	0
moonlit	37	0
mope	37	0
mormons	37	0
morph	37	0
morsel	37	0
morten	37	0
motif	37	0
motorcade	37	0
mounts	37	0
mouthwash	37	0
mph	37	0
mumbo	37	0
munchies	37	0
musically	37	0
mycroft	37	0
myles	37	0
myriad	37	0
nanites	37	0
nappies	37	0
narcotic	37	0
nawab	37	0
nazir	37	0
Netflix	37	0
newsstand	37	0
niklas	37	0
niro	37	0
nishi	37	0
nita	37	0
nitrous	37	0
noa	37	0
node	37	0
nucky	37	0
nymph	37	0
oates	37	0
obeys	37	0
offset	37	0
ofthat	37	0
og	37	0
ohm	37	0
oj	37	0
oldie	37	0
omens	37	0
ontario	37	0
optimal	37	0
oren	37	0
orhan	37	0
orry	37	0
osbourne	37	0
outcomes	37	0
outnumber	37	0
overdid	37	0
overdone	37	0
overdosed	37	0
overdrive	37	0
overpriced	37	0
pandas	37	0
pane	37	0
panzer	37	0
paraguay	37	0
pardons	37	0
parishioners	37	0
pedicure	37	0
pelham	37	0
perchance	37	0
perched	37	0
perfectionist	37	0
peripheral	37	0
perrin	37	0
pfeiffer	37	0
philips	37	0
phipps	37	0
photogenic	37	0
photoshop	37	0
picker	37	0
pinhead	37	0
pioneering	37	0
piotr	37	0
pitchfork	37	0
pivot	37	0
pom	37	0
pontiac	37	0
popov	37	0
poppin	37	0
porterhouse	37	0
postage	37	0
prat	37	0
preceded	37	0
precedence	37	0
precipice	37	0
predecessors	37	0
prepaid	37	0
presumption	37	0
primordial	37	0
priory	37	0
prob	37	0
prozac	37	0
psychoanalysis	37	0
publications	37	0
pullman	37	0
putnam	37	0
pym	37	0
quacking	37	0
quiver	37	0
radley	37	0
raged	37	0
rams	37	0
rappers	37	0
raspberries	37	0
realist	37	0
reassurance	37	0
rebelling	37	0
recognizable	37	0
recourse	37	0
redecorating	37	0
reeds	37	0
reena	37	0
referral	37	0
regrettably	37	0
rejoicing	37	0
relays	37	0
reminisce	37	0
remodeling	37	0
rendition	37	0
renovating	37	0
renzo	37	0
repellent	37	0
replicators	37	0
repugnant	37	0
reputations	37	0
reroute	37	0
res	37	0
reston	37	0
retards	37	0
retina	37	0
rie	37	0
rodolfo	37	0
romi	37	0
roomie	37	0
rothschild	37	0
roughed	37	0
rpg	37	0
ry	37	0
saddened	37	0
saiyan	37	0
samar	37	0
sanctum	37	0
sandal	37	0
saskia	37	0
satoru	37	0
satoshi	37	0
schoolyard	37	0
scorch	37	0
scribbling	37	0
seaboard	37	0
seamen	37	0
seawater	37	0
seclusion	37	0
sergeants	37	0
serpents	37	0
severide	37	0
seward	37	0
shabbat	37	0
shaq	37	0
shipwrecked	37	0
shirin	37	0
shrouded	37	0
siam	37	0
sienna	37	0
signify	37	0
sima	37	0
simulations	37	0
skateboarding	37	0
skeeter	37	0
sleek	37	0
slugger	37	0
sluice	37	0
slumming	37	0
smarty	37	0
sniffed	37	0
sockets	37	0
sodding	37	0
sodomy	37	0
som	37	0
somerset	37	0
sor	37	0
soren	37	0
sorrowful	37	0
sown	37	0
spares	37	0
spartans	37	0
sponsorship	37	0
spooks	37	0
springsteen	37	0
squandered	37	0
squishing	37	0
stainless	37	0
starred	37	0
stepan	37	0
sternum	37	0
stiffs	37	0
stillness	37	0
storybrooke	37	0
strategist	37	0
subatomic	37	0
subconsciously	37	0
suis	37	0
sunsets	37	0
suntan	37	0
superstars	37	0
supple	37	0
suspenders	37	0
sutherland	37	0
suzette	37	0
sweatpants	37	0
swelled	37	0
symposium	37	0
tandem	37	0
tano	37	0
tapioca	37	0
telemetry	37	0
teleportation	37	0
televised	37	0
temps	37	0
thruster	37	0
thwarted	37	0
tidied	37	0
tilted	37	0
tireless	37	0
tome	37	0
tonino	37	0
trachea	37	0
tractors	37	0
tranny	37	0
transformers	37	0
trashing	37	0
trillions	37	0
trimming	37	0
tripled	37	0
trolling	37	0
tubs	37	0
tunic	37	0
turnips	37	0
tweezers	37	0
twentieth	37	0
twine	37	0
ulla	37	0
ulrik	37	0
ultron	37	0
umberto	37	0
unanimously	37	0
unbroken	37	0
undermined	37	0
unification	37	0
unplugged	37	0
unresponsive	37	0
unsuitable	37	0
unwittingly	37	0
uri	37	0
uruguay	37	0
uzi	37	0
vadim	37	0
validity	37	0
vandals	37	0
veiled	37	0
vermouth	37	0
versed	37	0
vics	37	0
villager	37	0
vilma	37	0
vineyards	37	0
violette	37	0
viscount	37	0
vividly	37	0
volker	37	0
vouchers	37	0
wagging	37	0
walled	37	0
webs	37	0
wesson	37	0
wetting	37	0
wheeled	37	0
whimper	37	0
whirlpool	37	0
whitehead	37	0
whitley	37	0
wikileaks	37	0
wilshire	37	0
winery	37	0
winger	37	0
winona	37	0
withdrawals	37	0
wooster	37	0
wop	37	0
wordy	37	0
xian	37	0
yada	37	0
yoshio	37	0
yui	37	0
yuriko	37	0
zillion	37	0
zit	37	0
zora	37	0
aahh	36	0
abductions	36	0
absinthe	36	0
accountability	36	0
adept	36	0
adonis	36	0
adoring	36	0
advent	36	0
aeroplanes	36	0
afforded	36	0
affront	36	0
akin	36	0
akiyama	36	0
alby	36	0
aline	36	0
aloft	36	0
amaya	36	0
ambrosia	36	0
amino	36	0
andrey	36	0
androids	36	0
andros	36	0
annulled	36	0
aortic	36	0
appa	36	0
applicant	36	0
appraisal	36	0
apprenticeship	36	0
aravind	36	0
arisen	36	0
arno	36	0
arrhythmia	36	0
arrivederci	36	0
attica	36	0
audra	36	0
automotive	36	0
avec	36	0
avid	36	0
aztecs	36	0
backstabbing	36	0
baffling	36	0
ballgame	36	0
ballsy	36	0
balzac	36	0
bandaged	36	0
bankroll	36	0
bask	36	0
batista	36	0
bayliss	36	0
beanie	36	0
beech	36	0
behaviors	36	0
belch	36	0
belittle	36	0
beowulf	36	0
biceps	36	0
bide	36	0
bixby	36	0
bleeder	36	0
blowin	36	0
bluetooth	36	0
boars	36	0
bogeyman	36	0
bois	36	0
bolder	36	0
bonita	36	0
bookcase	36	0
boosted	36	0
bootleg	36	0
boozing	36	0
bossing	36	0
bountiful	36	0
bower	36	0
bragged	36	0
briar	36	0
brisket	36	0
broomstick	36	0
brutes	36	0
bukowski	36	0
bullion	36	0
bullpen	36	0
burners	36	0
busier	36	0
bystanders	36	0
cabbages	36	0
calum	36	0
camillo	36	0
candlestick	36	0
canvases	36	0
caprice	36	0
capricious	36	0
capulet	36	0
carne	36	0
carney	36	0
castiel	36	0
caterers	36	0
causton	36	0
caverns	36	0
cayenne	36	0
cellmate	36	0
chappelle	36	0
chasm	36	0
chatters	36	0
checkin	36	0
cheerios	36	0
chemically	36	0
chews	36	0
chiaki	36	0
chickenshit	36	0
childless	36	0
childrens	36	0
christmases	36	0
chromosome	36	0
chromosomes	36	0
ciccio	36	0
circumcision	36	0
cirque	36	0
classify	36	0
clemente	36	0
clergyman	36	0
clovis	36	0
codis	36	0
coercion	36	0
cog	36	0
cokes	36	0
colds	36	0
collaborating	36	0
collisions	36	0
colossus	36	0
combines	36	0
compatriots	36	0
composure	36	0
cong	36	0
conn	36	0
connery	36	0
consecrated	36	0
constellations	36	0
contenders	36	0
continuance	36	0
contracting	36	0
conveyed	36	0
coordinators	36	0
corals	36	0
corbin	36	0
corcoran	36	0
corday	36	0
corsica	36	0
couriers	36	0
cremate	36	0
cripples	36	0
cristal	36	0
cristo	36	0
croatian	36	0
croquet	36	0
crumbled	36	0
cully	36	0
culmination	36	0
culturally	36	0
cuppa	36	0
cur	36	0
cybermen	36	0
cypress	36	0
cyrano	36	0
dandruff	36	0
dans	36	0
danton	36	0
darhk	36	0
debated	36	0
definitively	36	0
delano	36	0
depravity	36	0
deteriorated	36	0
deterioration	36	0
deterrent	36	0
detonators	36	0
deviate	36	0
deviation	36	0
dialling	36	0
dickheads	36	0
diffuse	36	0
diligently	36	0
dio	36	0
disagrees	36	0
discounts	36	0
discrepancy	36	0
discrete	36	0
dishonesty	36	0
dishonorable	36	0
disown	36	0
dissent	36	0
dived	36	0
documenting	36	0
dominates	36	0
donaghy	36	0
dorks	36	0
dorset	36	0
doubtless	36	0
dowd	36	0
draco	36	0
drafting	36	0
drape	36	0
dressmaker	36	0
droplets	36	0
drumroll	36	0
drunkenness	36	0
duckling	36	0
duggan	36	0
dulcinea	36	0
durable	36	0
duvet	36	0
earpiece	36	0
eastman	36	0
eaton	36	0
eckhart	36	0
editions	36	0
enigmatic	36	0
enriched	36	0
ensured	36	0
eoe	36	0
eons	36	0
epidural	36	0
equinox	36	0
estimation	36	0
estonia	36	0
etta	36	0
evaluations	36	0
evaporated	36	0
exec	36	0
exports	36	0
expressly	36	0
eyeliner	36	0
falsified	36	0
fanatical	36	0
farsi	36	0
fattening	36	0
fausto	36	0
fayed	36	0
feasting	36	0
fema	36	0
figuratively	36	0
filial	36	0
filtered	36	0
finders	36	0
finney	36	0
fishlegs	36	0
flavia	36	0
flogging	36	0
floozy	36	0
florentine	36	0
florian	36	0
flourishing	36	0
flowering	36	0
fluttershy	36	0
foal	36	0
focal	36	0
focuses	36	0
foryour	36	0
frak	36	0
frantically	36	0
fredo	36	0
fresco	36	0
frick	36	0
fumble	36	0
fundamentals	36	0
futuristic	36	0
fyodor	36	0
gaddafi	36	0
galore	36	0
gardeners	36	0
gasket	36	0
gazed	36	0
gearbox	36	0
gendarmes	36	0
genitalia	36	0
geordi	36	0
germain	36	0
gerson	36	0
gert	36	0
gilded	36	0
ginza	36	0
giraffes	36	0
gisborne	36	0
glades	36	0
glanced	36	0
gleam	36	0
gliding	36	0
glories	36	0
goering	36	0
goodie	36	0
gorbachev	36	0
grandmothers	36	0
grantham	36	0
grasses	36	0
gringos	36	0
gritty	36	0
groggy	36	0
grope	36	0
grouchy	36	0
grundy	36	0
guam	36	0
guerilla	36	0
gutsy	36	0
hacienda	36	0
haji	36	0
handout	36	0
hannes	36	0
hanoi	36	0
harnessed	36	0
harrow	36	0
hasselhoff	36	0
hatcher	36	0
haughty	36	0
heifer	36	0
heywood	36	0
hightower	36	0
hillman	36	0
hindenburg	36	0
hiroko	36	0
hiromi	36	0
hobart	36	0
holger	36	0
hollister	36	0
horne	36	0
hostilities	36	0
hoyle	36	0
huns	36	0
hydraulics	36	0
hyungnim	36	0
ichiro	36	0
idiocy	36	0
illuminating	36	0
ilsa	36	0
imagines	36	0
imogen	36	0
impaled	36	0
impersonal	36	0
impossibility	36	0
impoverished	36	0
incendiary	36	0
incompatible	36	0
incurred	36	0
indicators	36	0
indignation	36	0
indra	36	0
indulged	36	0
inefficient	36	0
inept	36	0
infestation	36	0
influenza	36	0
informers	36	0
infusion	36	0
inoue	36	0
inquired	36	0
inspections	36	0
installations	36	0
instinctive	36	0
inter	36	0
invariably	36	0
irregularities	36	0
israelites	36	0
iwo	36	0
jezebel	36	0
jilted	36	0
jiminy	36	0
jittery	36	0
jizz	36	0
johannesburg	36	0
journeyed	36	0
judiciary	36	0
judson	36	0
kano	36	0
kareem	36	0
katana	36	0
kelli	36	0
kenobi	36	0
kerrigan	36	0
kidd	36	0
kidnappings	36	0
kipling	36	0
kojak	36	0
krueger	36	0
kunta	36	0
kyushu	36	0
lachlan	36	0
lactose	36	0
lansing	36	0
laos	36	0
lar	36	0
largo	36	0
lauderdale	36	0
laure	36	0
lbs	36	0
leach	36	0
lebron	36	0
leda	36	0
legitimacy	36	0
lehman	36	0
lentils	36	0
lepers	36	0
likable	36	0
livid	36	0
loaves	36	0
lobotomy	36	0
lodger	36	0
lollipops	36	0
looser	36	0
lottie	36	0
lovesick	36	0
lucian	36	0
lucked	36	0
lumbar	36	0
lunchbox	36	0
lurks	36	0
macgregor	36	0
magog	36	0
mahatma	36	0
mails	36	0
maimed	36	0
makeshift	36	0
maltese	36	0
marcellus	36	0
mares	36	0
marsden	36	0
marti	36	0
martino	36	0
masa	36	0
masako	36	0
maserati	36	0
matias	36	0
matilde	36	0
mauled	36	0
mcpherson	36	0
merritt	36	0
messieurs	36	0
metabolic	36	0
mightiest	36	0
minbari	36	0
miro	36	0
misconception	36	0
mitzi	36	0
miyagi	36	0
mohamed	36	0
moines	36	0
mold	36	0
moll	36	0
mollie	36	0
montoya	36	0
morelli	36	0
moro	36	0
mosley	36	0
motionless	36	0
mounds	36	0
muddled	36	0
mui	36	0
mulberry	36	0
multiplying	36	0
munchkin	36	0
mundo	36	0
nanna	36	0
naoko	36	0
nara	36	0
nas	36	0
nath	36	0
newsroom	36	0
nissan	36	0
noches	36	0
noggin	36	0
noor	36	0
norbert	36	0
nordic	36	0
nothings	36	0
nourish	36	0
nyet	36	0
oakley	36	0
obliterate	36	0
obscurity	36	0
obsess	36	0
och	36	0
ode	36	0
odie	36	0
odysseus	36	0
oedipus	36	0
oncologist	36	0
ong	36	0
oot	36	0
oppenheimer	36	0
ora	36	0
originality	36	0
overhaul	36	0
overheated	36	0
packard	36	0
padma	36	0
pagoda	36	0
pamper	36	0
pandit	36	0
parnell	36	0
parody	36	0
patrolman	36	0
patting	36	0
paychecks	36	0
payout	36	0
pda	36	0
peacekeepers	36	0
pedestrians	36	0
pellet	36	0
percussion	36	0
persevere	36	0
pesto	36	0
petri	36	0
philharmonic	36	0
pierson	36	0
pina	36	0
pissy	36	0
placebo	36	0
plantations	36	0
plaything	36	0
plop	36	0
plowing	36	0
plugging	36	0
plundered	36	0
poise	36	0
pokey	36	0
pollack	36	0
poltergeist	36	0
poly	36	0
pomegranate	36	0
pondering	36	0
porthos	36	0
prelude	36	0
profiler	36	0
prologue	36	0
psychopathic	36	0
pulsating	36	0
quacks	36	0
query	36	0
quince	36	0
radioed	36	0
rallying	36	0
rancho	36	0
reactive	36	0
reared	36	0
rearranged	36	0
recited	36	0
reconvene	36	0
rectal	36	0
redmond	36	0
reformation	36	0
reinhardt	36	0
remodel	36	0
renounced	36	0
replaces	36	0
replicator	36	0
resolute	36	0
respirator	36	0
respite	36	0
restitution	36	0
rewriting	36	0
rhyming	36	0
ricci	36	0
richness	36	0
rikki	36	0
riveting	36	0
rockers	36	0
rockies	36	0
rollie	36	0
romana	36	0
rotterdam	36	0
rougher	36	0
roundup	36	0
rubbers	36	0
rudimentary	36	0
rui	36	0
rwanda	36	0
ryland	36	0
sanna	36	0
santino	36	0
satire	36	0
savior	36	0
schoolmaster	36	0
scoff	36	0
scotia	36	0
searing	36	0
securely	36	0
segments	36	0
sei	36	0
serrano	36	0
serviced	36	0
sevens	36	0
sgt	36	0
shakedown	36	0
shashi	36	0
sheath	36	0
shibuya	36	0
shoreline	36	0
shou	36	0
sideburns	36	0
siesta	36	0
sieve	36	0
silvery	36	0
sipowicz	36	0
sirius	36	0
sizable	36	0
slacker	36	0
sleepyhead	36	0
slinging	36	0
sluggish	36	0
smithy	36	0
smut	36	0
snowflakes	36	0
soapy	36	0
soledad	36	0
solicitation	36	0
solly	36	0
solvent	36	0
souffle	36	0
spanky	36	0
spasms	36	0
spatula	36	0
speakerphone	36	0
spinner	36	0
spiritus	36	0
splattered	36	0
splendidly	36	0
spoonful	36	0
springing	36	0
sprinkled	36	0
squadrons	36	0
squatters	36	0
squirming	36	0
srjanapala	36	0
stabilizing	36	0
stackhouse	36	0
staggered	36	0
stalemate	36	0
stamping	36	0
stardom	36	0
stepmom	36	0
stewed	36	0
stools	36	0
stringing	36	0
strudel	36	0
strutting	36	0
subtext	36	0
subtract	36	0
subxpacio	36	0
summarise	36	0
superfluous	36	0
supervisors	36	0
surrey	36	0
sussex	36	0
swastika	36	0
swig	36	0
tachibana	36	0
tailored	36	0
tamsin	36	0
tardy	36	0
tash	36	0
tatsuo	36	0
tch	36	0
templars	36	0
termite	36	0
terrifies	36	0
textiles	36	0
thang	36	0
thatyou	36	0
thingies	36	0
thrives	36	0
tibia	36	0
tinted	36	0
tiptoe	36	0
tomboy	36	0
tonio	36	0
toshi	36	0
toshio	36	0
toughen	36	0
toulouse	36	0
trainees	36	0
transcend	36	0
translations	36	0
treads	36	0
treaties	36	0
trending	36	0
trickle	36	0
trinket	36	0
tron	36	0
tse	36	0
tupperware	36	0
unc	36	0
unconfirmed	36	0
uncuff	36	0
undergone	36	0
undesirable	36	0
undiscovered	36	0
undivided	36	0
undue	36	0
unguarded	36	0
unhook	36	0
unmistakable	36	0
unpleasantness	36	0
unraveling	36	0
unrequited	36	0
unsaid	36	0
unwrap	36	0
upriver	36	0
urko	36	0
vagrant	36	0
valera	36	0
valjean	36	0
valkyrie	36	0
vegetarians	36	0
vigilantes	36	0
vigor	36	0
vigorously	36	0
volga	36	0
walkman	36	0
webcam	36	0
welded	36	0
whirrs	36	0
whup	36	0
wielding	36	0
wilton	36	0
wimbledon	36	0
wiretap	36	0
withers	36	0
wok	36	0
womanhood	36	0
wooing	36	0
workaholic	36	0
workshops	36	0
wristwatch	36	0
yonkers	36	0
yuuki	36	0
zeroes	36	0
zev	36	0
zeynep	36	0
zilch	36	0
zimbabwe	36	0
zimmer	36	0
zou	36	0
zu	36	0
abalone	35	0
abernathy	35	0
achtung	35	0
actin	35	0
adequately	35	0
adversaries	35	0
advertisements	35	0
advocates	35	0
affectionately	35	0
affirm	35	0
afresh	35	0
aguilera	35	0
ahsoka	35	0
alerts	35	0
alexi	35	0
amador	35	0
amara	35	0
amazement	35	0
amok	35	0
amphetamines	35	0
anatoly	35	0
ando	35	0
ani	35	0
anime	35	0
anju	35	0
anxieties	35	0
aoyama	35	0
apocalyptic	35	0
appleby	35	0
aqueduct	35	0
aqui	35	0
archduke	35	0
arggh	35	0
argues	35	0
argus	35	0
arousing	35	0
artefacts	35	0
artistry	35	0
Asha	35	0
aslam	35	0
asperger	35	0
assessed	35	0
asunder	35	0
auctioned	35	0
aviator	35	0
awakens	35	0
bachchan	35	0
backgammon	35	0
backwater	35	0
badgering	35	0
bahadur	35	0
bahia	35	0
bangers	35	0
bannon	35	0
barabbas	35	0
barbecued	35	0
barista	35	0
barkeep	35	0
barricaded	35	0
barrington	35	0
bastion	35	0
baze	35	0
beckman	35	0
bei	35	0
belvedere	35	0
benevolence	35	0
beretta	35	0
bering	35	0
bhola	35	0
bianchi	35	0
birkhoff	35	0
blabbing	35	0
blam	35	0
blistering	35	0
blogger	35	0
blooded	35	0
bloodhound	35	0
bloodstains	35	0
blubber	35	0
blubbering	35	0
bluntly	35	0
boatman	35	0
boggs	35	0
boise	35	0
boogeyman	35	0
boosters	35	0
bouts	35	0
boyce	35	0
bozos	35	0
braised	35	0
braverman	35	0
breakthroughs	35	0
brigades	35	0
buckner	35	0
buckshot	35	0
bunks	35	0
bunting	35	0
burping	35	0
bustin	35	0
butterscotch	35	0
buttoned	35	0
byzantium	35	0
callaghan	35	0
callisto	35	0
calvert	35	0
camino	35	0
cancers	35	0
canoes	35	0
canyons	35	0
capitals	35	0
caressed	35	0
carols	35	0
cas	35	0
castrate	35	0
catholicism	35	0
cautiously	35	0
charlton	35	0
chett	35	0
chiba	35	0
chieftain	35	0
childlike	35	0
chivalrous	35	0
christen	35	0
chums	35	0
churn	35	0
cinco	35	0
cipri	35	0
clapped	35	0
clavicle	35	0
clawed	35	0
clenched	35	0
clique	35	0
clothe	35	0
cochise	35	0
cocksuckers	35	0
codex	35	0
colbert	35	0
collage	35	0
colored	35	0
comme	35	0
commoners	35	0
comprende	35	0
congenital	35	0
conglomerate	35	0
constipation	35	0
constraints	35	0
contessa	35	0
conundrum	35	0
convene	35	0
cooley	35	0
copier	35	0
copperfield	35	0
cores	35	0
corrado	35	0
cosa	35	0
costco	35	0
coulter	35	0
counteract	35	0
courted	35	0
crabby	35	0
crackle	35	0
crandall	35	0
cranium	35	0
cravings	35	0
cray	35	0
creole	35	0
crocs	35	0
crumpled	35	0
cumberland	35	0
cybertron	35	0
czechs	35	0
dauphin	35	0
daytona	35	0
deafening	35	0
deathly	35	0
decedent	35	0
decreasing	35	0
defamation	35	0
defected	35	0
deflector	35	0
degrade	35	0
deliberation	35	0
delphi	35	0
deng	35	0
deok	35	0
deplorable	35	0
devotees	35	0
dicey	35	0
dictators	35	0
diets	35	0
digby	35	0
digit	35	0
disband	35	0
discern	35	0
dishonored	35	0
dishonour	35	0
disintegrated	35	0
diverting	35	0
django	35	0
doggies	35	0
domenico	35	0
doozy	35	0
doped	35	0
doping	35	0
doppelganger	35	0
dorsey	35	0
downwards	35	0
drc	35	0
dugout	35	0
dumpty	35	0
dundee	35	0
dupe	35	0
durst	35	0
earplugs	35	0
earthling	35	0
ecology	35	0
edouard	35	0
eeg	35	0
effectiveness	35	0
egotistical	35	0
electronically	35	0
eliminates	35	0
embargo	35	0
ember	35	0
embers	35	0
emcee	35	0
emits	35	0
emitting	35	0
emory	35	0
employs	35	0
emulate	35	0
endorsed	35	0
enhancement	35	0
enrich	35	0
entertainers	35	0
entrapment	35	0
envision	35	0
eradicated	35	0
erectus	35	0
eskimos	35	0
evaluated	35	0
exceeding	35	0
exeter	35	0
exponentially	35	0
expressway	35	0
extensively	35	0
eyelid	35	0
fantasizing	35	0
fantastically	35	0
farr	35	0
fascinates	35	0
fatally	35	0
fatherly	35	0
favourable	35	0
fellini	35	0
fen	35	0
fess	35	0
fiirst	35	0
filip	35	0
fillings	35	0
fillmore	35	0
finalist	35	0
flamboyant	35	0
flanks	35	0
flatline	35	0
fleets	35	0
flippers	35	0
foliage	35	0
follies	35	0
folsom	35	0
footman	35	0
fora	35	0
foreclosure	35	0
forgeries	35	0
forklift	35	0
forlorn	35	0
fraught	35	0
fredrik	35	0
freebie	35	0
fritters	35	0
gabriela	35	0
gamer	35	0
gangmo	35	0
gannon	35	0
gerbil	35	0
geum	35	0
ghb	35	0
glistening	35	0
gomorrah	35	0
grandfathers	35	0
granola	35	0
grieves	35	0
grinds	35	0
grogan	35	0
grooves	35	0
grossly	35	0
grueling	35	0
hairbrush	35	0
haired	35	0
hajji	35	0
handbags	35	0
handkerchiefs	35	0
hardwood	35	0
haruka	35	0
hattori	35	0
hd	35	0
headband	35	0
headlight	35	0
helluva	35	0
henley	35	0
henriette	35	0
heron	35	0
hijackers	35	0
hippos	35	0
hiram	35	0
hirsch	35	0
hitchhiker	35	0
hittin	35	0
homos	35	0
honeys	35	0
hotdog	35	0
houlihan	35	0
huckleberry	35	0
hud	35	0
humph	35	0
humvee	35	0
hunky	35	0
hunnicutt	35	0
hyperventilating	35	0
idealism	35	0
ig	35	0
immerse	35	0
impala	35	0
impart	35	0
impertinence	35	0
importing	35	0
impregnated	35	0
improvisation	35	0
inactive	35	0
inaugural	35	0
inciting	35	0
indescribable	35	0
infecting	35	0
inferiority	35	0
innermost	35	0
intertwined	35	0
introduces	35	0
iqbal	35	0
irreparable	35	0
ithaca	35	0
itwas	35	0
ivar	35	0
jackhammer	35	0
jackman	35	0
jaded	35	0
jadzia	35	0
jakey	35	0
jargon	35	0
jeter	35	0
jinxed	35	0
joachim	35	0
joked	35	0
journalistic	35	0
juncture	35	0
kahlan	35	0
kama	35	0
kamen	35	0
kangaroos	35	0
kanji	35	0
kardashian	35	0
kha	35	0
kirkland	35	0
knitted	35	0
knockin	35	0
knoll	35	0
kristian	35	0
kryptonian	35	0
kyra	35	0
lacroix	35	0
lambda	35	0
landers	35	0
landowner	35	0
landowners	35	0
langdon	35	0
lapping	35	0
laptops	35	0
larynx	35	0
latham	35	0
lattes	35	0
laxative	35	0
laxman	35	0
laziness	35	0
leena	35	0
lego	35	0
leni	35	0
leno	35	0
lenox	35	0
lettin	35	0
lids	35	0
lifelike	35	0
lilo	35	0
limiting	35	0
livers	35	0
losin	35	0
loudmouth	35	0
lowdown	35	0
luk	35	0
lupo	35	0
lurk	35	0
lustful	35	0
machiko	35	0
macintosh	35	0
mackay	35	0
mahi	35	0
mains	35	0
maitland	35	0
makeups	35	0
mamas	35	0
manchu	35	0
maquis	35	0
marburg	35	0
marga	35	0
marilla	35	0
marston	35	0
massaging	35	0
masterful	35	0
mathematically	35	0
mathematicians	35	0
matheson	35	0
maurizio	35	0
mcgovern	35	0
mcgraw	35	0
medicated	35	0
mehra	35	0
merton	35	0
metaphysical	35	0
meticulously	35	0
mette	35	0
mignon	35	0
migrating	35	0
mija	35	0
mikes	35	0
militants	35	0
minami	35	0
minstrel	35	0
mischa	35	0
MLA	35	0
mobiles	35	0
modeled	35	0
molina	35	0
moloch	35	0
mommies	35	0
monseigneur	35	0
montmartre	35	0
mortem	35	0
mosca	35	0
motown	35	0
moulin	35	0
mowgli	35	0
muchas	35	0
muddle	35	0
mullen	35	0
munro	35	0
munster	35	0
myrna	35	0
mythological	35	0
nairobi	35	0
nee	35	0
nervousness	35	0
nexus	35	0
nightie	35	0
nikos	35	0
nominal	35	0
nosing	35	0
nuh	35	0
num	35	0
nuptial	35	0
nuthouse	35	0
nyah	35	0
obscured	35	0
obstruct	35	0
octus	35	0
ofher	35	0
okada	35	0
onslaught	35	0
opt	35	0
origami	35	0
ortho	35	0
outage	35	0
outlined	35	0
outspoken	35	0
overcrowded	35	0
overhearing	35	0
overpowered	35	0
padlock	35	0
paedophile	35	0
pagans	35	0
painkiller	35	0
pally	35	0
panicky	35	0
parenthood	35	0
pathogen	35	0
payphone	35	0
pcp	35	0
peacekeeper	35	0
peat	35	0
peddle	35	0
pedophiles	35	0
perfumed	35	0
persecute	35	0
perth	35	0
petitions	35	0
petr	35	0
philby	35	0
pigment	35	0
pigtails	35	0
pisa	35	0
pizzeria	35	0
planetarium	35	0
playhouse	35	0
poach	35	0
pocahontas	35	0
porto	35	0
portsmouth	35	0
postponing	35	0
pp	35	0
practitioner	35	0
prevailing	35	0
prevails	35	0
principals	35	0
proactive	35	0
profess	35	0
professions	35	0
prunes	35	0
pseudonym	35	0
punishes	35	0
punitive	35	0
punt	35	0
punters	35	0
putrid	35	0
qualifying	35	0
quarreling	35	0
racketeering	35	0
rafferty	35	0
rafters	35	0
rajan	35	0
ranging	35	0
raps	35	0
raspy	35	0
rationing	35	0
ravenous	35	0
reade	35	0
rearview	35	0
reasoned	35	0
receptors	35	0
reconsidered	35	0
reconstructed	35	0
rectory	35	0
redecorate	35	0
redwood	35	0
regiments	35	0
regulator	35	0
rehabilitated	35	0
reina	35	0
renu	35	0
replenish	35	0
reprogram	35	0
resembled	35	0
residing	35	0
restriction	35	0
revel	35	0
revenues	35	0
rewinding	35	0
riddler	35	0
rios	35	0
risa	35	0
riverbank	35	0
rodger	35	0
romulans	35	0
routinely	35	0
roving	35	0
rowe	35	0
rox	35	0
rt	35	0
saboteur	35	0
sade	35	0
sag	35	0
sanada	35	0
sappy	35	0
sashimi	35	0
sathya	35	0
saya	35	0
sayings	35	0
schooled	35	0
scone	35	0
scoreboard	35	0
scouring	35	0
scribe	35	0
seaquest	35	0
seb	35	0
seeley	35	0
seltzer	35	0
semifinals	35	0
senna	35	0
serb	35	0
servitude	35	0
shackled	35	0
shadowing	35	0
shale	35	0
shamelessly	35	0
shania	35	0
sharpening	35	0
sharpest	35	0
sheri	35	0
shiloh	35	0
shimmer	35	0
shitheads	35	0
shitter	35	0
shoelace	35	0
shopper	35	0
shorted	35	0
shortness	35	0
simba	35	0
sinan	35	0
siva	35	0
skedaddle	35	0
sketching	35	0
sl	35	0
slant	35	0
sliver	35	0
smite	35	0
sniveling	35	0
snowden	35	0
softened	35	0
soiree	35	0
solano	35	0
solicitors	35	0
solos	35	0
sowing	35	0
spaniel	35	0
spelt	35	0
spewing	35	0
spitfire	35	0
splendour	35	0
sprite	35	0
standish	35	0
stateside	35	0
steroid	35	0
stian	35	0
stimuli	35	0
stopwatch	35	0
stowed	35	0
streaks	35	0
stresses	35	0
stumps	35	0
stumpy	35	0
subrip	35	0
suez	35	0
sungkyunkwan	35	0
surging	35	0
surveys	35	0
swoon	35	0
synonymous	35	0
tadpole	35	0
takedown	35	0
tannoy	35	0
tarrant	35	0
teahouse	35	0
telecast	35	0
tempers	35	0
terrestrial	35	0
testifies	35	0
thebes	35	0
thru	35	0
thumbprint	35	0
thurston	35	0
thyme	35	0
tilda	35	0
tobey	35	0
toga	35	0
tomcat	35	0
tomie	35	0
tommaso	35	0
tora	35	0
torben	35	0
torrent	35	0
tortilla	35	0
totaled	35	0
tourette	35	0
townhouse	35	0
transpired	35	0
trembles	35	0
tresses	35	0
triangulate	35	0
trickling	35	0
trinidad	35	0
tripoli	35	0
tsoukalos	35	0
turret	35	0
tusks	35	0
tweaked	35	0
tybalt	35	0
typist	35	0
uhuh	35	0
ukulele	35	0
ulf	35	0
unbecoming	35	0
uncovering	35	0
uncut	35	0
undecided	35	0
uniformed	35	0
unregistered	35	0
unselfish	35	0
unturned	35	0
upheaval	35	0
upstart	35	0
usb	35	0
usefulness	35	0
vail	35	0
vandal	35	0
vaporized	35	0
vases	35	0
vasily	35	0
venues	35	0
verna	35	0
victimized	35	0
victors	35	0
villas	35	0
vinick	35	0
waco	35	0
wallop	35	0
wallowing	35	0
wanking	35	0
wassup	35	0
watchtower	35	0
weathers	35	0
westerners	35	0
westside	35	0
whaddya	35	0
whelan	35	0
whitfield	35	0
willi	35	0
williamsburg	35	0
willies	35	0
windmills	35	0
winked	35	0
winky	35	0
wipers	35	0
wonka	35	0
workman	35	0
worthington	35	0
wory	35	0
wozniak	35	0
xerox	35	0
yamaguchi	35	0
yamazaki	35	0
yasir	35	0
yearns	35	0
yusef	35	0
yusuke	35	0
za	35	0
zagreb	35	0
zander	35	0
zebras	35	0
zenith	35	0
zephyr	35	0
zig	35	0
zoos	35	0
aaagh	34	0
abandons	34	0
aberration	34	0
abhay	34	0
abiding	34	0
abject	34	0
abscess	34	0
abstain	34	0
abundantly	34	0
acclaimed	34	0
achmed	34	0
activates	34	0
adrienne	34	0
aerospace	34	0
ahhhhh	34	0
aides	34	0
ailments	34	0
aint	34	0
airman	34	0
aish	34	0
alastair	34	0
albanians	34	0
albie	34	0
allo	34	0
allotted	34	0
alton	34	0
amaro	34	0
amenities	34	0
americano	34	0
anaconda	34	0
andersson	34	0
anecdote	34	0
anemic	34	0
antiseptic	34	0
apathy	34	0
appreciating	34	0
argumentative	34	0
argyle	34	0
arid	34	0
aries	34	0
arkham	34	0
arn	34	0
arroyo	34	0
artichoke	34	0
ashe	34	0
assessing	34	0
astra	34	0
auditor	34	0
authorisation	34	0
autopsies	34	0
baal	34	0
backpacks	34	0
badgers	34	0
baez	34	0
bakshi	34	0
banishment	34	0
bargains	34	0
barret	34	0
bassam	34	0
battleships	34	0
beaker	34	0
beater	34	0
beckons	34	0
beto	34	0
betrothal	34	0
bhanu	34	0
biking	34	0
billionaires	34	0
bionic	34	0
bizarro	34	0
blacky	34	0
blasphemous	34	0
bleached	34	0
blowjobs	34	0
blud	34	0
bolivian	34	0
boned	34	0
bookkeeping	34	0
booklet	34	0
breaches	34	0
breech	34	0
brows	34	0
browse	34	0
bubblegum	34	0
buckled	34	0
buh	34	0
bullhorn	34	0
bunter	34	0
buries	34	0
bustling	34	0
butyou	34	0
buzzards	34	0
byers	34	0
byun	34	0
byzantine	34	0
cagney	34	0
calgary	34	0
cameramen	34	0
camouflaged	34	0
canaan	34	0
candor	34	0
caplan	34	0
carlitos	34	0
carpe	34	0
carpentry	34	0
cartier	34	0
ceasefire	34	0
cemal	34	0
centigrade	34	0
chaka	34	0
chalmers	34	0
chariots	34	0
chechen	34	0
checkered	34	0
cheerfully	34	0
chemists	34	0
cheri	34	0
chickie	34	0
chimera	34	0
christi	34	0
christos	34	0
chumps	34	0
chupacabra	34	0
chuy	34	0
cicadas	34	0
cinematographer	34	0
circulated	34	0
circumference	34	0
clammy	34	0
clarification	34	0
clarified	34	0
clarisse	34	0
clashes	34	0
cleanly	34	0
clennam	34	0
cleverer	34	0
clobber	34	0
clump	34	0
coates	34	0
collusion	34	0
colord	34	0
commented	34	0
commenting	34	0
complacent	34	0
complicit	34	0
composers	34	0
concubines	34	0
conquers	34	0
conspiracies	34	0
contusion	34	0
convened	34	0
convulsions	34	0
coolant	34	0
coot	34	0
cordoba	34	0
corinth	34	0
cornbread	34	0
cornfield	34	0
cornflakes	34	0
corpsman	34	0
cosima	34	0
coventry	34	0
covington	34	0
cowgirl	34	0
cragen	34	0
cranston	34	0
crumbles	34	0
cufflinks	34	0
cultivating	34	0
cults	34	0
cutbacks	34	0
debatable	34	0
decimal	34	0
decoded	34	0
decompression	34	0
deedee	34	0
defile	34	0
delicacies	34	0
demelza	34	0
demos	34	0
dens	34	0
deploying	34	0
depositions	34	0
depress	34	0
derail	34	0
derailed	34	0
descartes	34	0
desolation	34	0
detainees	34	0
dewitt	34	0
dictating	34	0
didst	34	0
dieting	34	0
digested	34	0
digitally	34	0
dignitaries	34	0
dirtier	34	0
disarray	34	0
discontinued	34	0
disinfect	34	0
dismay	34	0
dismissing	34	0
dissuade	34	0
distantly	34	0
distilled	34	0
doer	34	0
dorado	34	0
dou	34	0
doze	34	0
draped	34	0
dreamin	34	0
drier	34	0
drifts	34	0
drunkards	34	0
dumbledore	34	0
dunce	34	0
echoed	34	0
economies	34	0
educator	34	0
eighties	34	0
elated	34	0
embezzling	34	0
embolism	34	0
emigrated	34	0
emporium	34	0
endeavors	34	0
engraving	34	0
ennis	34	0
ensures	34	0
ent	34	0
entails	34	0
epinephrine	34	0
escalation	34	0
esophagus	34	0
este	34	0
eugh	34	0
evenin	34	0
evo	34	0
excessively	34	0
excluding	34	0
exclusion	34	0
exhibiting	34	0
exorcise	34	0
fabricate	34	0
factual	34	0
fairs	34	0
fait	34	0
fanning	34	0
fatten	34	0
fauna	34	0
fiind	34	0
firework	34	0
fittings	34	0
fixtures	34	0
fizzy	34	0
flavored	34	0
flay	34	0
flees	34	0
flemming	34	0
floored	34	0
foiled	34	0
folders	34	0
forbidding	34	0
fornication	34	0
forts	34	0
fracking	34	0
frayed	34	0
freudian	34	0
frosted	34	0
fsb	34	0
ftl	34	0
fujiko	34	0
fulcrum	34	0
gaffer	34	0
garages	34	0
garb	34	0
gators	34	0
gawking	34	0
geller	34	0
geometric	34	0
ghostbusters	34	0
gillespie	34	0
gilliam	34	0
gio	34	0
girard	34	0
giza	34	0
globes	34	0
goldar	34	0
goldsmith	34	0
gossips	34	0
govinda	34	0
grading	34	0
grassy	34	0
gratification	34	0
greco	34	0
grinch	34	0
grisha	34	0
grooms	34	0
groundwork	34	0
gruel	34	0
gruff	34	0
gsw	34	0
guangzhou	34	0
hachi	34	0
haddie	34	0
haddock	34	0
haggard	34	0
haggle	34	0
haitian	34	0
halsey	34	0
handlers	34	0
handouts	34	0
hanzo	34	0
hardin	34	0
hashish	34	0
hatfield	34	0
heartbreaker	34	0
hickory	34	0
hideyoshi	34	0
hilly	34	0
hines	34	0
hitchhike	34	0
holbrook	34	0
honduras	34	0
hornets	34	0
horowitz	34	0
hounded	34	0
hsiao	34	0
humongous	34	0
hunches	34	0
hur	34	0
huzzah	34	0
hydrated	34	0
iaw	34	0
ilona	34	0
imp	34	0
impersonation	34	0
imposition	34	0
impregnable	34	0
impunity	34	0
incoherent	34	0
incorrectly	34	0
indicative	34	0
indirect	34	0
indu	34	0
inequality	34	0
ines	34	0
infancy	34	0
influencing	34	0
infused	34	0
ingrate	34	0
innocently	34	0
innovations	34	0
inoperable	34	0
intermittent	34	0
interplanetary	34	0
intolerance	34	0
ionger	34	0
iou	34	0
ishida	34	0
isi	34	0
isolating	34	0
ivanovna	34	0
iz	34	0
jabbering	34	0
jacksonville	34	0
jc	34	0
jett	34	0
jinn	34	0
joao	34	0
joes	34	0
joffrey	34	0
joplin	34	0
jos	34	0
jour	34	0
juilliard	34	0
kaede	34	0
kaji	34	0
kana	34	0
kayak	34	0
kaye	34	0
kc	34	0
kendal	34	0
kepner	34	0
keyed	34	0
khaki	34	0
kinship	34	0
kipper	34	0
kltt	34	0
knelt	34	0
knut	34	0
kol	34	0
kostya	34	0
kubrick	34	0
kudo	34	0
kurtz	34	0
labrador	34	0
lainey	34	0
landis	34	0
larue	34	0
latina	34	0
laughin	34	0
layton	34	0
leavenworth	34	0
legitimately	34	0
leith	34	0
lido	34	0
lifeboats	34	0
lifespan	34	0
lilah	34	0
lino	34	0
lithuanian	34	0
lombardo	34	0
longo	34	0
loveless	34	0
lowlifes	34	0
lucrecia	34	0
lures	34	0
lymphoma	34	0
mackie	34	0
macon	34	0
madan	34	0
magistrates	34	0
magnate	34	0
mah	34	0
maisie	34	0
malaya	34	0
malaysian	34	0
mancini	34	0
maneuvering	34	0
mantel	34	0
marcelo	34	0
marquee	34	0
marr	34	0
marxist	34	0
masaki	34	0
massacres	34	0
mauser	34	0
mayflower	34	0
MBA	34	0
mckinney	34	0
medea	34	0
medevac	34	0
mee	34	0
meeks	34	0
memorandum	34	0
mesmerized	34	0
michelin	34	0
midterms	34	0
mins	34	0
mishima	34	0
missin	34	0
mita	34	0
modem	34	0
monasteries	34	0
mong	34	0
mongo	34	0
monsanto	34	0
mott	34	0
mountaintop	34	0
mourned	34	0
muay	34	0
mullins	34	0
mummified	34	0
muppets	34	0
musketeer	34	0
naka	34	0
nanda	34	0
nanette	34	0
narcisse	34	0
navigating	34	0
negatively	34	0
nelle	34	0
nevins	34	0
nie	34	0
nomadic	34	0
norms	34	0
northbound	34	0
notches	34	0
nui	34	0
oaths	34	0
objectivity	34	0
occupies	34	0
oceanic	34	0
odious	34	0
ogata	34	0
oldies	34	0
oncology	34	0
onedin	34	0
opportunist	34	0
opposes	34	0
oriented	34	0
ornery	34	0
orsini	34	0
orwell	34	0
ottawa	34	0
oughtn	34	0
outset	34	0
outsmarted	34	0
overlord	34	0
overpass	34	0
overseer	34	0
overstepped	34	0
pacify	34	0
paddock	34	0
pancreatic	34	0
panorama	34	0
paralyze	34	0
parkway	34	0
partnered	34	0
paving	34	0
payable	34	0
payton	34	0
pereira	34	0
peroxide	34	0
pessimist	34	0
phantoms	34	0
phosphorus	34	0
pianos	34	0
pineapples	34	0
pinging	34	0
pitchers	34	0
pk	34	0
playlist	34	0
pocketbook	34	0
pollute	34	0
poon	34	0
potus	34	0
preachers	34	0
predicts	34	0
prenatal	34	0
pretenses	34	0
preying	34	0
profane	34	0
prohibit	34	0
prouder	34	0
proust	34	0
provost	34	0
puddles	34	0
puffing	34	0
putter	34	0
pythagoras	34	0
quadruple	34	0
quahog	34	0
qualms	34	0
quarrelling	34	0
quartermaster	34	0
rachid	34	0
radiance	34	0
radium	34	0
randi	34	0
rawlings	34	0
razors	34	0
rebuttal	34	0
recalling	34	0
recruiter	34	0
redford	34	0
reefer	34	0
refinement	34	0
refute	34	0
regimental	34	0
remover	34	0
renko	34	0
renovate	34	0
rentals	34	0
repo	34	0
reptilian	34	0
reputed	34	0
rerun	34	0
rescheduled	34	0
responders	34	0
resuscitate	34	0
resync	34	0
retraction	34	0
retreats	34	0
retriever	34	0
reunions	34	0
revue	34	0
rewritten	34	0
rhinos	34	0
rhydian	34	0
ricki	34	0
ricochet	34	0
ringside	34	0
roan	34	0
robespierre	34	0
ronan	34	0
rotor	34	0
royale	34	0
royally	34	0
rummage	34	0
runes	34	0
sadako	34	0
safes	34	0
sakai	34	0
salma	34	0
salvaged	34	0
sauces	34	0
sawed	34	0
scabs	34	0
scandinavia	34	0
schumann	34	0
scoured	34	0
scranton	34	0
scythe	34	0
seashore	34	0
seaver	34	0
selfies	34	0
semantics	34	0
sensuality	34	0
sharky	34	0
shilla	34	0
shima	34	0
shirtless	34	0
shrug	34	0
shue	34	0
silences	34	0
silverman	34	0
sips	34	0
skanky	34	0
skaters	34	0
skulking	34	0
sleepers	34	0
slink	34	0
sloshing	34	0
slowest	34	0
smithereens	34	0
smiths	34	0
smooch	34	0
smothering	34	0
snipe	34	0
snobs	34	0
snooty	34	0
socializing	34	0
softness	34	0
somali	34	0
sorbonne	34	0
soups	34	0
southbound	34	0
sparking	34	0
spew	34	0
spines	34	0
splint	34	0
splutters	34	0
sprays	34	0
spurt	34	0
squabble	34	0
sta	34	0
stagger	34	0
starscream	34	0
stately	34	0
statesman	34	0
statistic	34	0
steadfast	34	0
steadman	34	0
sterilize	34	0
stifle	34	0
stockade	34	0
straightening	34	0
straitjacket	34	0
strewn	34	0
stunk	34	0
subbu	34	0
substantially	34	0
subtly	34	0
sucky	34	0
suggestive	34	0
sunbathing	34	0
surges	34	0
sweated	34	0
swerve	34	0
swill	34	0
symbiote	34	0
symbolize	34	0
syne	34	0
synth	34	0
syringes	34	0
tabby	34	0
tamura	34	0
tapeworm	34	0
tarantula	34	0
tarnish	34	0
tchaikovsky	34	0
teaspoon	34	0
technicolor	34	0
tendon	34	0
terminally	34	0
tesco	34	0
texan	34	0
thanos	34	0
theorem	34	0
theseus	34	0
thirdly	34	0
thirties	34	0
thoroughbred	34	0
throwin	34	0
timbers	34	0
tolerable	34	0
toma	34	0
tomoko	34	0
tories	34	0
totes	34	0
tou	34	0
trackers	34	0
trampling	34	0
translators	34	0
trapdoor	34	0
tricycle	34	0
trimester	34	0
triton	34	0
tromaville	34	0
tryout	34	0
tsa	34	0
turbines	34	0
turing	34	0
turtleneck	34	0
tutorial	34	0
tutti	34	0
ueda	34	0
uhura	34	0
ulises	34	0
unaffected	34	0
unafraid	34	0
unbutton	34	0
undercooked	34	0
underprivileged	34	0
underwent	34	0
undetectable	34	0
uneventful	34	0
unexplored	34	0
ungh	34	0
ungodly	34	0
unhinged	34	0
unintentionally	34	0
unopened	34	0
unseemly	34	0
untoward	34	0
untrained	34	0
unzip	34	0
uplink	34	0
uppity	34	0
usc	34	0
vacated	34	0
vaccination	34	0
vanderbilt	34	0
vassal	34	0
vectors	34	0
versace	34	0
vexed	34	0
vichy	34	0
viet	34	0
vii	34	0
vizier	34	0
wallis	34	0
wantto	34	0
wasabi	34	0
waver	34	0
wavy	34	0
weakens	34	0
wedgie	34	0
wehrmacht	34	0
westerns	34	0
whaling	34	0
wheelhouse	34	0
whistled	34	0
whizzing	34	0
whopper	34	0
wildebeest	34	0
wily	34	0
wimpy	34	0
witsec	34	0
wolff	34	0
woodpecker	34	0
wordsworth	34	0
wrappers	34	0
wriggle	34	0
wylie	34	0
xie	34	0
yachts	34	0
ymca	34	0
yugo	34	0
zod	34	0
abdel	33	0
abnormalities	33	0
aboriginal	33	0
absurdity	33	0
accelerates	33	0
acquit	33	0
adaptable	33	0
addons	33	0
administering	33	0
adolfo	33	0
advertisers	33	0
advises	33	0
affluent	33	0
aga	33	0
aggravation	33	0
aguilar	33	0
aiko	33	0
airy	33	0
alisha	33	0
allocated	33	0
alphaff	33	0
alvey	33	0
amiga	33	0
amplifier	33	0
amplify	33	0
anka	33	0
annoyance	33	0
antiquated	33	0
antsy	33	0
anyhoo	33	0
ao	33	0
apartheid	33	0
arabella	33	0
arlen	33	0
arr	33	0
arriba	33	0
aspiration	33	0
assertive	33	0
assortment	33	0
astaire	33	0
atwater	33	0
availability	33	0
awkwardness	33	0
ayako	33	0
ayla	33	0
babbles	33	0
babel	33	0
badlands	33	0
bales	33	0
balkan	33	0
banco	33	0
barba	33	0
barnum	33	0
barone	33	0
basking	33	0
bassett	33	0
basta	33	0
bays	33	0
belay	33	0
bellboy	33	0
bereaved	33	0
bilge	33	0
billa	33	0
billed	33	0
blab	33	0
blackbeard	33	0
blackwood	33	0
blameless	33	0
blane	33	0
blare	33	0
blatantly	33	0
blye	33	0
boasted	33	0
boden	33	0
boku	33	0
boldness	33	0
bookings	33	0
booties	33	0
bordering	33	0
bravado	33	0
braying	33	0
brazilians	33	0
breastfeeding	33	0
breezes	33	0
bringin	33	0
brinkley	33	0
broderick	33	0
bryson	33	0
buckles	33	0
Buddhists	33	0
buren	33	0
burkhardt	33	0
caboose	33	0
cady	33	0
calderon	33	0
calista	33	0
cameo	33	0
canes	33	0
canst	33	0
capisce	33	0
capitan	33	0
cappella	33	0
caprica	33	0
captors	33	0
carjacking	33	0
carnation	33	0
carrion	33	0
cassettes	33	0
catalan	33	0
categorically	33	0
cb	33	0
censored	33	0
centimeter	33	0
cervix	33	0
cfo	33	0
chambermaid	33	0
channeling	33	0
chekhov	33	0
cheol	33	0
chevron	33	0
chrissakes	33	0
christmastime	33	0
christoph	33	0
cinder	33	0
circa	33	0
citing	33	0
cleanest	33	0
clegg	33	0
clench	33	0
clinch	33	0
clockwise	33	0
clotting	33	0
clunk	33	0
colbyco	33	0
coleslaw	33	0
collared	33	0
colliding	33	0
colombians	33	0
comparative	33	0
complexes	33	0
complimented	33	0
compressor	33	0
concocted	33	0
condensed	33	0
confidant	33	0
confidently	33	0
congee	33	0
congestion	33	0
conjured	33	0
consolidate	33	0
contemplation	33	0
contemptible	33	0
contentment	33	0
couches	33	0
cougars	33	0
councilwoman	33	0
counterfeiting	33	0
coupling	33	0
creatively	33	0
cred	33	0
creeped	33	0
creighton	33	0
crimea	33	0
cs	33	0
cuddles	33	0
curie	33	0
dali	33	0
danilo	33	0
danville	33	0
daph	33	0
dartmouth	33	0
dawdle	33	0
dawns	33	0
daylights	33	0
debutante	33	0
decepticon	33	0
degas	33	0
degenerates	33	0
deline	33	0
deluge	33	0
denning	33	0
denominator	33	0
depp	33	0
destruct	33	0
deteriorate	33	0
devdas	33	0
dez	33	0
diagnostics	33	0
diagrams	33	0
dialog	33	0
diarrhoea	33	0
didem	33	0
dior	33	0
diplomas	33	0
directorate	33	0
disconcerting	33	0
discouraging	33	0
dispel	33	0
displeasure	33	0
disposing	33	0
disprove	33	0
dissolves	33	0
distributors	33	0
dn	33	0
dogma	33	0
doherty	33	0
dokey	33	0
dominus	33	0
doody	33	0
doraemon	33	0
dribbling	33	0
ducktales	33	0
dulles	33	0
dumas	33	0
dutiful	33	0
dyer	33	0
dykes	33	0
eased	33	0
easing	33	0
ehm	33	0
elinor	33	0
elude	33	0
emancipated	33	0
embezzled	33	0
emergence	33	0
EMI	33	0
emigrate	33	0
emts	33	0
enacted	33	0
entreat	33	0
espn	33	0
ethanol	33	0
eton	33	0
eustace	33	0
euthanasia	33	0
eventual	33	0
evers	33	0
evoke	33	0
excelsior	33	0
exonerate	33	0
expenditure	33	0
exposes	33	0
extenuating	33	0
eyelash	33	0
eyesore	33	0
facto	33	0
faithless	33	0
falafel	33	0
falsetto	33	0
farber	33	0
farhad	33	0
fatma	33	0
favoured	33	0
feckin	33	0
femininity	33	0
fentanyl	33	0
fey	33	0
fixture	33	0
flor	33	0
foaming	33	0
fonda	33	0
fondle	33	0
foolin	33	0
foothills	33	0
foreskin	33	0
foursome	33	0
fozzie	33	0
frenchie	33	0
fubuki	33	0
fuego	33	0
gabbar	33	0
gaetano	33	0
galloway	33	0
garbo	33	0
gare	33	0
garvin	33	0
gato	33	0
gayatri	33	0
gearing	33	0
gentler	33	0
gerhardt	33	0
gillette	33	0
gnocchi	33	0
goblet	33	0
godly	33	0
godsey	33	0
goingto	33	0
grandiose	33	0
grandmaster	33	0
grating	33	0
gravestone	33	0
grifter	33	0
grouch	33	0
groundhog	33	0
guang	33	0
gump	33	0
gung	33	0
gunvald	33	0
gyeong	33	0
gyro	33	0
habeas	33	0
habitual	33	0
hadrian	33	0
haemorrhage	33	0
hagan	33	0
hamsters	33	0
handball	33	0
hara	33	0
hargrove	33	0
harlee	33	0
hav	33	0
heady	33	0
heimlich	33	0
helle	33	0
herding	33	0
hereto	33	0
hilliard	33	0
hitching	33	0
hobie	33	0
hollander	33	0
homeowner	33	0
horoscopes	33	0
hotchner	33	0
hoy	33	0
hsu	33	0
hubba	33	0
hubris	33	0
huo	33	0
hyeong	33	0
hygienic	33	0
idyllic	33	0
illegals	33	0
illustration	33	0
imf	33	0
imperfections	33	0
inanimate	33	0
inbred	33	0
inconsistencies	33	0
incumbent	33	0
indecisive	33	0
inflicting	33	0
instigated	33	0
institutionalized	33	0
intents	33	0
interpreting	33	0
intrusive	33	0
intubation	33	0
invoked	33	0
irrefutable	33	0
irritates	33	0
jakarta	33	0
janos	33	0
jaya	33	0
jeanine	33	0
jeeva	33	0
jeopardizing	33	0
jetty	33	0
jiao	33	0
joyride	33	0
jubei	33	0
jumble	33	0
kandahar	33	0
karachi	33	0
kathie	33	0
katrin	33	0
kau	33	0
kebabs	33	0
kegs	33	0
kenichi	33	0
kerem	33	0
kernel	33	0
keystone	33	0
kfc	33	0
kinsey	33	0
kirsty	33	0
kms	33	0
knighthood	33	0
kree	33	0
kringle	33	0
kristi	33	0
kroll	33	0
kuo	33	0
kurdish	33	0
kurosawa	33	0
labors	33	0
labourers	33	0
ladle	33	0
laguna	33	0
lamppost	33	0
larva	33	0
leakage	33	0
leeway	33	0
lemurs	33	0
leonora	33	0
levers	33	0
liberace	33	0
lilli	33	0
lillie	33	0
limitation	33	0
linebacker	33	0
lissa	33	0
littering	33	0
littlest	33	0
lividity	33	0
lob	33	0
loopy	33	0
lovelier	33	0
lymph	33	0
lynching	33	0
macpherson	33	0
mahler	33	0
majored	33	0
malfunctioned	33	0
malnutrition	33	0
mandrake	33	0
marat	33	0
marcela	33	0
margene	33	0
marginal	33	0
marquesa	33	0
marthe	33	0
martins	33	0
matsuda	33	0
mayhew	33	0
mayumi	33	0
mccullough	33	0
mcgowan	33	0
mcmahon	33	0
mears	33	0
meaty	33	0
medicare	33	0
meir	33	0
memorizing	33	0
merde	33	0
methodology	33	0
mews	33	0
migrant	33	0
migrated	33	0
mijo	33	0
milf	33	0
milked	33	0
mingling	33	0
minibar	33	0
minibus	33	0
minty	33	0
mire	33	0
misfit	33	0
moderately	33	0
mok	33	0
molds	33	0
monarchs	33	0
mook	33	0
moonbase	33	0
morel	33	0
motorboat	33	0
mou	33	0
mowed	33	0
mozzie	33	0
munni	33	0
murderess	33	0
murugan	33	0
muskets	33	0
mustangs	33	0
musty	33	0
mvp	33	0
namesake	33	0
naoki	33	0
narf	33	0
nationalism	33	0
nationalists	33	0
neapolitan	33	0
neighborly	33	0
nene	33	0
nettles	33	0
neutrons	33	0
newspaperman	33	0
nicking	33	0
nightlife	33	0
niner	33	0
noblest	33	0
nong	33	0
normans	33	0
northumberland	33	0
nostril	33	0
numbness	33	0
numero	33	0
nutritional	33	0
nyssa	33	0
obelisk	33	0
obituaries	33	0
octavian	33	0
octavio	33	0
ofit	33	0
ood	33	0
opa	33	0
openness	33	0
orac	33	0
osborn	33	0
outgrown	33	0
outwit	33	0
overheating	33	0
overpowering	33	0
ozu	33	0
pacifier	33	0
paddington	33	0
paining	33	0
pantheon	33	0
pappa	33	0
paragon	33	0
paralegal	33	0
pariah	33	0
parton	33	0
pascoe	33	0
paused	33	0
payin	33	0
peacocks	33	0
pees	33	0
pemberton	33	0
pena	33	0
penner	33	0
peppy	33	0
perceptions	33	0
perils	33	0
persians	33	0
peugeot	33	0
philistines	33	0
phooey	33	0
piloting	33	0
pings	33	0
playfully	33	0
pleasantries	33	0
plowed	33	0
plucky	33	0
plush	33	0
ply	33	0
plywood	33	0
pogo	33	0
pollard	33	0
polymer	33	0
ponzi	33	0
populace	33	0
potholes	33	0
pragmatic	33	0
precincts	33	0
presbyterian	33	0
presidente	33	0
pretence	33	0
pricked	33	0
primer	33	0
prissy	33	0
promo	33	0
provence	33	0
pruitt	33	0
psalm	33	0
pterodactyl	33	0
pucker	33	0
punchy	33	0
puns	33	0
purr	33	0
pursuits	33	0
pushkin	33	0
pyongyang	33	0
quirks	33	0
quotas	33	0
qur	33	0
racists	33	0
radial	33	0
raffaele	33	0
raggedy	33	0
rainey	33	0
rajeev	33	0
rallied	33	0
rambaldi	33	0
ramble	33	0
ratting	33	0
realty	33	0
recalls	33	0
redeemer	33	0
redheads	33	0
rednecks	33	0
reiterate	33	0
reliability	33	0
reminders	33	0
resuscitation	33	0
retaining	33	0
retrieving	33	0
riccardo	33	0
riko	33	0
rojas	33	0
romancing	33	0
romy	33	0
ronon	33	0
roosters	33	0
roshan	33	0
rr	33	0
ruffians	33	0
ruskin	33	0
russel	33	0
ruthlessly	33	0
sabu	33	0
sagar	33	0
sagittarius	33	0
sanctimonious	33	0
sanju	33	0
sardar	33	0
sargent	33	0
sark	33	0
satisfies	33	0
savory	33	0
saws	33	0
schroeder	33	0
scrumptious	33	0
scuse	33	0
seabed	33	0
seance	33	0
sear	33	0
sentimentality	33	0
servicing	33	0
seventies	33	0
shackleton	33	0
shamrock	33	0
sherif	33	0
shiner	33	0
shivani	33	0
shockingly	33	0
shortages	33	0
shredding	33	0
shuttles	33	0
sidetracked	33	0
sidle	33	0
sift	33	0
signifies	33	0
sill	33	0
simona	33	0
simons	33	0
sinuses	33	0
sissies	33	0
skinhead	33	0
slider	33	0
slurp	33	0
smoothies	33	0
smurfs	33	0
sneaker	33	0
sniffer	33	0
snowboarding	33	0
snuffed	33	0
soleil	33	0
solis	33	0
sorenson	33	0
soulmate	33	0
southerners	33	0
spawned	33	0
speedboat	33	0
spiking	33	0
spongebob	33	0
spontaneity	33	0
sr	33	0
stallone	33	0
statutes	33	0
stepbrother	33	0
steppe	33	0
stillman	33	0
stipend	33	0
streisand	33	0
strengthening	33	0
strychnine	33	0
subcommittee	33	0
submitting	33	0
subsidiary	33	0
succulent	33	0
sullen	33	0
surrenders	33	0
surveying	33	0
suspending	33	0
suzu	33	0
swanky	33	0
swivel	33	0
swordfish	33	0
synch	33	0
synchronize	33	0
tactful	33	0
tankers	33	0
tapas	33	0
tattooing	33	0
tay	33	0
technodrome	33	0
teething	33	0
telford	33	0
template	33	0
tempura	33	0
terminology	33	0
tester	33	0
testimonies	33	0
testy	33	0
theatrics	33	0
thinkyou	33	0
thoracic	33	0
thrived	33	0
throes	33	0
thwart	33	0
tibbs	33	0
tingly	33	0
tinkering	33	0
tipper	33	0
tirelessly	33	0
toenail	33	0
toi	33	0
toke	33	0
toothpicks	33	0
tooting	33	0
torchwood	33	0
tosa	33	0
toussaint	33	0
toya	33	0
trafficker	33	0
tran	33	0
transmitters	33	0
travolta	33	0
treble	33	0
triangular	33	0
tropic	33	0
trove	33	0
trudi	33	0
tubing	33	0
tumbled	33	0
turnin	33	0
tuts	33	0
twitchy	33	0
typo	33	0
ueno	33	0
uncouth	33	0
underside	33	0
unfolds	33	0
unnamed	33	0
unnerving	33	0
unsavory	33	0
unscheduled	33	0
unsupervised	33	0
untidy	33	0
upscale	33	0
utw	33	0
valour	33	0
varying	33	0
vaseline	33	0
veda	33	0
veils	33	0
ventricle	33	0
viennese	33	0
vw	33	0
waah	33	0
wading	33	0
waived	33	0
wares	33	0
warleggan	33	0
warpath	33	0
watertight	33	0
wavering	33	0
weasels	33	0
weepy	33	0
welder	33	0
werert	33	0
wheeling	33	0
whiting	33	0
wieners	33	0
wifey	33	0
wiggling	33	0
wildcats	33	0
willem	33	0
winces	33	0
windpipe	33	0
winfield	33	0
winn	33	0
winnipeg	33	0
witherspoon	33	0
wonderin	33	0
woong	33	0
wormholes	33	0
xun	33	0
yagami	33	0
yamashita	33	0
yessir	33	0
yukio	33	0
zim	33	0
zipping	33	0
zips	33	0
zoinks	33	0
zooming	33	0
abbi	32	0
abducting	32	0
ack	32	0
acoustics	32	0
acquisitions	32	0
acronym	32	0
adela	32	0
adjective	32	0
adoration	32	0
advocating	32	0
af	32	0
afis	32	0
aggravating	32	0
agnew	32	0
aground	32	0
airwaves	32	0
ajar	32	0
ala	32	0
alli	32	0
alters	32	0
amicable	32	0
analytical	32	0
angling	32	0
anni	32	0
antwon	32	0
applesauce	32	0
aprons	32	0
argo	32	0
armenians	32	0
armoury	32	0
arrgh	32	0
arseholes	32	0
asami	32	0
ashleigh	32	0
assimilate	32	0
atheists	32	0
atkinson	32	0
autobot	32	0
ayn	32	0
babysitters	32	0
backhand	32	0
backlash	32	0
backups	32	0
baiting	32	0
bak	32	0
balding	32	0
bancroft	32	0
bangin	32	0
barns	32	0
barometer	32	0
barron	32	0
bartenders	32	0
battleground	32	0
battlestar	32	0
baudelaire	32	0
baywatch	32	0
beady	32	0
beatty	32	0
belgians	32	0
bestest	32	0
bethesda	32	0
bhabhi	32	0
bhagat	32	0
bib	32	0
biologists	32	0
birgitte	32	0
blacklisted	32	0
blackstone	32	0
blinky	32	0
bludgeoned	32	0
blurt	32	0
boeing	32	0
bogs	32	0
bookshelf	32	0
bookworm	32	0
boos	32	0
boosting	32	0
bosh	32	0
bracken	32	0
brahmin	32	0
brainwash	32	0
brash	32	0
breadth	32	0
breeland	32	0
browne	32	0
bullfighter	32	0
bumming	32	0
burgled	32	0
bushy	32	0
camcorder	32	0
cantaloupe	32	0
carats	32	0
carcasses	32	0
carnivorous	32	0
carruthers	32	0
cassini	32	0
catty	32	0
causeway	32	0
centerpiece	32	0
certification	32	0
chantelle	32	0
chesapeake	32	0
cheshire	32	0
chevrolet	32	0
chitti	32	0
choral	32	0
chunghae	32	0
cilla	32	0
cl	32	0
cla	32	0
clamped	32	0
clapton	32	0
claustrophobia	32	0
cleric	32	0
clings	32	0
clots	32	0
clucks	32	0
coexist	32	0
cohesive	32	0
coined	32	0
coldness	32	0
compile	32	0
comprised	32	0
conch	32	0
concoction	32	0
concord	32	0
confidentially	32	0
conti	32	0
continual	32	0
convinces	32	0
convoys	32	0
coochie	32	0
cordy	32	0
corsage	32	0
cotillion	32	0
cottages	32	0
councils	32	0
crais	32	0
crixus	32	0
cropped	32	0
crossover	32	0
crouching	32	0
cruises	32	0
dake	32	0
damnedest	32	0
damper	32	0
danforth	32	0
daniele	32	0
dapper	32	0
decadence	32	0
decontamination	32	0
deities	32	0
dependence	32	0
depressive	32	0
derivatives	32	0
derive	32	0
dermatologist	32	0
desktop	32	0
dickson	32	0
dijon	32	0
dillinger	32	0
dilly	32	0
diocese	32	0
directs	32	0
dirtiest	32	0
disabilities	32	0
disapproval	32	0
discerning	32	0
discredited	32	0
discrepancies	32	0
dismantling	32	0
disobedient	32	0
dissected	32	0
dividends	32	0
dl	32	0
doodles	32	0
dosed	32	0
doused	32	0
drawbridge	32	0
drinkers	32	0
durand	32	0
duvall	32	0
dweeb	32	0
ebb	32	0
echelon	32	0
eclair	32	0
eiko	32	0
elective	32	0
ellingham	32	0
elongated	32	0
emanating	32	0
embankment	32	0
emission	32	0
emo	32	0
empirical	32	0
endora	32	0
endowment	32	0
endures	32	0
energon	32	0
entail	32	0
enterprising	32	0
epicenter	32	0
eunuchs	32	0
evergreen	32	0
exemption	32	0
extraordinaire	32	0
fabrice	32	0
faii	32	0
faker	32	0
fatherhood	32	0
fenwick	32	0
ferg	32	0
fermented	32	0
fertilized	32	0
festering	32	0
figurines	32	0
financier	32	0
firestorm	32	0
fishin	32	0
fixin	32	0
flagg	32	0
flaherty	32	0
flatmate	32	0
fleshy	32	0
floorboard	32	0
forester	32	0
forsythe	32	0
foust	32	0
foxxy	32	0
fractions	32	0
frey	32	0
fringes	32	0
fruitless	32	0
fuckhead	32	0
fullness	32	0
fungi	32	0
furies	32	0
futility	32	0
gables	32	0
gae	32	0
gallbladder	32	0
gallivanting	32	0
galvin	32	0
gatekeeper	32	0
gaudy	32	0
gault	32	0
geared	32	0
gentlemanly	32	0
getcha	32	0
gibby	32	0
giddap	32	0
gillis	32	0
glorify	32	0
gobbling	32	0
godard	32	0
goings	32	0
goren	32	0
governmental	32	0
graced	32	0
graeme	32	0
grandest	32	0
grasshoppers	32	0
grendel	32	0
grieved	32	0
grigory	32	0
grounding	32	0
grug	32	0
guadalcanal	32	0
gunderson	32	0
gwi	32	0
halliday	32	0
hamada	32	0
hashimoto	32	0
headquarter	32	0
hectares	32	0
hedgehogs	32	0
hernando	32	0
hertz	32	0
het	32	0
hickok	32	0
hieroglyphics	32	0
hilltop	32	0
hindrance	32	0
hippopotamus	32	0
hms	32	0
hondo	32	0
hovel	32	0
hubbub	32	0
huffing	32	0
hustled	32	0
iearn	32	0
iffy	32	0
iive	32	0
ills	32	0
illumination	32	0
immersion	32	0
impasse	32	0
impersonator	32	0
impervious	32	0
impressing	32	0
incas	32	0
incessant	32	0
inconspicuous	32	0
indefinite	32	0
industrious	32	0
inescapable	32	0
infantile	32	0
infer	32	0
infiltrating	32	0
inflammatory	32	0
infront	32	0
inhospitable	32	0
insemination	32	0
insulated	32	0
intensified	32	0
intermediary	32	0
inventors	32	0
isak	32	0
ishikawa	32	0
jakes	32	0
jami	32	0
jayden	32	0
jeannette	32	0
jemma	32	0
jerseys	32	0
jesuit	32	0
jilly	32	0
jovi	32	0
juli	32	0
justly	32	0
kant	32	0
karine	32	0
kawasaki	32	0
kaylee	32	0
kaze	32	0
keita	32	0
khurana	32	0
kickoff	32	0
kidder	32	0
kilometre	32	0
kink	32	0
kneecap	32	0
knuckleheads	32	0
kodai	32	0
krakow	32	0
krissi	32	0
kronor	32	0
kt	32	0
landau	32	0
laney	32	0
larsson	32	0
lasagne	32	0
lawnmower	32	0
lazlo	32	0
leaped	32	0
lectured	32	0
leftist	32	0
leighton	32	0
lesion	32	0
leticia	32	0
licensing	32	0
lida	32	0
lifestyles	32	0
lightbulb	32	0
listenin	32	0
livery	32	0
lobbyist	32	0
loman	32	0
lorries	32	0
lucca	32	0
luciana	32	0
lundy	32	0
lyme	32	0
lynched	32	0
lynx	32	0
lyrical	32	0
macao	32	0
macedonia	32	0
machiavelli	32	0
madea	32	0
madhuri	32	0
magenta	32	0
magi	32	0
magnanimous	32	0
magnificence	32	0
magnify	32	0
magoo	32	0
mahdi	32	0
mahmut	32	0
mailer	32	0
maison	32	0
malay	32	0
mammoths	32	0
manet	32	0
manifested	32	0
manju	32	0
manoeuvres	32	0
margarine	32	0
marlboro	32	0
marooned	32	0
martel	32	0
masking	32	0
masochist	32	0
masquerading	32	0
matchbox	32	0
matrimonial	32	0
matte	32	0
mauricio	32	0
mcdeere	32	0
medellin	32	0
mendel	32	0
mens	32	0
menstrual	32	0
meridian	32	0
meta	32	0
michi	32	0
mics	32	0
midlands	32	0
millionth	32	0
mirrored	32	0
mitigating	32	0
mitya	32	0
ml	32	0
mobilization	32	0
mocks	32	0
modesto	32	0
mohini	32	0
mojave	32	0
mojito	32	0
momento	32	0
momoko	32	0
moomin	32	0
moos	32	0
morpheus	32	0
morrissey	32	0
mortician	32	0
mothefrucker	32	0
motherless	32	0
mothra	32	0
mouch	32	0
mourners	32	0
mournful	32	0
mousetrap	32	0
mulcahy	32	0
muldoon	32	0
murtaugh	32	0
muthu	32	0
mutter	32	0
mutts	32	0
myeong	32	0
myspace	32	0
naga	32	0
narrate	32	0
narrowing	32	0
natsu	32	0
natsumi	32	0
nauseating	32	0
nesbitt	32	0
neutrality	32	0
nev	32	0
newfoundland	32	0
niang	32	0
nibbling	32	0
nietzschean	32	0
niklaus	32	0
nis	32	0
nobodies	32	0
nonviolent	32	0
noreen	32	0
norwood	32	0
nother	32	0
noting	32	0
notoriety	32	0
nss	32	0
nudes	32	0
numerical	32	0
nunnery	32	0
nursemaid	32	0
nzt	32	0
oahu	32	0
obelix	32	0
oboe	32	0
obscenity	32	0
occupant	32	0
oddball	32	0
odile	32	0
offed	32	0
ogami	32	0
ogling	32	0
oiled	32	0
omi	32	0
omo	32	0
onlookers	32	0
oregano	32	0
orthopedic	32	0
outed	32	0
overtaken	32	0
ovulating	32	0
packaged	32	0
pah	32	0
paine	32	0
pajamas	32	0
palle	32	0
palma	32	0
palpable	32	0
paltry	32	0
panics	32	0
pantomime	32	0
parameter	32	0
parr	32	0
pattering	32	0
pecs	32	0
peeked	32	0
peering	32	0
pei	32	0
pelant	32	0
penchant	32	0
pennant	32	0
pennington	32	0
perfecting	32	0
perforated	32	0
periodically	32	0
pernell	32	0
perplexed	32	0
perseus	32	0
pheebs	32	0
pillage	32	0
pio	32	0
pips	32	0
pisces	32	0
pistons	32	0
pittman	32	0
pl	32	0
plantagenet	32	0
pled	32	0
plummet	32	0
poplar	32	0
poppers	32	0
porta	32	0
poser	32	0
prado	32	0
pres	32	0
prioritise	32	0
probate	32	0
proletarian	32	0
prolific	32	0
promotes	32	0
proprietary	32	0
protege	32	0
prototypes	32	0
pulley	32	0
purdy	32	0
pygmy	32	0
quay	32	0
queuing	32	0
quiero	32	0
quimby	32	0
quinlan	32	0
quoi	32	0
racine	32	0
radford	32	0
radishes	32	0
ramone	32	0
randal	32	0
rasta	32	0
raucous	32	0
rawlins	32	0
rc	32	0
reappeared	32	0
reclaimed	32	0
recoil	32	0
recreated	32	0
recuperate	32	0
redheaded	32	0
reenactment	32	0
refueling	32	0
regaining	32	0
reiner	32	0
reminiscent	32	0
reminiscing	32	0
remiss	32	0
remix	32	0
renegotiate	32	0
repose	32	0
reprehensible	32	0
reprimanded	32	0
reprisals	32	0
reruns	32	0
rescues	32	0
respectability	32	0
restful	32	0
restlessness	32	0
retires	32	0
revolutionize	32	0
rhade	32	0
rickie	32	0
rife	32	0
roadie	32	0
roadkill	32	0
roams	32	0
roark	32	0
romney	32	0
rooming	32	0
router	32	0
rowland	32	0
rudd	32	0
rydell	32	0
ryoko	32	0
saintly	32	0
sais	32	0
sandstone	32	0
sant	32	0
saori	32	0
saratoga	32	0
scaled	32	0
scammed	32	0
scamming	32	0
scarab	32	0
scents	32	0
schnitzel	32	0
schoolgirls	32	0
schoolhouse	32	0
schuyler	32	0
scotsman	32	0
scrapped	32	0
screamer	32	0
scribble	32	0
sebastien	32	0
selby	32	0
sellin	32	0
separatist	32	0
sequins	32	0
sethu	32	0
shaka	32	0
shanty	32	0
shari	32	0
sher	32	0
shetty	32	0
shil	32	0
shire	32	0
shizuko	32	0
shoals	32	0
shopped	32	0
shunt	32	0
sibley	32	0
siddhu	32	0
sidebar	32	0
sidewalks	32	0
sigrid	32	0
Sikh	32	0
silks	32	0
silvana	32	0
siphon	32	0
sizeable	32	0
skeet	32	0
skeletal	32	0
skepticism	32	0
sleaze	32	0
slovak	32	0
smoldering	32	0
snide	32	0
snitched	32	0
soared	32	0
somersault	32	0
sommers	32	0
soraya	32	0
spaulding	32	0
specializing	32	0
spectacularly	32	0
spic	32	0
spiro	32	0
squabbling	32	0
steers	32	0
stilts	32	0
stimulant	32	0
stimulates	32	0
storehouse	32	0
storybook	32	0
strictest	32	0
strikers	32	0
stroked	32	0
stumbles	32	0
stupider	32	0
stupor	32	0
stuttgart	32	0
subliminal	32	0
subsidies	32	0
subways	32	0
sul	32	0
suman	32	0
sumptuous	32	0
sunder	32	0
sunflowers	32	0
sunup	32	0
swerved	32	0
swordsmanship	32	0
sycamore	32	0
synergy	32	0
taki	32	0
tallahassee	32	0
talons	32	0
tamer	32	0
tamra	32	0
taub	32	0
taxation	32	0
taxing	32	0
teacup	32	0
tectonic	32	0
telecom	32	0
tenement	32	0
tentative	32	0
tetsuo	32	0
thirteenth	32	0
tierney	32	0
tiller	32	0
tippi	32	0
tish	32	0
tivo	32	0
togetherness	32	0
tomi	32	0
toothbrushes	32	0
tortoises	32	0
tosca	32	0
tosses	32	0
touche	32	0
toxicity	32	0
toyou	32	0
traitorous	32	0
transcribed	32	0
traverse	32	0
treatable	32	0
trembled	32	0
trifles	32	0
trifling	32	0
trig	32	0
trilogy	32	0
triumphed	32	0
truer	32	0
tucking	32	0
tylenol	32	0
ua	32	0
unbridled	32	0
underfoot	32	0
underlined	32	0
undisputed	32	0
unending	32	0
unlicensed	32	0
unreachable	32	0
unsatisfied	32	0
untill	32	0
unveiled	32	0
unwritten	32	0
upgrades	32	0
upton	32	0
varma	32	0
veera	32	0
ven	32	0
vertically	32	0
viciously	32	0
virginie	32	0
volley	32	0
voluptuous	32	0
voracious	32	0
vouched	32	0
vulgarity	32	0
walmart	32	0
waring	32	0
watermelons	32	0
weighted	32	0
weiner	32	0
wellness	32	0
wetter	32	0
whirling	32	0
whither	32	0
workhouse	32	0
workup	32	0
worshiped	32	0
wrinkly	32	0
writhing	32	0
wry	32	0
yadda	32	0
yearned	32	0
yeogu	32	0
yeow	32	0
yukawa	32	0
yuma	32	0
zbz	32	0
ziegfeld	32	0
zipped	32	0
zords	32	0
zuko	32	0
abilene	31	0
abnormality	31	0
absolved	31	0
abuser	31	0
accumulation	31	0
acorns	31	0
administrators	31	0
adnan	31	0
adolph	31	0
adriano	31	0
advantageous	31	0
agata	31	0
aggressor	31	0
agrippina	31	0
aguirre	31	0
aisles	31	0
akio	31	0
aldrin	31	0
alerting	31	0
alienate	31	0
alissa	31	0
allotment	31	0
allyson	31	0
amassed	31	0
ame	31	0
amira	31	0
amita	31	0
amps	31	0
ania	31	0
annapolis	31	0
annually	31	0
anorexic	31	0
antennae	31	0
appointing	31	0
apprised	31	0
archeology	31	0
argentinean	31	0
ariane	31	0
arraigned	31	0
assailants	31	0
assange	31	0
assimilated	31	0
ativan	31	0
auctions	31	0
augur	31	0
avoidance	31	0
avril	31	0
azusa	31	0
backstreet	31	0
backwoods	31	0
bade	31	0
baguette	31	0
bakes	31	0
barges	31	0
baring	31	0
barked	31	0
barmy	31	0
barrio	31	0
bartleby	31	0
basements	31	0
basra	31	0
battlefields	31	0
bbq	31	0
beaufort	31	0
beauregard	31	0
bedlam	31	0
bedridden	31	0
beeswax	31	0
beggin	31	0
beheading	31	0
behest	31	0
belligerent	31	0
bem	31	0
bicker	31	0
biddy	31	0
bilateral	31	0
biochemical	31	0
biotech	31	0
bitsy	31	0
blum	31	0
bly	31	0
boasts	31	0
bode	31	0
boleyn	31	0
boog	31	0
boozer	31	0
borscht	31	0
bosoms	31	0
bough	31	0
boyhood	31	0
boyish	31	0
braden	31	0
bream	31	0
brendon	31	0
breton	31	0
brimming	31	0
brine	31	0
brixton	31	0
brownstone	31	0
broyles	31	0
budd	31	0
buffaloes	31	0
buongiorno	31	0
busybody	31	0
buyin	31	0
bylaws	31	0
cadavers	31	0
cadfael	31	0
callback	31	0
calorie	31	0
canaries	31	0
cancels	31	0
cancun	31	0
cannoli	31	0
cantina	31	0
capers	31	0
captivating	31	0
caputo	31	0
carabinieri	31	0
cardassia	31	0
carmelo	31	0
carpeting	31	0
catatonic	31	0
catered	31	0
celina	31	0
celts	31	0
ceres	31	0
certify	31	0
changeling	31	0
characterize	31	0
chatterbox	31	0
cheech	31	0
chia	31	0
chippy	31	0
christendom	31	0
chronos	31	0
chutes	31	0
cinemas	31	0
cirrhosis	31	0
clavin	31	0
clawing	31	0
cleft	31	0
clio	31	0
cobain	31	0
cogs	31	0
cohn	31	0
colic	31	0
collaborated	31	0
collie	31	0
colosseum	31	0
commissioners	31	0
commuter	31	0
compatibility	31	0
concentrations	31	0
conditional	31	0
conquerors	31	0
consisting	31	0
consoling	31	0
contraception	31	0
converter	31	0
coolers	31	0
copacabana	31	0
corinthians	31	0
corman	31	0
cosgrove	31	0
costanza	31	0
counterparts	31	0
coursing	31	0
crassus	31	0
craved	31	0
crayfish	31	0
crepes	31	0
crewmen	31	0
croaks	31	0
crone	31	0
crosshairs	31	0
crucible	31	0
cymbals	31	0
dank	31	0
dastardly	31	0
deane	31	0
decoding	31	0
decomposed	31	0
decomposing	31	0
decrepit	31	0
dedicating	31	0
deducted	31	0
denham	31	0
deniz	31	0
dents	31	0
departmental	31	0
depiction	31	0
depriving	31	0
designation	31	0
detrimental	31	0
deuces	31	0
diggin	31	0
diggle	31	0
diluted	31	0
dimaggio	31	0
dispatches	31	0
diy	31	0
djinn	31	0
dolt	31	0
dominick	31	0
doobie	31	0
dorn	31	0
dorota	31	0
dregg	31	0
dreyfuss	31	0
drywall	31	0
dueling	31	0
duels	31	0
dustbin	31	0
dutton	31	0
dwindling	31	0
ea	31	0
earle	31	0
eben	31	0
edu	31	0
effeminate	31	0
effortless	31	0
ejaculation	31	0
ela	31	0
electrocution	31	0
elkins	31	0
emanuel	31	0
empowering	31	0
enact	31	0
endangerment	31	0
enthusiasts	31	0
entropy	31	0
eroded	31	0
erupts	31	0
escalade	31	0
estella	31	0
ethically	31	0
eugenio	31	0
evens	31	0
eventful	31	0
evermore	31	0
excavations	31	0
excommunicated	31	0
extravagance	31	0
extravaganza	31	0
familial	31	0
farewells	31	0
feminists	31	0
fervent	31	0
fiendish	31	0
fingering	31	0
fissure	31	0
flan	31	0
flatulence	31	0
flaunting	31	0
flicking	31	0
flippin	31	0
floater	31	0
flounder	31	0
fontana	31	0
foolhardy	31	0
foreseeable	31	0
forfeited	31	0
formulate	31	0
forster	31	0
forties	31	0
fragmented	31	0
franca	31	0
freer	31	0
fretting	31	0
frowned	31	0
frowning	31	0
fuselage	31	0
gad	31	0
gagarin	31	0
gallantry	31	0
gamekeeper	31	0
ganesha	31	0
gangnam	31	0
gardiner	31	0
gargoyles	31	0
garnett	31	0
garters	31	0
gauls	31	0
gelatin	31	0
gena	31	0
gerber	31	0
geriatric	31	0
girlish	31	0
glossy	31	0
gluttony	31	0
gnaw	31	0
gollum	31	0
goode	31	0
goofed	31	0
goss	31	0
graceland	31	0
grandmama	31	0
grandsons	31	0
grasslands	31	0
greenwood	31	0
grossman	31	0
gsr	31	0
guggenheim	31	0
guidebook	31	0
gunners	31	0
guppy	31	0
gwendolyn	31	0
gwyneth	31	0
hallucinate	31	0
hardman	31	0
harkness	31	0
harping	31	0
harpy	31	0
harrowing	31	0
havers	31	0
hazelnut	31	0
hennessey	31	0
herschel	31	0
hershey	31	0
herto	31	0
heston	31	0
hilde	31	0
hochstetter	31	0
hogwarts	31	0
holiest	31	0
homeowners	31	0
honorably	31	0
hoofbeats	31	0
horned	31	0
horus	31	0
hotties	31	0
hows	31	0
humps	31	0
hundredth	31	0
hy	31	0
hydrate	31	0
hyperdrive	31	0
hypertension	31	0
hypnotist	31	0
hysterics	31	0
igloo	31	0
ilse	31	0
imperialist	31	0
implementation	31	0
implosion	31	0
impossibly	31	0
impresses	31	0
imprinted	31	0
inappropriately	31	0
incentives	31	0
incur	31	0
indictments	31	0
inert	31	0
inertia	31	0
infertile	31	0
informally	31	0
ingest	31	0
ingmar	31	0
inhibitor	31	0
inhumans	31	0
initiatives	31	0
inscriptions	31	0
institutional	31	0
instructing	31	0
intermediate	31	0
isla	31	0
ivanov	31	0
jabba	31	0
jacinto	31	0
jarrett	31	0
jeffers	31	0
jeffersonian	31	0
jemaine	31	0
jeopardized	31	0
jerzy	31	0
jesper	31	0
jeweller	31	0
jogger	31	0
jogi	31	0
justifiable	31	0
kaitlyn	31	0
kanzaki	31	0
karlsson	31	0
kasim	31	0
kaspar	31	0
katharina	31	0
kazama	31	0
keene	31	0
kenna	31	0
keynote	31	0
kindling	31	0
kita	31	0
klondike	31	0
kneecaps	31	0
knifed	31	0
knockouts	31	0
knotted	31	0
knowthat	31	0
kouga	31	0
kraken	31	0
kronos	31	0
kumbaya	31	0
kwun	31	0
lada	31	0
ladylike	31	0
lagina	31	0
lago	31	0
lat	31	0
laurels	31	0
leaflet	31	0
leery	31	0
legwork	31	0
leprechauns	31	0
ley	31	0
libra	31	0
libyan	31	0
lieut	31	0
lilian	31	0
limber	31	0
linds	31	0
listings	31	0
literacy	31	0
lmperial	31	0
loathed	31	0
localized	31	0
loneliest	31	0
lookee	31	0
looms	31	0
lope	31	0
loveable	31	0
lovell	31	0
lts	31	0
lulla	31	0
lunge	31	0
lydecker	31	0
lyra	31	0
machu	31	0
macklin	31	0
macmillan	31	0
mailroom	31	0
majid	31	0
malin	31	0
malware	31	0
manipulator	31	0
mannequins	31	0
manservant	31	0
marconi	31	0
mariel	31	0
marky	31	0
marriott	31	0
marten	31	0
matchmaking	31	0
mavericks	31	0
mcclane	31	0
mccluskey	31	0
mcfarland	31	0
mclane	31	0
mcveigh	31	0
meathead	31	0
mediate	31	0
medley	31	0
meme	31	0
menial	31	0
messaging	31	0
methamphetamine	31	0
metz	31	0
metzger	31	0
mica	31	0
michio	31	0
microwaves	31	0
middleweight	31	0
midland	31	0
mili	31	0
mima	31	0
mincemeat	31	0
minori	31	0
minsk	31	0
mirai	31	0
misdeeds	31	0
mites	31	0
mmmmm	31	0
mobsters	31	0
monti	31	0
montrose	31	0
motherly	31	0
motorbikes	31	0
multiplication	31	0
munson	31	0
murderface	31	0
nantucket	31	0
narcissism	31	0
narco	31	0
narn	31	0
narrowly	31	0
naru	31	0
natalya	31	0
naz	31	0
neely	31	0
neurosis	31	0
newlywed	31	0
nibbles	31	0
Nifty	31	0
nips	31	0
nk	31	0
noboru	31	0
nomine	31	0
notwithstanding	31	0
nought	31	0
noun	31	0
nuys	31	0
nyang	31	0
nymphomaniac	31	0
obligatory	31	0
obsessions	31	0
octavius	31	0
offhand	31	0
omission	31	0
omnipotent	31	0
oncoming	31	0
oni	31	0
oomph	31	0
optimum	31	0
orangutan	31	0
orcs	31	0
orestes	31	0
organizers	31	0
originate	31	0
oshin	31	0
ota	31	0
ourself	31	0
outlived	31	0
overdressed	31	0
overestimate	31	0
overthrown	31	0
overview	31	0
overzealous	31	0
pablito	31	0
pageants	31	0
paki	31	0
palo	31	0
palpitations	31	0
pandemic	31	0
pandemonium	31	0
parakeet	31	0
paralyzed	31	0
paraphernalia	31	0
paratroopers	31	0
parkman	31	0
parley	31	0
pastoral	31	0
patter	31	0
patties	31	0
peacemaker	31	0
pediatrics	31	0
peels	31	0
pendrick	31	0
pensioners	31	0
pentagram	31	0
peony	31	0
percell	31	0
percentages	31	0
persists	31	0
petter	31	0
petticoat	31	0
petunia	31	0
petya	31	0
pff	31	0
philistine	31	0
phlox	31	0
photons	31	0
pickett	31	0
placid	31	0
plaintiffs	31	0
pledging	31	0
polarity	31	0
polluting	31	0
ponch	31	0
ponderosa	31	0
pontius	31	0
popper	31	0
potency	31	0
potomac	31	0
precautionary	31	0
pregnancies	31	0
pressurized	31	0
procured	31	0
prodigious	31	0
profanity	31	0
proficient	31	0
progeny	31	0
prohibits	31	0
propel	31	0
prophetic	31	0
prosthetics	31	0
proverbs	31	0
pruning	31	0
ptolemy	31	0
pum	31	0
puppeteer	31	0
puritan	31	0
pyotr	31	0
qiao	31	0
quaker	31	0
quartered	31	0
quell	31	0
quinine	31	0
racquetball	31	0
racy	31	0
ragtime	31	0
raus	31	0
raza	31	0
rea	31	0
reciprocate	31	0
recreating	31	0
redeeming	31	0
redskins	31	0
reelection	31	0
reeve	31	0
refills	31	0
refine	31	0
refrigeration	31	0
remarked	31	0
requiem	31	0
reshma	31	0
resounding	31	0
responsibly	31	0
rien	31	0
ritalin	31	0
riverdale	31	0
romulus	31	0
rosanna	31	0
rosco	31	0
rosenthal	31	0
rothstein	31	0
rouen	31	0
routing	31	0
rowboat	31	0
rudnick	31	0
rushmore	31	0
rusk	31	0
saba	31	0
salam	31	0
salutes	31	0
samira	31	0
sanne	31	0
saturation	31	0
savi	31	0
saxons	31	0
sayuri	31	0
scattering	31	0
schematic	31	0
schooner	31	0
sclerosis	31	0
scouted	31	0
sd	31	0
seabiscuit	31	0
secnav	31	0
seething	31	0
seminal	31	0
sensibly	31	0
separatists	31	0
seryozha	31	0
shamans	31	0
shatner	31	0
shaz	31	0
shekels	31	0
shetland	31	0
shimada	31	0
shinobu	31	0
shizuka	31	0
shoebox	31	0
shortstop	31	0
showman	31	0
sifting	31	0
sigurd	31	0
sikander	31	0
sincerest	31	0
sinker	31	0
sinkhole	31	0
sirree	31	0
skimmed	31	0
skinheads	31	0
skint	31	0
skirmish	31	0
skittish	31	0
skittles	31	0
skynet	31	0
slouch	31	0
slugged	31	0
smartphone	31	0
smokescreen	31	0
smooching	31	0
smudged	31	0
snapshots	31	0
snatcher	31	0
snazzy	31	0
snitches	31	0
snowmobile	31	0
softie	31	0
soma	31	0
sonnet	31	0
sonofabitch	31	0
sosa	31	0
soya	31	0
spacing	31	0
spandex	31	0
spans	31	0
specialties	31	0
sphincter	31	0
squalor	31	0
squarely	31	0
squealed	31	0
stapleton	31	0
steeped	31	0
sten	31	0
sterilized	31	0
stockpile	31	0
stoney	31	0
streep	31	0
sturgeon	31	0
sty	31	0
styrofoam	31	0
substation	31	0
substituted	31	0
substitution	31	0
sugary	31	0
sulfuric	31	0
sustaining	31	0
swingers	31	0
sylar	31	0
tacks	31	0
tadashi	31	0
tama	31	0
tanzania	31	0
Tata	31	0
tawdry	31	0
teaming	31	0
tearful	31	0
teensy	31	0
telltale	31	0
tendons	31	0
terminus	31	0
tet	31	0
tethered	31	0
textures	31	0
thankless	31	0
therapies	31	0
thorny	31	0
thrifty	31	0
thunders	31	0
timbuktu	31	0
tiramisu	31	0
toasts	31	0
topaz	31	0
topeka	31	0
tornadoes	31	0
toulon	31	0
tra	31	0
trafalgar	31	0
transcends	31	0
transgression	31	0
transgressions	31	0
transistor	31	0
traumas	31	0
trawler	31	0
tri	31	0
trippy	31	0
troi	31	0
trollop	31	0
truest	31	0
tugging	31	0
turnbull	31	0
turnpike	31	0
tutors	31	0
twiki	31	0
twinkie	31	0
twirling	31	0
unchecked	31	0
uncontrolled	31	0
uncooperative	31	0
underhanded	31	0
undocumented	31	0
universally	31	0
unprovoked	31	0
unquote	31	0
unrecognizable	31	0
untamed	31	0
upheld	31	0
uppercut	31	0
vacancies	31	0
vacuuming	31	0
vandalized	31	0
variance	31	0
vash	31	0
verdun	31	0
vertebra	31	0
vicarage	31	0
videotaped	31	0
virility	31	0
vivaldi	31	0
voyeur	31	0
vve	31	0
wameru	31	0
weathered	31	0
weavers	31	0
wembley	31	0
westward	31	0
whooo	31	0
whosoever	31	0
wilds	31	0
wiles	31	0
wim	31	0
windowsill	31	0
winkle	31	0
winks	31	0
wiper	31	0
wir	31	0
wladek	31	0
wonky	31	0
workmanship	31	0
wouldst	31	0
wray	31	0
xiv	31	0
yielding	31	0
yoichi	31	0
yucky	31	0
yumiko	31	0
yuppie	31	0
ziegler	31	0
zwei	31	0
aback	30	0
abhimanyu	30	0
abnormally	30	0
accomplishing	30	0
acidity	30	0
acosta	30	0
acrobats	30	0
adrenalin	30	0
advisement	30	0
affiliation	30	0
aforementioned	30	0
agamemnon	30	0
agendas	30	0
agos	30	0
agua	30	0
airwolf	30	0
ajit	30	0
akashi	30	0
aldrich	30	0
alejandra	30	0
alek	30	0
algernon	30	0
alisa	30	0
alphas	30	0
alteration	30	0
alva	30	0
alvarado	30	0
ambiguity	30	0
amelie	30	0
amiable	30	0
amma	30	0
amo	30	0
amrita	30	0
annals	30	0
ano	30	0
anon	30	0
antennas	30	0
anthill	30	0
apologizing	30	0
apothecary	30	0
archipelago	30	0
aruba	30	0
asahi	30	0
asif	30	0
associating	30	0
astern	30	0
astoria	30	0
astounded	30	0
athenian	30	0
atrium	30	0
att	30	0
attaching	30	0
auburn	30	0
audited	30	0
auditory	30	0
austerity	30	0
averages	30	0
azad	30	0
backroom	30	0
backstory	30	0
badshah	30	0
baggins	30	0
baller	30	0
baptised	30	0
baritone	30	0
barksdale	30	0
barnacles	30	0
barnard	30	0
barrie	30	0
baseman	30	0
batten	30	0
bedouin	30	0
bedpan	30	0
beelzebub	30	0
befitting	30	0
begrudge	30	0
belson	30	0
bereavement	30	0
bereft	30	0
bernhard	30	0
betterment	30	0
bidet	30	0
bigotry	30	0
bigtime	30	0
bijou	30	0
biter	30	0
blabber	30	0
blasters	30	0
blemish	30	0
blends	30	0
bloodied	30	0
bluegrass	30	0
bogdan	30	0
bohr	30	0
bonk	30	0
bonne	30	0
botanist	30	0
bothersome	30	0
bouncers	30	0
bowden	30	0
bowery	30	0
brackets	30	0
brainstorming	30	0
breakfasts	30	0
breeders	30	0
bridle	30	0
broadcaster	30	0
brokerage	30	0
bronchitis	30	0
brooms	30	0
browser	30	0
bruiser	30	0
brunswick	30	0
bulldogs	30	0
bumpers	30	0
bundled	30	0
buon	30	0
burials	30	0
burrell	30	0
butterfield	30	0
bwana	30	0
calibrated	30	0
calluses	30	0
calypso	30	0
cambodian	30	0
campo	30	0
caravans	30	0
cardiovascular	30	0
caricature	30	0
caving	30	0
centaur	30	0
ceos	30	0
ceramics	30	0
chand	30	0
chappie	30	0
checker	30	0
chee	30	0
cheong	30	0
chie	30	0
chiffon	30	0
chins	30	0
chitty	30	0
cig	30	0
civility	30	0
clamouring	30	0
claret	30	0
cleve	30	0
coasts	30	0
cobras	30	0
cochrane	30	0
cocker	30	0
colonoscopy	30	0
combatants	30	0
commenced	30	0
commodus	30	0
comparatively	30	0
complicates	30	0
comstock	30	0
conceit	30	0
conceptual	30	0
concise	30	0
condemns	30	0
condolence	30	0
conducts	30	0
conjuring	30	0
contrived	30	0
controllers	30	0
convergence	30	0
cookery	30	0
coolness	30	0
cooties	30	0
cornea	30	0
corso	30	0
costner	30	0
countryman	30	0
courtiers	30	0
cp	30	0
crabb	30	0
cramming	30	0
crapping	30	0
croaked	30	0
cruella	30	0
crystalline	30	0
culpa	30	0
cultivation	30	0
culver	30	0
curzon	30	0
custodial	30	0
cyborgs	30	0
dagmar	30	0
dais	30	0
dearer	30	0
deciphered	30	0
deco	30	0
decreases	30	0
deduced	30	0
deductions	30	0
delve	30	0
deniability	30	0
dependency	30	0
desecrated	30	0
designate	30	0
detects	30	0
deutsch	30	0
devine	30	0
devours	30	0
dialled	30	0
diddy	30	0
dietary	30	0
differs	30	0
diggers	30	0
diminishing	30	0
dingy	30	0
directional	30	0
dissecting	30	0
dissolution	30	0
distillery	30	0
distort	30	0
djs	30	0
dk	30	0
dodgeball	30	0
dogged	30	0
doj	30	0
dolled	30	0
doorways	30	0
doppler	30	0
downpour	30	0
dozing	30	0
drawback	30	0
dreamland	30	0
dreamz	30	0
dregs	30	0
drugging	30	0
drumstick	30	0
dumpsters	30	0
duplicates	30	0
duquesne	30	0
ebenezer	30	0
eczema	30	0
ejaculate	30	0
electro	30	0
elia	30	0
elitist	30	0
elliptical	30	0
elvin	30	0
elyse	30	0
ema	30	0
embassies	30	0
embodied	30	0
embody	30	0
emitted	30	0
emmalin	30	0
enamel	30	0
encampment	30	0
encased	30	0
endorphins	30	0
energize	30	0
enos	30	0
entwined	30	0
environmentally	30	0
epitaph	30	0
erupting	30	0
estonian	30	0
excavate	30	0
excesses	30	0
exertion	30	0
fabien	30	0
failings	30	0
faire	30	0
fairground	30	0
falklands	30	0
falsehood	30	0
fatah	30	0
fatherless	30	0
favorites	30	0
featherstone	30	0
feelers	30	0
fete	30	0
ff	30	0
fianc	30	0
fidgeting	30	0
fifteenth	30	0
figurine	30	0
filler	30	0
filtering	30	0
fistful	30	0
fjord	30	0
flailing	30	0
flamingos	30	0
flirtation	30	0
flirts	30	0
fob	30	0
fordham	30	0
foss	30	0
foxhole	30	0
frenzied	30	0
freshener	30	0
frig	30	0
frigate	30	0
fromm	30	0
frugal	30	0
fugue	30	0
fundamentalist	30	0
funnily	30	0
furiously	30	0
galahad	30	0
galveston	30	0
garber	30	0
garlands	30	0
garrow	30	0
gaunt	30	0
gawain	30	0
gelato	30	0
gentile	30	0
germanic	30	0
gir	30	0
glade	30	0
glib	30	0
glimpses	30	0
globally	30	0
gogo	30	0
googling	30	0
gosling	30	0
govt	30	0
gower	30	0
graded	30	0
grainger	30	0
greenery	30	0
griggs	30	0
groucho	30	0
guarantor	30	0
guardianship	30	0
guddu	30	0
gudrun	30	0
guk	30	0
gunfighter	30	0
gusting	30	0
haa	30	0
habitats	30	0
hacksaw	30	0
haig	30	0
hairspray	30	0
hakan	30	0
hamza	30	0
handbrake	30	0
handsomest	30	0
hardwick	30	0
harmonic	30	0
harrigan	30	0
hassles	30	0
havisham	30	0
hayato	30	0
hazzard	30	0
hedda	30	0
hein	30	0
helmand	30	0
helplessly	30	0
hesse	30	0
hickman	30	0
hitters	30	0
hoboken	30	0
hoisted	30	0
holman	30	0
honed	30	0
hooten	30	0
hooter	30	0
hora	30	0
horseshoes	30	0
hovv	30	0
humbling	30	0
hume	30	0
hurst	30	0
hurtin	30	0
husk	30	0
hustlers	30	0
hyatt	30	0
hypodermic	30	0
iab	30	0
ick	30	0
incheon	30	0
inclusive	30	0
inconvenienced	30	0
infact	30	0
injuns	30	0
instill	30	0
int	30	0
intercede	30	0
interlude	30	0
inuit	30	0
investigates	30	0
invigorating	30	0
ironclad	30	0
ivana	30	0
ivf	30	0
jaan	30	0
jaden	30	0
jailbird	30	0
jakub	30	0
janne	30	0
jaunty	30	0
javed	30	0
jeeps	30	0
joong	30	0
jordy	30	0
joust	30	0
juggler	30	0
jumbled	30	0
kabuki	30	0
katara	30	0
kavanaugh	30	0
kees	30	0
kenan	30	0
kenyon	30	0
kibworth	30	0
kinsman	30	0
kitties	30	0
kn	30	0
knapsack	30	0
knockers	30	0
kohler	30	0
kojima	30	0
kokoro	30	0
kramden	30	0
kuala	30	0
kuk	30	0
kumiko	30	0
kungfu	30	0
labourer	30	0
laine	30	0
lapel	30	0
lasky	30	0
lather	30	0
latif	30	0
laundered	30	0
layered	30	0
leafy	30	0
leasing	30	0
lecherous	30	0
ledgers	30	0
leek	30	0
lexa	30	0
librarians	30	0
lidia	30	0
lieberman	30	0
lifeblood	30	0
limes	30	0
liposuction	30	0
lisp	30	0
loader	30	0
loc	30	0
loca	30	0
locust	30	0
logbook	30	0
looters	30	0
lora	30	0
lorca	30	0
loveliness	30	0
lyre	30	0
macarena	30	0
madeira	30	0
magellan	30	0
magneto	30	0
maharaja	30	0
mahendra	30	0
maim	30	0
majesties	30	0
majnu	30	0
malevolent	30	0
maloney	30	0
mangal	30	0
manifold	30	0
maradona	30	0
marinated	30	0
martell	30	0
maryann	30	0
marzipan	30	0
masonic	30	0
materialistic	30	0
mathilda	30	0
mathur	30	0
maul	30	0
mcclellan	30	0
mcclure	30	0
mcginnis	30	0
mcginty	30	0
mclean	30	0
mcphee	30	0
meanie	30	0
membranes	30	0
mengele	30	0
merman	30	0
merriment	30	0
metaphorical	30	0
methodist	30	0
mettle	30	0
midair	30	0
midshipman	30	0
mikami	30	0
mikkel	30	0
milford	30	0
mille	30	0
millet	30	0
minced	30	0
mirko	30	0
mirth	30	0
miscalculated	30	0
misgivings	30	0
misspelled	30	0
mists	30	0
modestly	30	0
monde	30	0
montero	30	0
montez	30	0
mordred	30	0
morita	30	0
mosques	30	0
motherfuck	30	0
mountainside	30	0
moustaches	30	0
mulholland	30	0
mull	30	0
murakami	30	0
mv	30	0
mylene	30	0
nagai	30	0
nagano	30	0
nano	30	0
nastya	30	0
nationally	30	0
neel	30	0
neurology	30	0
neurosurgery	30	0
neverland	30	0
nilsson	30	0
nincompoop	30	0
nipping	30	0
noblemen	30	0
noh	30	0
noonan	30	0
nooooo	30	0
normie	30	0
norwegians	30	0
norwich	30	0
nuna	30	0
nuptials	30	0
nuria	30	0
nymphs	30	0
oat	30	0
offthe	30	0
oishi	30	0
oka	30	0
oksana	30	0
opinionated	30	0
oppress	30	0
oppressors	30	0
orderlies	30	0
ottomans	30	0
outpatient	30	0
outwith	30	0
overthe	30	0
palsy	30	0
pangs	30	0
parallels	30	0
parasol	30	0
patagonia	30	0
pauli	30	0
payed	30	0
peekaboo	30	0
pelts	30	0
penetrates	30	0
pensioner	30	0
pensive	30	0
peon	30	0
permitting	30	0
pfc	30	0
phat	30	0
philosophies	30	0
phlegm	30	0
piercings	30	0
piet	30	0
pita	30	0
playdate	30	0
playoff	30	0
playroom	30	0
polenta	30	0
pon	30	0
pookie	30	0
poops	30	0
poppycock	30	0
portrayal	30	0
pothole	30	0
potluck	30	0
potted	30	0
preceding	30	0
precocious	30	0
predominantly	30	0
preemptive	30	0
prim	30	0
primeval	30	0
primrose	30	0
princely	30	0
printout	30	0
procedural	30	0
progresses	30	0
propelled	30	0
prosciutto	30	0
prospero	30	0
psychosomatic	30	0
pullin	30	0
pungent	30	0
purrs	30	0
pushers	30	0
quayle	30	0
quibble	30	0
quran	30	0
radhika	30	0
rafts	30	0
rainstorm	30	0
ramya	30	0
raves	30	0
reals	30	0
recant	30	0
receivers	30	0
recep	30	0
recognises	30	0
recorders	30	0
redundancy	30	0
refunds	30	0
regains	30	0
reigned	30	0
relayed	30	0
reliant	30	0
renamed	30	0
renders	30	0
renewing	30	0
renny	30	0
repaying	30	0
repayment	30	0
repress	30	0
rerouted	30	0
resolutions	30	0
resorted	30	0
restructuring	30	0
retailers	30	0
retinal	30	0
retrial	30	0
richly	30	0
riki	30	0
robocop	30	0
rocksteady	30	0
rolly	30	0
rosina	30	0
rotates	30	0
roubles	30	0
roughing	30	0
rowley	30	0
rpm	30	0
rubens	30	0
rucksack	30	0
ruffle	30	0
rummaging	30	0
ryker	30	0
saddles	30	0
sages	30	0
salons	30	0
salut	30	0
saluting	30	0
sandpaper	30	0
sartre	30	0
satsuma	30	0
sau	30	0
savagery	30	0
savitri	30	0
sc	30	0
scampi	30	0
scaredy	30	0
schaeffer	30	0
seeping	30	0
segregated	30	0
selfishly	30	0
semblance	30	0
seneca	30	0
sexting	30	0
shacked	30	0
shaming	30	0
shaves	30	0
shear	30	0
shebang	30	0
sheltering	30	0
shenzhen	30	0
sherbet	30	0
shifter	30	0
shigeru	30	0
shingles	30	0
shingo	30	0
shino	30	0
shockwave	30	0
showgirl	30	0
showy	30	0
siddhartha	30	0
signaled	30	0
simcoe	30	0
simi	30	0
simplistic	30	0
singed	30	0
singleton	30	0
sistine	30	0
skeptic	30	0
sketched	30	0
skillet	30	0
skit	30	0
slayers	30	0
sneer	30	0
snowfall	30	0
soils	30	0
sokka	30	0
solicit	30	0
solids	30	0
soloist	30	0
sombrero	30	0
sonu	30	0
sousa	30	0
spokes	30	0
squirting	30	0
squirts	30	0
sssh	30	0
stagnant	30	0
stalkers	30	0
stanhope	30	0
starlet	30	0
steakhouse	30	0
stealthy	30	0
steeple	30	0
stickup	30	0
stiller	30	0
stingray	30	0
stoddard	30	0
stonewall	30	0
straker	30	0
strasbourg	30	0
stratosphere	30	0
strengthens	30	0
strep	30	0
stubs	30	0
sublet	30	0
subscribers	30	0
subside	30	0
subterfuge	30	0
sumerian	30	0
summation	30	0
summed	30	0
surmise	30	0
susi	30	0
suzi	30	0
sways	30	0
sweatshop	30	0
syllabus	30	0
tadpoles	30	0
taillight	30	0
tailors	30	0
takagi	30	0
takeo	30	0
talcum	30	0
tattered	30	0
taut	30	0
tecumseh	30	0
televisions	30	0
terminals	30	0
thawed	30	0
thrower	30	0
thrush	30	0
thunderous	30	0
thunderstorms	30	0
thurman	30	0
timberlake	30	0
tinsel	30	0
tio	30	0
toasty	30	0
toddlers	30	0
tolly	30	0
topical	30	0
toppings	30	0
toranaga	30	0
towne	30	0
toyama	30	0
transplanted	30	0
transsexual	30	0
trappings	30	0
treehouse	30	0
trespassers	30	0
trimmings	30	0
trite	30	0
trix	30	0
trod	30	0
trotsky	30	0
turnoff	30	0
turpentine	30	0
tweaking	30	0
unchanging	30	0
uncivilized	30	0
underpaid	30	0
undersecretary	30	0
undignified	30	0
uninteresting	30	0
uninterrupted	30	0
unloved	30	0
unqualified	30	0
unrelenting	30	0
unzips	30	0
utilized	30	0
valenti	30	0
valle	30	0
valuation	30	0
veneration	30	0
venu	30	0
verdi	30	0
vermeer	30	0
villainous	30	0
visceral	30	0
volition	30	0
vowel	30	0
waistcoat	30	0
wallander	30	0
waning	30	0
weightless	30	0
weldon	30	0
wellbeing	30	0
westlake	30	0
westmore	30	0
westwood	30	0
wheaton	30	0
wheelchairs	30	0
wher	30	0
wilco	30	0
winded	30	0
windfall	30	0
withering	30	0
woodruff	30	0
wooed	30	0
woohoo	30	0
woolf	30	0
workroom	30	0
wormwood	30	0
wrecker	30	0
xxx	30	0
yama	30	0
yangtze	30	0
yangzhou	30	0
yano	30	0
yasu	30	0
yasuko	30	0
yeager	30	0
yeller	30	0
yoyo	30	0
zelena	30	0
zippy	30	0
zito	30	0
zoidberg	30	0
aaahhh	29	0
abbess	29	0
abductor	29	0
abercrombie	29	0
abhor	29	0
abound	29	0
abrasive	29	0
accompanies	29	0
accumulating	29	0
acidic	29	0
adeline	29	0
admirably	29	0
adolescents	29	0
aesthetics	29	0
affleck	29	0
afghans	29	0
aggravate	29	0
ainsley	29	0
akita	29	0
akron	29	0
aleksandr	29	0
alienation	29	0
alleluia	29	0
almanac	29	0
alo	29	0
alors	29	0
alt	29	0
amal	29	0
amended	29	0
ammonium	29	0
amphibious	29	0
anagram	29	0
analog	29	0
analyze	29	0
anesthesiologist	29	0
anibal	29	0
anoint	29	0
antti	29	0
apologized	29	0
apprentices	29	0
araki	29	0
arbitration	29	0
arenas	29	0
argos	29	0
armaments	29	0
arousal	29	0
arrowhead	29	0
arvin	29	0
ashtrays	29	0
atreides	29	0
attache	29	0
atv	29	0
aum	29	0
austere	29	0
backer	29	0
backers	29	0
backfires	29	0
backtrack	29	0
bain	29	0
balfour	29	0
ballantine	29	0
ballplayer	29	0
bally	29	0
barbecues	29	0
bardot	29	0
barnyard	29	0
barrack	29	0
bartending	29	0
batcave	29	0
bearers	29	0
beatle	29	0
beavis	29	0
becket	29	0
belated	29	0
belching	29	0
belive	29	0
benidorm	29	0
bested	29	0
betsey	29	0
bevan	29	0
bhaskar	29	0
bim	29	0
birdies	29	0
bjarne	29	0
blankenship	29	0
bleh	29	0
blocker	29	0
bluth	29	0
boarder	29	0
bobcat	29	0
bogota	29	0
bolivar	29	0
boogers	29	0
bosun	29	0
boughs	29	0
bouquets	29	0
boyer	29	0
bracing	29	0
brackett	29	0
braille	29	0
brawling	29	0
bremen	29	0
bremer	29	0
brentwood	29	0
brigham	29	0
brisbane	29	0
britons	29	0
broach	29	0
brunettes	29	0
bubbs	29	0
bubonic	29	0
bullard	29	0
bulldozers	29	0
bumbling	29	0
bunches	29	0
burnside	29	0
bushel	29	0
butchering	29	0
buxton	29	0
byrnes	29	0
cabernet	29	0
cadmus	29	0
cagey	29	0
cagliostro	29	0
caliphate	29	0
calliope	29	0
calvary	29	0
campos	29	0
candleford	29	0
caped	29	0
capitalize	29	0
carat	29	0
cardiology	29	0
carnivore	29	0
carstairs	29	0
cartoonist	29	0
cataclysmic	29	0
catastrophes	29	0
cathedrals	29	0
caucus	29	0
cavemen	29	0
ceci	29	0
celtics	29	0
characterized	29	0
charlemagne	29	0
cheep	29	0
chewbacca	29	0
chewie	29	0
chipmunks	29	0
chode	29	0
chomp	29	0
choreographed	29	0
churchyard	29	0
cilantro	29	0
citywide	29	0
clashing	29	0
cleats	29	0
cleverness	29	0
clit	29	0
clobbered	29	0
clocking	29	0
clod	29	0
cloister	29	0
cockeyed	29	0
codeine	29	0
coe	29	0
colombo	29	0
colson	29	0
colts	29	0
commandeer	29	0
commandeered	29	0
commemorative	29	0
communicates	29	0
compiling	29	0
complimenting	29	0
conclave	29	0
condemnation	29	0
conduits	29	0
confederates	29	0
confidante	29	0
confronts	29	0
congested	29	0
conners	29	0
consummated	29	0
coogan	29	0
cooter	29	0
copeland	29	0
copter	29	0
cordell	29	0
cordova	29	0
cosmology	29	0
cou	29	0
countermeasures	29	0
cowabunga	29	0
cowell	29	0
cower	29	0
credence	29	0
cripes	29	0
cushing	29	0
cusp	29	0
cutlet	29	0
cutlets	29	0
danziger	29	0
darl	29	0
darrah	29	0
debilitating	29	0
debtors	29	0
decapitation	29	0
decayed	29	0
decoys	29	0
decrees	29	0
defcon	29	0
defector	29	0
definitions	29	0
deformity	29	0
deleting	29	0
demarco	29	0
depicting	29	0
depose	29	0
dilbert	29	0
discordant	29	0
disembark	29	0
disputed	29	0
disqualify	29	0
ditty	29	0
downtime	29	0
dreyer	29	0
dreyfus	29	0
drummers	29	0
duma	29	0
dunphy	29	0
durango	29	0
dvr	29	0
dyslexic	29	0
eachother	29	0
eally	29	0
eardrums	29	0
earful	29	0
earhart	29	0
earthy	29	0
eastbound	29	0
eclectic	29	0
eff	29	0
ejection	29	0
electrifying	29	0
electrocute	29	0
elgin	29	0
elites	29	0
eloquence	29	0
elspeth	29	0
emmanuelle	29	0
empathize	29	0
endorsements	29	0
enforcing	29	0
eng	29	0
envoys	29	0
epps	29	0
epsilon	29	0
equestrian	29	0
eri	29	0
erotica	29	0
errant	29	0
erratically	29	0
esoteric	29	0
espheni	29	0
espinosa	29	0
evaluating	29	0
evita	29	0
evolves	29	0
excavating	29	0
excelled	29	0
executioners	29	0
exiles	29	0
exploratory	29	0
exposition	29	0
fabled	29	0
falconer	29	0
falcons	29	0
familia	29	0
fanciful	29	0
fane	29	0
fantasized	29	0
farmed	29	0
fascinate	29	0
fatigued	29	0
fc	29	0
fcc	29	0
fedex	29	0
fedor	29	0
feign	29	0
felder	29	0
feliz	29	0
ferocity	29	0
fiercest	29	0
fitter	29	0
fl	29	0
flannery	29	0
flax	29	0
fleetwood	29	0
flooring	29	0
flops	29	0
fon	29	0
fondling	29	0
forage	29	0
foraging	29	0
forego	29	0
foreground	29	0
freedman	29	0
frequented	29	0
frigg	29	0
fuchsia	29	0
fukushima	29	0
fumbling	29	0
furnaces	29	0
furnishings	29	0
galleys	29	0
galt	29	0
ganja	29	0
ganz	29	0
garnier	29	0
gat	29	0
gatorade	29	0
gauguin	29	0
gaylord	29	0
gd	29	0
gdr	29	0
geeky	29	0
genovese	29	0
gentiles	29	0
georgette	29	0
gerardo	29	0
gere	29	0
geri	29	0
gervais	29	0
geyser	29	0
giddyap	29	0
glam	29	0
glendale	29	0
glynn	29	0
goddaughter	29	0
gogol	29	0
goofball	29	0
govind	29	0
graf	29	0
gravedigger	29	0
grazia	29	0
greenleaf	29	0
grids	29	0
grille	29	0
grodd	29	0
groveling	29	0
guadalupe	29	0
guava	29	0
guesswork	29	0
guile	29	0
gulag	29	0
guruji	29	0
haiku	29	0
hamas	29	0
hampstead	29	0
hams	29	0
handpicked	29	0
hanim	29	0
hanlon	29	0
hapless	29	0
happenings	29	0
harmonies	29	0
harumi	29	0
hasegawa	29	0
healthiest	29	0
heaters	29	0
hellman	29	0
helmsman	29	0
henhouse	29	0
hermano	29	0
hermitage	29	0
heyes	29	0
hideously	29	0
higuchi	29	0
hikers	29	0
hinky	29	0
hoff	29	0
hoffmann	29	0
hogg	29	0
hogwash	29	0
holistic	29	0
holograms	29	0
hosanna	29	0
hugger	29	0
hurling	29	0
hurtling	29	0
hydro	29	0
hymen	29	0
hypochondriac	29	0
hysterectomy	29	0
ibuprofen	29	0
idris	29	0
ifthey	29	0
ight	29	0
impeachment	29	0
impede	29	0
implementing	29	0
inaudibly	29	0
inauspicious	29	0
incessantly	29	0
indignity	29	0
indiscretions	29	0
indochina	29	0
indulgent	29	0
inexplicably	29	0
influx	29	0
infringement	29	0
inherits	29	0
iniquity	29	0
innards	29	0
insecticide	29	0
insertion	29	0
instituted	29	0
instructive	29	0
interceptor	29	0
interconnected	29	0
interned	29	0
internment	29	0
interrogator	29	0
inthe	29	0
invades	29	0
invasions	29	0
invoking	29	0
iota	29	0
iru	29	0
ishii	29	0
isotope	29	0
italia	29	0
jabs	29	0
jacinta	29	0
jackasses	29	0
jacobson	29	0
jamboree	29	0
janette	29	0
janitors	29	0
jarl	29	0
javelin	29	0
jena	29	0
jeon	29	0
jeopardise	29	0
jetta	29	0
joana	29	0
joaquim	29	0
jointly	29	0
jughead	29	0
jurgen	29	0
jutland	29	0
kamil	29	0
kanto	29	0
karmic	29	0
kazumi	29	0
keanu	29	0
kendo	29	0
kenta	29	0
kerchief	29	0
keyboards	29	0
kiddy	29	0
kinoshita	29	0
kissy	29	0
knockoff	29	0
knoxville	29	0
kodak	29	0
kou	29	0
kovacs	29	0
krebs	29	0
kuni	29	0
ladybird	29	0
laertes	29	0
lagging	29	0
lancer	29	0
lando	29	0
lannister	29	0
latched	29	0
latinos	29	0
launchers	29	0
leadeth	29	0
leclerc	29	0
lender	29	0
leonie	29	0
lesbo	29	0
ligament	29	0
limos	29	0
literate	29	0
londo	29	0
loopholes	29	0
lugging	29	0
luthorcorp	29	0
lyn	29	0
maam	29	0
maddening	29	0
madwoman	29	0
maeby	29	0
maize	29	0
malek	29	0
malkovich	29	0
manifestations	29	0
mantelpiece	29	0
manticore	29	0
maori	29	0
marauder	29	0
marceau	29	0
marianna	29	0
maribel	29	0
mariner	29	0
marvels	29	0
masturbated	29	0
mcdermott	29	0
mcmillan	29	0
melina	29	0
mentoring	29	0
metin	29	0
miho	29	0
milligan	29	0
mimosa	29	0
mireille	29	0
mirjana	29	0
miscalculation	29	0
mistreat	29	0
mms	29	0
mobs	29	0
molestation	29	0
monies	29	0
montevideo	29	0
mooning	29	0
mora	29	0
morello	29	0
mothballs	29	0
motivates	29	0
motivations	29	0
motoring	29	0
mozambique	29	0
muirfield	29	0
mullah	29	0
multi	29	0
mundy	29	0
mutate	29	0
muttley	29	0
nadir	29	0
nadja	29	0
nagoya	29	0
nasir	29	0
navarre	29	0
nefertiti	29	0
neigh	29	0
netherworld	29	0
nettie	29	0
neutrinos	29	0
newbies	29	0
newsome	29	0
nicu	29	0
nidge	29	0
nipper	29	0
nisa	29	0
nobita	29	0
nva	29	0
nylons	29	0
obliging	29	0
obstructed	29	0
occipital	29	0
offside	29	0
oftentimes	29	0
ogle	29	0
ogres	29	0
okra	29	0
oli	29	0
omelets	29	0
omitted	29	0
opportune	29	0
orca	29	0
orifice	29	0
outlandish	29	0
outlines	29	0
outwards	29	0
outweigh	29	0
overwhelmingly	29	0
padua	29	0
palazzo	29	0
pansies	29	0
parable	29	0
paraffin	29	0
parasitic	29	0
parietal	29	0
parisians	29	0
particulates	29	0
pasted	29	0
pau	29	0
pauses	29	0
peacetime	29	0
peewee	29	0
perpetuate	29	0
personalized	29	0
perspectives	29	0
peyote	29	0
pheasants	29	0
philippine	29	0
picchu	29	0
pickering	29	0
pieter	29	0
pigheaded	29	0
piglets	29	0
pillowcase	29	0
piranhas	29	0
pittance	29	0
plagiarism	29	0
planners	29	0
planter	29	0
platelets	29	0
plunkett	29	0
popes	29	0
poppies	29	0
popsicles	29	0
pore	29	0
postmaster	29	0
posturing	29	0
poughkeepsie	29	0
powders	29	0
pows	29	0
prankster	29	0
premiums	29	0
presentations	29	0
preside	29	0
presided	29	0
prithee	29	0
probabilities	29	0
procreate	29	0
procreation	29	0
profusely	29	0
provokes	29	0
psalms	29	0
puffer	29	0
pulaski	29	0
qian	29	0
quasimodo	29	0
quirk	29	0
racially	29	0
radiate	29	0
radiating	29	0
raffi	29	0
rainwater	29	0
rajveer	29	0
ramones	29	0
ramps	29	0
rashly	29	0
rath	29	0
realizing	29	0
rearranging	29	0
recipients	29	0
recklessness	29	0
reddish	29	0
reformatory	29	0
refrigerators	29	0
regents	29	0
rehabilitate	29	0
reinhold	29	0
remmy	29	0
renaud	29	0
renewable	29	0
repaint	29	0
reparations	29	0
reprogrammed	29	0
repulsed	29	0
resents	29	0
resolving	29	0
reveille	29	0
reykjavik	29	0
ribbit	29	0
richelieu	29	0
rickey	29	0
rinaldi	29	0
riverbed	29	0
roared	29	0
rocha	29	0
romain	29	0
roofie	29	0
rooks	29	0
roping	29	0
rostov	29	0
rota	29	0
ruffled	29	0
rumplestiltskin	29	0
rumpus	29	0
runaround	29	0
rustlers	29	0
sada	29	0
saddens	29	0
sadler	29	0
salamanca	29	0
salmonella	29	0
salzburg	29	0
sancti	29	0
sangria	29	0
sarang	29	0
satsuki	29	0
saviors	29	0
scaling	29	0
scipio	29	0
scooch	29	0
screwup	29	0
scribbled	29	0
scripted	29	0
scurry	29	0
sedition	29	0
sek	29	0
sellout	29	0
sensibilities	29	0
seppuku	29	0
serotonin	29	0
seti	29	0
shabana	29	0
shaver	29	0
sheetal	29	0
shoeshine	29	0
shopkeepers	29	0
shuttlecraft	29	0
sichuan	29	0
sifu	29	0
sik	29	0
silken	29	0
sion	29	0
sixteenth	29	0
skanks	29	0
skids	29	0
slaved	29	0
sleight	29	0
slobs	29	0
slur	29	0
slurred	29	0
smarten	29	0
snapchat	29	0
soba	29	0
sobered	29	0
socialite	29	0
soir	29	0
songbird	29	0
sorcerers	29	0
souza	29	0
spats	29	0
spectral	29	0
spectre	29	0
speculative	29	0
spellman	29	0
spiced	29	0
spicer	29	0
spitter	29	0
spooner	29	0
sprouted	29	0
sprouting	29	0
spunky	29	0
sputnik	29	0
squalid	29	0
stacie	29	0
stammer	29	0
standup	29	0
starfire	29	0
starkey	29	0
startup	29	0
stealthily	29	0
steely	29	0
stenographer	29	0
stent	29	0
stoic	29	0
stragglers	29	0
stroh	29	0
stroud	29	0
stubble	29	0
stunner	29	0
styx	29	0
subscriber	29	0
successive	29	0
suckling	29	0
sugarcane	29	0
sui	29	0
suzanna	29	0
svend	29	0
swingin	29	0
swordsmen	29	0
synod	29	0
tacoma	29	0
taekwondo	29	0
tahir	29	0
tali	29	0
tamika	29	0
taming	29	0
tanja	29	0
tardiness	29	0
tawni	29	0
taxed	29	0
tellers	29	0
tenderloin	29	0
terminating	29	0
terrell	29	0
theological	29	0
thimble	29	0
thinning	29	0
tho	29	0
thongs	29	0
thoreau	29	0
thorin	29	0
thrusting	29	0
thumper	29	0
tobe	29	0
tobi	29	0
toda	29	0
tommie	29	0
tomorrows	29	0
toms	29	0
toner	29	0
tonne	29	0
tortillas	29	0
touchdowns	29	0
traceable	29	0
tracksuit	29	0
traipsing	29	0
tranq	29	0
triceratops	29	0
trills	29	0
tryst	29	0
tsutomu	29	0
ul	29	0
unattainable	29	0
uncompromising	29	0
unconstitutional	29	0
undergarments	29	0
undergrad	29	0
underrated	29	0
undersea	29	0
undisclosed	29	0
unearth	29	0
unfathomable	29	0
unify	29	0
untrustworthy	29	0
upkeep	29	0
uproot	29	0
urchins	29	0
urquhart	29	0
variant	29	0
vas	29	0
vecchio	29	0
veneer	29	0
venereal	29	0
venezuelan	29	0
vermilion	29	0
vetting	29	0
videotapes	29	0
vivi	29	0
viviane	29	0
vowels	29	0
waken	29	0
walkway	29	0
wanderers	29	0
wardens	29	0
waterman	29	0
waterworks	29	0
wavelengths	29	0
wellesley	29	0
whaddaya	29	0
whipple	29	0
winchell	29	0
winkler	29	0
winnetou	29	0
wolfie	29	0
wolowitz	29	0
wooh	29	0
wording	29	0
worshippers	29	0
woz	29	0
wrangle	29	0
wudang	29	0
xvi	29	0
yellows	29	0
yeoman	29	0
yukie	29	0
yura	29	0
zafar	29	0
zigzag	29	0
zina	29	0
zoila	29	0
zord	29	0
abla	28	0
absorption	28	0
acrylic	28	0
adderall	28	0
additions	28	0
adjournment	28	0
adulterer	28	0
affirmation	28	0
afterthe	28	0
agustin	28	0
airbag	28	0
airliner	28	0
ako	28	0
alfalfa	28	0
alka	28	0
allegra	28	0
ambiance	28	0
americana	28	0
amina	28	0
amis	28	0
amitabh	28	0
amitabha	28	0
amped	28	0
analysing	28	0
anaphylactic	28	0
anata	28	0
anatomical	28	0
anecdotes	28	0
angina	28	0
angular	28	0
anniversaries	28	0
antagonize	28	0
antifreeze	28	0
appetizing	28	0
applebee	28	0
appleton	28	0
applicable	28	0
ara	28	0
arbiter	28	0
aretha	28	0
artur	28	0
asako	28	0
asakura	28	0
ascot	28	0
aslan	28	0
asli	28	0
asthmatic	28	0
astonishingly	28	0
atavus	28	0
aught	28	0
authorizing	28	0
avatars	28	0
avinash	28	0
avocados	28	0
awesomeness	28	0
awoken	28	0
bachman	28	0
ballads	28	0
balmy	28	0
bama	28	0
bandstand	28	0
barbary	28	0
barstow	28	0
baseless	28	0
basilica	28	0
baskerville	28	0
batiatus	28	0
baum	28	0
bayonne	28	0
beacons	28	0
beatboxing	28	0
beefy	28	0
beholden	28	0
bellini	28	0
bellman	28	0
bellow	28	0
beluga	28	0
benched	28	0
bequeathed	28	0
bernhardt	28	0
bhau	28	0
bicarbonate	28	0
binford	28	0
biochemistry	28	0
blackest	28	0
blaire	28	0
bloodstained	28	0
blowfish	28	0
boarders	28	0
boatload	28	0
boaz	28	0
boer	28	0
bohemia	28	0
boisterous	28	0
bolin	28	0
bolognese	28	0
bolster	28	0
bonn	28	0
boor	28	0
booyah	28	0
boswell	28	0
bottling	28	0
bovary	28	0
boyo	28	0
brandenburg	28	0
breeches	28	0
brenna	28	0
brogan	28	0
budgie	28	0
bunt	28	0
burg	28	0
burnout	28	0
buzzkill	28	0
buzzy	28	0
cammy	28	0
campground	28	0
cantrell	28	0
capes	28	0
capitaine	28	0
capoeira	28	0
capra	28	0
caregiver	28	0
carsten	28	0
cask	28	0
caspian	28	0
catechism	28	0
cates	28	0
caulfield	28	0
cautionary	28	0
caymans	28	0
cecilie	28	0
celestine	28	0
centennial	28	0
cervantes	28	0
chalky	28	0
chandramukhi	28	0
chappy	28	0
cheetahs	28	0
chiara	28	0
chihiro	28	0
chil	28	0
chinks	28	0
chiquita	28	0
chiseled	28	0
chisholm	28	0
choco	28	0
cholo	28	0
circe	28	0
cirie	28	0
clauses	28	0
clea	28	0
cleverest	28	0
cloakroom	28	0
clogging	28	0
coburn	28	0
coed	28	0
cojones	28	0
collard	28	0
colouring	28	0
colvin	28	0
commended	28	0
commited	28	0
comparisons	28	0
compositions	28	0
conclusively	28	0
conlon	28	0
contemplated	28	0
contemporaries	28	0
contradicting	28	0
contradicts	28	0
contraire	28	0
contrition	28	0
converging	28	0
coolidge	28	0
copping	28	0
corbyn	28	0
cordero	28	0
cornfed	28	0
corrie	28	0
corrosive	28	0
corwin	28	0
cousteau	28	0
coyle	28	0
cranberries	28	0
cranked	28	0
crawfish	28	0
crawler	28	0
crescendo	28	0
criminology	28	0
crockery	28	0
croupier	28	0
cumin	28	0
curley	28	0
curvature	28	0
cussing	28	0
damme	28	0
darin	28	0
daydreams	28	0
ddr	28	0
deader	28	0
dec	28	0
decomp	28	0
decompose	28	0
deej	28	0
deets	28	0
defrost	28	0
degeneration	28	0
dejected	28	0
delacroix	28	0
deliberations	28	0
delude	28	0
depicts	28	0
descendents	28	0
deveraux	28	0
diagonal	28	0
dietz	28	0
diggs	28	0
dignify	28	0
dilation	28	0
dinero	28	0
dingle	28	0
directives	28	0
disarming	28	0
discoloration	28	0
discontinue	28	0
disguising	28	0
disloyalty	28	0
distal	28	0
divorcee	28	0
dogging	28	0
doi	28	0
dol	28	0
dooku	28	0
dottore	28	0
drachmas	28	0
drafty	28	0
dragan	28	0
dredging	28	0
droll	28	0
drunkenly	28	0
dukat	28	0
duplicated	28	0
dyes	28	0
easygoing	28	0
ebba	28	0
eco	28	0
eeny	28	0
eeyore	28	0
effendi	28	0
effortlessly	28	0
eko	28	0
eleni	28	0
enchantress	28	0
encountering	28	0
erectile	28	0
erie	28	0
eriksson	28	0
establishments	28	0
estep	28	0
estrella	28	0
ettore	28	0
euphoric	28	0
evaded	28	0
eval	28	0
evander	28	0
evel	28	0
evemhing	28	0
eveybody	28	0
exasperated	28	0
excavator	28	0
excitable	28	0
exhibitions	28	0
exhume	28	0
exhumed	28	0
expectant	28	0
fagin	28	0
faithfulness	28	0
fallujah	28	0
fanta	28	0
fathoms	28	0
fawcett	28	0
feasts	28	0
felled	28	0
fergie	28	0
ferns	28	0
ferrets	28	0
fertilize	28	0
fevers	28	0
fielder	28	0
finito	28	0
fireballs	28	0
fission	28	0
fitzroy	28	0
flamethrower	28	0
fledgling	28	0
florins	28	0
flunking	28	0
foosball	28	0
footnote	28	0
foreclosed	28	0
forgo	28	0
forsaking	28	0
forthright	28	0
fras	28	0
frazzled	28	0
freemasons	28	0
friendlier	28	0
fritter	28	0
gael	28	0
ganging	28	0
gantry	28	0
garak	28	0
gaspar	28	0
gated	28	0
geary	28	0
geezers	28	0
gehrig	28	0
generalissimo	28	0
geo	28	0
georgy	28	0
gertrud	28	0
ghana	28	0
ginnie	28	0
ginsberg	28	0
girlies	28	0
girth	28	0
glancing	28	0
glaucoma	28	0
globalization	28	0
gona	28	0
goop	28	0
gordie	28	0
gorgon	28	0
gothenburg	28	0
gov	28	0
governance	28	0
governs	28	0
greenie	28	0
greenpeace	28	0
groped	28	0
grossed	28	0
gru	28	0
guerillas	28	0
gumball	28	0
gunk	28	0
gush	28	0
gussie	28	0
habla	28	0
haggling	28	0
haim	28	0
halil	28	0
hallam	28	0
halloran	28	0
handguns	28	0
handprint	28	0
harada	28	0
harken	28	0
hauptmann	28	0
haute	28	0
headgear	28	0
hehe	28	0
heisenberg	28	0
heroically	28	0
hetero	28	0
heyday	28	0
hier	28	0
hijo	28	0
hiked	28	0
hillbillies	28	0
himalayan	28	0
hookfang	28	0
hopelessness	28	0
horseradish	28	0
horsing	28	0
houseguest	28	0
hoynes	28	0
huber	28	0
huggy	28	0
humpback	28	0
huntsman	28	0
huston	28	0
hypnotism	28	0
iben	28	0
ici	28	0
identifiable	28	0
igt	28	0
immeasurable	28	0
implicitly	28	0
implode	28	0
impressionist	28	0
incidental	28	0
incinerate	28	0
ine	28	0
inebriated	28	0
inserting	28	0
insinuate	28	0
insurmountable	28	0
intervening	28	0
inverse	28	0
ipek	28	0
ipo	28	0
ishmael	28	0
ismael	28	0
isotopes	28	0
issa	28	0
itt	28	0
itto	28	0
jacoby	28	0
jaeger	28	0
jaggi	28	0
jalopy	28	0
jamil	28	0
janaki	28	0
janko	28	0
jeet	28	0
jenni	28	0
jiu	28	0
jk	28	0
johansen	28	0
josette	28	0
juke	28	0
junta	28	0
juveniles	28	0
kamini	28	0
kass	28	0
kazan	28	0
keenly	28	0
keira	28	0
kelton	28	0
khartoum	28	0
kickboxing	28	0
kidnaps	28	0
kiku	28	0
kiln	28	0
kimmel	28	0
kingman	28	0
kismet	28	0
kitano	28	0
kk	28	0
klicks	28	0
kline	28	0
knievel	28	0
koga	28	0
krish	28	0
kristine	28	0
kuen	28	0
lackeys	28	0
lagos	28	0
langer	28	0
lapdog	28	0
lapsed	28	0
laredo	28	0
laudanum	28	0
lawyered	28	0
layoffs	28	0
lela	28	0
leonidas	28	0
leonor	28	0
letdown	28	0
lettering	28	0
lfl	28	0
liao	28	0
liddy	28	0
lightness	28	0
lightsaber	28	0
lilacs	28	0
liliana	28	0
limey	28	0
linoleum	28	0
liston	28	0
lite	28	0
litt	28	0
loathing	28	0
lobbyists	28	0
loosening	28	0
lz	28	0
macduff	28	0
macleish	28	0
madoff	28	0
mage	28	0
mainwaring	28	0
Maldives	28	0
manav	28	0
mandible	28	0
manna	28	0
manya	28	0
marchand	28	0
marchioness	28	0
marni	28	0
masaru	28	0
mastering	28	0
matsu	28	0
mauritius	28	0
mazda	28	0
mcbain	28	0
mccallister	28	0
mcintyre	28	0
mckee	28	0
mclntyre	28	0
mecha	28	0
meeny	28	0
meggie	28	0
mementos	28	0
menthol	28	0
merch	28	0
mert	28	0
merv	28	0
mesmerizing	28	0
metallica	28	0
metcalf	28	0
mikayla	28	0
mildew	28	0
milkshakes	28	0
milligram	28	0
minoru	28	0
minos	28	0
miri	28	0
misbehaved	28	0
misbehaving	28	0
miseries	28	0
misused	28	0
mitsuru	28	0
miura	28	0
mlle	28	0
mobius	28	0
mojitos	28	0
molar	28	0
molloy	28	0
monocle	28	0
monotony	28	0
moreland	28	0
morrie	28	0
morwenna	28	0
mosey	28	0
mountainous	28	0
mountie	28	0
multiverse	28	0
muss	28	0
mustaches	28	0
mutagen	28	0
mysticism	28	0
nanking	28	0
natsuki	28	0
nazarene	28	0
ncaa	28	0
nerys	28	0
nether	28	0
newsflash	28	0
newsman	28	0
newsweek	28	0
nguyen	28	0
nipped	28	0
niu	28	0
nobler	28	0
noche	28	0
nonsensical	28	0
notifying	28	0
nourished	28	0
nye	28	0
occurrences	28	0
odell	28	0
onslow	28	0
operatic	28	0
orchards	28	0
organist	28	0
orly	28	0
osvaldo	28	0
outbid	28	0
outgunned	28	0
outposts	28	0
overland	28	0
overriding	28	0
overthink	28	0
overthinking	28	0
packers	28	0
palladium	28	0
palme	28	0
palp	28	0
paperweight	28	0
papua	28	0
paraded	28	0
paramilitary	28	0
parlors	28	0
partnerships	28	0
pasolini	28	0
paterson	28	0
patris	28	0
pavlov	28	0
payoffs	28	0
pelle	28	0
pendejo	28	0
perrier	28	0
perspiration	28	0
peta	28	0
petrus	28	0
pg	28	0
pickups	28	0
pieced	28	0
piggies	28	0
pioneered	28	0
pipsqueak	28	0
playmates	28	0
ploughed	28	0
plummeted	28	0
plummeting	28	0
pms	28	0
polack	28	0
polygamy	28	0
pongo	28	0
poodles	28	0
poppet	28	0
porgy	28	0
poul	28	0
powwow	28	0
poxy	28	0
prance	28	0
predetermined	28	0
prejudicial	28	0
prescribing	28	0
preyed	28	0
progressively	28	0
promissory	28	0
proportional	28	0
propriety	28	0
provenance	28	0
psychoanalyst	28	0
psychotherapy	28	0
puddings	28	0
pulsar	28	0
punter	28	0
purging	28	0
queensland	28	0
rabbis	28	0
radu	28	0
raff	28	0
rager	28	0
ragging	28	0
rahim	28	0
ralf	28	0
ramesses	28	0
rance	28	0
raring	28	0
realy	28	0
recheck	28	0
rectangle	28	0
redacted	28	0
redfern	28	0
rediscover	28	0
redone	28	0
rekindle	28	0
remodeled	28	0
renown	28	0
repented	28	0
rescind	28	0
rescuers	28	0
resonate	28	0
retains	28	0
retention	28	0
retrograde	28	0
rewrote	28	0
ricans	28	0
rickety	28	0
rickman	28	0
ridgeway	28	0
roche	28	0
rochefort	28	0
romp	28	0
roomy	28	0
roop	28	0
rowed	28	0
ruffles	28	0
rumple	28	0
rumsfeld	28	0
rutger	28	0
saboteurs	28	0
saburo	28	0
sacking	28	0
safeguards	28	0
sagging	28	0
salinas	28	0
samara	28	0
sanctified	28	0
sardinia	28	0
savant	28	0
savino	28	0
savour	28	0
saz	28	0
scalps	28	0
scaly	28	0
scavenging	28	0
scooters	28	0
screamin	28	0
scrounge	28	0
scuff	28	0
scurrying	28	0
scusi	28	0
scuttle	28	0
secretarial	28	0
sectionals	28	0
seducer	28	0
seep	28	0
senegal	28	0
sepsis	28	0
serrated	28	0
servicemen	28	0
shallows	28	0
shalu	28	0
shanks	28	0
shawna	28	0
shia	28	0
shibata	28	0
shins	28	0
shipmates	28	0
shoal	28	0
shorthanded	28	0
shota	28	0
shriveled	28	0
shrubs	28	0
sian	28	0
sidecar	28	0
siena	28	0
silliness	28	0
sinning	28	0
sirloin	28	0
sizzles	28	0
skewer	28	0
skier	28	0
slabs	28	0
slattery	28	0
slavic	28	0
slits	28	0
slobbering	28	0
slovakia	28	0
smock	28	0
sobering	28	0
softy	28	0
somewheres	28	0
soundproof	28	0
spalding	28	0
sparse	28	0
spearhead	28	0
speculated	28	0
speedo	28	0
spiky	28	0
spiraling	28	0
spitz	28	0
spousal	28	0
spurned	28	0
squatter	28	0
squeezes	28	0
squelching	28	0
srt	28	0
stateroom	28	0
ste	28	0
steamboat	28	0
steinberg	28	0
stiletto	28	0
stillson	28	0
sto	28	0
stoy	28	0
strategize	28	0
stratford	28	0
streamlined	28	0
stunted	28	0
subdural	28	0
subsidy	28	0
suckered	28	0
suleyman	28	0
sunnyvale	28	0
supposition	28	0
supremely	28	0
sustains	28	0
susy	28	0
swarms	28	0
swayze	28	0
swifty	28	0
swooped	28	0
sympathise	28	0
synaptic	28	0
synthesis	28	0
synthesizer	28	0
taeko	28	0
tamales	28	0
tana	28	0
tangier	28	0
tangiers	28	0
tats	28	0
tatters	28	0
tawny	28	0
taxicab	28	0
tearfully	28	0
teaser	28	0
telex	28	0
temperate	28	0
tenuous	28	0
theis	28	0
thickens	28	0
tiana	28	0
timeout	28	0
timings	28	0
toiled	28	0
tomahawk	28	0
tompkins	28	0
toppled	28	0
torrente	28	0
torturer	28	0
tp	28	0
tranquillity	28	0
transmits	28	0
tributes	28	0
trotting	28	0
tthe	28	0
tuff	28	0
turntable	28	0
tweety	28	0
tycho	28	0
ufc	28	0
unbiased	28	0
unclaimed	28	0
uncomplicated	28	0
unconsciousness	28	0
uncontrollably	28	0
underdogs	28	0
undergraduate	28	0
understaffed	28	0
undisciplined	28	0
unexplainable	28	0
unintentional	28	0
unlisted	28	0
unmask	28	0
untreated	28	0
unwashed	28	0
unwavering	28	0
vai	28	0
vastness	28	0
vauxhall	28	0
veeru	28	0
vehicular	28	0
vel	28	0
verbatim	28	0
villainy	28	0
vinaigrette	28	0
violetta	28	0
vir	28	0
visage	28	0
vite	28	0
vivienne	28	0
volkoff	28	0
volodya	28	0
vos	28	0
vying	28	0
weevil	28	0
westbound	28	0
whassup	28	0
whinny	28	0
whoopi	28	0
whopping	28	0
whos	28	0
wifi	28	0
wiggly	28	0
willfully	28	0
wino	28	0
wolfram	28	0
wolsey	28	0
wor	28	0
worsened	28	0
wriggling	28	0
wyler	28	0
xanadu	28	0
xerxes	28	0
xiomara	28	0
xiong	28	0
yom	28	0
yore	28	0
yugoslav	28	0
yukimura	28	0
zan	28	0
zoltan	28	0
aaaaaah	27	0
aaahh	27	0
abdicate	27	0
abolition	27	0
aboot	27	0
aceveda	27	0
achieves	27	0
acknowledges	27	0
ackroyd	27	0
acme	27	0
addictions	27	0
admittance	27	0
adric	27	0
aerodynamic	27	0
aerosol	27	0
affidavits	27	0
afire	27	0
aflame	27	0
agathe	27	0
akhenaten	27	0
aloe	27	0
aly	27	0
amarillo	27	0
ambien	27	0
amendments	27	0
amon	27	0
amulets	27	0
anchovy	27	0
andrzej	27	0
angkor	27	0
anomalous	27	0
answerable	27	0
aperitif	27	0
apologetic	27	0
apricots	27	0
archeologist	27	0
ariana	27	0
arigato	27	0
arising	27	0
arranges	27	0
aru	27	0
arvid	27	0
ascendant	27	0
ashford	27	0
assuredly	27	0
asta	27	0
aster	27	0
asterix	27	0
astonishment	27	0
aurelio	27	0
authenticate	27	0
authenticated	27	0
authoritative	27	0
awash	27	0
axelrod	27	0
ayala	27	0
azure	27	0
bailiffs	27	0
bailout	27	0
balconies	27	0
bamba	27	0
bandana	27	0
banknotes	27	0
bara	27	0
barrows	27	0
basset	27	0
beasley	27	0
beauchamp	27	0
bec	27	0
beemer	27	0
bef	27	0
bekir	27	0
belcher	27	0
biding	27	0
billu	27	0
biscotti	27	0
blacker	27	0
blech	27	0
bloch	27	0
blockers	27	0
bluebeard	27	0
bolus	27	0
bombard	27	0
boroughs	27	0
bos	27	0
boulogne	27	0
boynton	27	0
boz	27	0
braithwaite	27	0
branching	27	0
brannigan	27	0
brassiere	27	0
brea	27	0
breadcrumbs	27	0
breakdowns	27	0
bricklayer	27	0
briefings	27	0
bronte	27	0
broussard	27	0
brubaker	27	0
buckland	27	0
budging	27	0
buena	27	0
bullseye	27	0
bunking	27	0
bunyan	27	0
buona	27	0
burlap	27	0
burro	27	0
bushed	27	0
butchie	27	0
buyout	27	0
camus	27	0
cancerous	27	0
candied	27	0
candlesticks	27	0
cantwell	27	0
cappy	27	0
castration	27	0
cataclysm	27	0
cataracts	27	0
cathcart	27	0
catnip	27	0
caucasus	27	0
cellophane	27	0
cellulite	27	0
cem	27	0
cg	27	0
chafing	27	0
challengers	27	0
champa	27	0
chandeliers	27	0
chauvinist	27	0
cherub	27	0
chessboard	27	0
choe	27	0
chrysanthemum	27	0
claes	27	0
clearwater	27	0
clouding	27	0
clouseau	27	0
cockerel	27	0
codename	27	0
coffeehouse	27	0
colada	27	0
coldly	27	0
colorful	27	0
comandante	27	0
comas	27	0
comforter	27	0
comings	27	0
commencement	27	0
commendatore	27	0
compensating	27	0
comte	27	0
conceivably	27	0
conducive	27	0
confederation	27	0
confiscating	27	0
conny	27	0
conover	27	0
constructions	27	0
conte	27	0
cordially	27	0
corduroy	27	0
correspondents	27	0
cowering	27	0
cowley	27	0
cranks	27	0
cretins	27	0
crevice	27	0
crosswords	27	0
crucially	27	0
culpepper	27	0
curran	27	0
cutoff	27	0
cyberspace	27	0
dachau	27	0
daffodils	27	0
dailies	27	0
daiquiri	27	0
dakar	27	0
dawdling	27	0
deadlock	27	0
deceiver	27	0
decoder	27	0
decommissioned	27	0
deductible	27	0
deference	27	0
deficient	27	0
delectable	27	0
delicatessen	27	0
delightfully	27	0
delinquency	27	0
dennison	27	0
denser	27	0
desecrate	27	0
desecration	27	0
detainee	27	0
deunan	27	0
deus	27	0
devastate	27	0
deviated	27	0
dian	27	0
didrt	27	0
dildos	27	0
disapproved	27	0
discharging	27	0
disintegration	27	0
disorientation	27	0
dissatisfaction	27	0
distracts	27	0
dit	27	0
divvy	27	0
doctoring	27	0
doge	27	0
dominatrix	27	0
donatella	27	0
dons	27	0
doon	27	0
dorcas	27	0
doruk	27	0
downwind	27	0
driftwood	27	0
droopy	27	0
droves	27	0
druggie	27	0
drumsticks	27	0
duffer	27	0
dunlap	27	0
dunlop	27	0
earnestly	27	0
earphones	27	0
eau	27	0
ecosystems	27	0
eda	27	0
effigy	27	0
eggshells	27	0
elapsed	27	0
ele	27	0
electroshock	27	0
elegantly	27	0
embalmed	27	0
embodies	27	0
emitter	27	0
emphatically	27	0
emphysema	27	0
empower	27	0
emy	27	0
enchilada	27	0
energized	27	0
engages	27	0
engrossed	27	0
engulf	27	0
enlargement	27	0
enright	27	0
entitlement	27	0
entrenched	27	0
erasmus	27	0
escapade	27	0
eugenics	27	0
evaporates	27	0
everwood	27	0
ewa	27	0
exporting	27	0
extradite	27	0
eyeglasses	27	0
fables	27	0
facedown	27	0
fairytales	27	0
fantasia	27	0
fantomas	27	0
fatale	27	0
fecal	27	0
fedora	27	0
fedya	27	0
fenced	27	0
fenway	27	0
fermat	27	0
fervor	27	0
fiberglass	27	0
figurehead	27	0
filipe	27	0
flagrant	27	0
flared	27	0
flexing	27	0
flintstone	27	0
flirtatious	27	0
flopped	27	0
fluently	27	0
flurry	27	0
foetus	27	0
fok	27	0
fook	27	0
forearms	27	0
formulated	27	0
fornell	27	0
fortescue	27	0
fortify	27	0
fortresses	27	0
fosters	27	0
fourteenth	27	0
frankness	27	0
fraternal	27	0
freakish	27	0
freddo	27	0
freeways	27	0
frell	27	0
fuckface	27	0
fuming	27	0
gacy	27	0
galactus	27	0
galan	27	0
gallifrey	27	0
gamers	27	0
gangbanger	27	0
ganymede	27	0
gargle	27	0
garrick	27	0
gassy	27	0
gauna	27	0
gees	27	0
geils	27	0
gendarme	27	0
genies	27	0
gerhard	27	0
gian	27	0
giordano	27	0
giorno	27	0
girardi	27	0
glacial	27	0
glimpsed	27	0
glint	27	0
goemon	27	0
goff	27	0
goober	27	0
goths	27	0
grandmas	27	0
graveyards	27	0
greenfield	27	0
greenway	27	0
griffiths	27	0
grime	27	0
grimy	27	0
griswold	27	0
growers	27	0
guadalajara	27	0
guaranteeing	27	0
gyp	27	0
gyung	27	0
hags	27	0
hails	27	0
hairdressers	27	0
hak	27	0
hales	27	0
hammy	27	0
hanako	27	0
handheld	27	0
handlebars	27	0
hanka	27	0
harbinger	27	0
harkonnen	27	0
harvester	27	0
harwood	27	0
hassled	27	0
hatice	27	0
hatun	27	0
havre	27	0
hayworth	27	0
headdress	27	0
headlong	27	0
healers	27	0
hef	27	0
helios	27	0
henny	27	0
heydrich	27	0
hiatus	27	0
hieroglyphs	27	0
hipsters	27	0
hjalmar	27	0
hoffa	27	0
hogarth	27	0
hokage	27	0
hokey	27	0
honcho	27	0
honeycomb	27	0
hoppy	27	0
hostesses	27	0
hotaru	27	0
hovercraft	27	0
humboldt	27	0
humphries	27	0
huntress	27	0
hygienist	27	0
hyperion	27	0
hyuga	27	0
ifthe	27	0
ignites	27	0
ik	27	0
immorality	27	0
imperfection	27	0
implicating	27	0
improperly	27	0
inception	27	0
incisions	27	0
incubation	27	0
ind	27	0
indignant	27	0
industrialists	27	0
infraction	27	0
ingratitude	27	0
injuring	27	0
inlet	27	0
innocuous	27	0
insincere	27	0
insinuations	27	0
instantaneously	27	0
instilled	27	0
insurgent	27	0
interception	27	0
intravenous	27	0
invents	27	0
ions	27	0
iridium	27	0
ith	27	0
jailbreak	27	0
jassi	27	0
javert	27	0
jeannot	27	0
jello	27	0
jesuits	27	0
jettison	27	0
julianna	27	0
jussi	27	0
kaan	27	0
kami	27	0
kapa	27	0
kati	27	0
keisuke	27	0
kenshin	27	0
kickbacks	27	0
kike	27	0
kilmer	27	0
kloss	27	0
klux	27	0
kosuke	27	0
kourtney	27	0
kowtow	27	0
krampus	27	0
ks	27	0
kublai	27	0
kurds	27	0
kuroda	27	0
labia	27	0
lapses	27	0
laramie	27	0
larder	27	0
laude	27	0
laurens	27	0
lawd	27	0
layover	27	0
legality	27	0
legalize	27	0
lemmy	27	0
lerner	27	0
letitia	27	0
liabilities	27	0
liquidated	27	0
lita	27	0
lohan	27	0
lolo	27	0
loonies	27	0
loverboy	27	0
lovett	27	0
loxley	27	0
luger	27	0
lusty	27	0
lutheran	27	0
macaroons	27	0
macchiato	27	0
machado	27	0
madhav	27	0
maeve	27	0
magnificently	27	0
maharajah	27	0
malarkey	27	0
mandolin	27	0
manley	27	0
marbella	27	0
margit	27	0
marquette	27	0
masonry	27	0
materialize	27	0
mathers	27	0
matsui	27	0
mauro	27	0
maybes	27	0
mayko	27	0
mayoral	27	0
mcgarry	27	0
mckinnon	27	0
meanness	27	0
merchandising	27	0
mercia	27	0
mesopotamia	27	0
mete	27	0
mie	27	0
migs	27	0
militias	27	0
millimetre	27	0
millstone	27	0
mimmi	27	0
mino	27	0
misstep	27	0
mito	27	0
mmh	27	0
modules	27	0
modus	27	0
moisturizer	27	0
mooch	27	0
moonstone	27	0
morehouse	27	0
mose	27	0
mothering	27	0
motivating	27	0
motley	27	0
motorcar	27	0
mousy	27	0
moxie	27	0
muffy	27	0
muggers	27	0
mulch	27	0
nanami	27	0
nantes	27	0
napier	27	0
narnia	27	0
neckline	27	0
nestled	27	0
neumann	27	0
nighty	27	0
nimrod	27	0
nippon	27	0
nippy	27	0
nitroglycerin	27	0
nods	27	0
normality	27	0
norrie	27	0
nouveau	27	0
ns	27	0
nts	27	0
nuance	27	0
nudie	27	0
nutjob	27	0
nyborg	27	0
ocho	27	0
ock	27	0
okeydokey	27	0
ook	27	0
opportunistic	27	0
osamu	27	0
oshima	27	0
otomo	27	0
outcry	27	0
outlast	27	0
ouyang	27	0
ovarian	27	0
overconfident	27	0
overpaid	27	0
overt	27	0
paan	27	0
pachinko	27	0
pakistanis	27	0
pampering	27	0
panisse	27	0
pappas	27	0
paralyzing	27	0
pari	27	0
parka	27	0
passable	27	0
pasteur	27	0
patrizia	27	0
pbht	27	0
peepers	27	0
perla	27	0
pervy	27	0
peso	27	0
petar	27	0
pettigrew	27	0
pharma	27	0
phill	27	0
phobias	27	0
photosynthesis	27	0
phrasing	27	0
piedmont	27	0
pierces	27	0
pilkington	27	0
pirated	27	0
pissant	27	0
pitted	27	0
ploughing	27	0
pok	27	0
polanski	27	0
polaroids	27	0
pondered	27	0
poopy	27	0
postmark	27	0
powerfully	27	0
prelim	27	0
preys	27	0
propellers	27	0
propped	27	0
prussians	27	0
pudgy	27	0
pueblo	27	0
purser	27	0
purview	27	0
quorum	27	0
raghavan	27	0
raine	27	0
ralston	27	0
rampart	27	0
ras	27	0
rashes	27	0
rationality	27	0
rationalize	27	0
ravan	27	0
ravana	27	0
reactivate	27	0
rearing	27	0
rebus	27	0
rectangular	27	0
recuperating	27	0
redevelopment	27	0
refresher	27	0
refrigerated	27	0
regulators	27	0
relieves	27	0
renegades	27	0
repelled	27	0
replicated	27	0
reproduced	27	0
requisitioned	27	0
resorting	27	0
retainers	27	0
rile	27	0
rittenhouse	27	0
ritualistic	27	0
riza	27	0
roadhouse	27	0
rodin	27	0
rohypnol	27	0
roomful	27	0
rovere	27	0
rovers	27	0
rumoured	27	0
ryota	27	0
saggy	27	0
sameera	27	0
sammi	27	0
sandbags	27	0
sapporo	27	0
sar	27	0
saris	27	0
sav	27	0
scarcity	27	0
schoolmates	27	0
schrader	27	0
screwball	27	0
scudder	27	0
seashells	27	0
seizes	27	0
sena	27	0
senhor	27	0
sensuous	27	0
sequestered	27	0
severing	27	0
shacking	27	0
shading	27	0
shambo	27	0
shasta	27	0
shelled	27	0
shoji	27	0
shouidn	27	0
showin	27	0
shrivel	27	0
shuffled	27	0
sideboard	27	0
simplified	27	0
siya	27	0
skilful	27	0
skimpy	27	0
skrill	27	0
skupin	27	0
slava	27	0
slaw	27	0
sliders	27	0
slinky	27	0
slog	27	0
slumped	27	0
snarl	27	0
snippy	27	0
snitching	27	0
snorkel	27	0
snowballs	27	0
softest	27	0
songwriting	27	0
soothes	27	0
southall	27	0
spawning	27	0
speakeasy	27	0
specks	27	0
splurge	27	0
spooning	27	0
sportsmanship	27	0
spuds	27	0
squished	27	0
sshh	27	0
stadiums	27	0
stallions	27	0
starburst	27	0
starks	27	0
stasi	27	0
stauffenberg	27	0
stds	27	0
steamship	27	0
stepsister	27	0
stillborn	27	0
stingers	27	0
stipulated	27	0
stopper	27	0
stoves	27	0
streamers	27	0
strums	27	0
submerge	27	0
submersible	27	0
subpoenas	27	0
suey	27	0
sugarcoat	27	0
suitably	27	0
sunni	27	0
sunstroke	27	0
susumu	27	0
sveta	27	0
swampy	27	0
swindling	27	0
switchblade	27	0
sylvain	27	0
synchronization	27	0
tabasco	27	0
tablecloths	27	0
tachy	27	0
tailgate	27	0
taka	27	0
takayama	27	0
takuya	27	0
tartare	27	0
taunts	27	0
teardrop	27	0
telepath	27	0
temptress	27	0
tennant	27	0
tentacle	27	0
tereza	27	0
terraces	27	0
thibault	27	0
thievery	27	0
thistle	27	0
thorndyke	27	0
thrace	27	0
thready	27	0
ticktock	27	0
tigh	27	0
tilting	27	0
tlc	27	0
tmz	27	0
togo	27	0
toiling	27	0
tomo	27	0
tonga	27	0
toodles	27	0
tooni	27	0
toph	27	0
torsten	27	0
tought	27	0
touker	27	0
townsfolk	27	0
toyed	27	0
trager	27	0
transcendent	27	0
transfusions	27	0
treadwell	27	0
trieste	27	0
trifecta	27	0
trojans	27	0
troma	27	0
truant	27	0
truffaut	27	0
trumped	27	0
tsuyoshi	27	0
tui	27	0
tumbleweed	27	0
tunis	27	0
tussle	27	0
typewriters	27	0
uc	27	0
udon	27	0
undamaged	27	0
unduly	27	0
unfeeling	27	0
unfolded	27	0
unhappily	27	0
unoccupied	27	0
unquestionably	27	0
upping	27	0
usman	27	0
uta	27	0
utilizing	27	0
vacationing	27	0
vaccinations	27	0
vaporize	27	0
vapors	27	0
varmint	27	0
vassals	27	0
vena	27	0
vespa	27	0
vig	27	0
vika	27	0
vindicated	27	0
virtuoso	27	0
vivre	27	0
vlado	27	0
vocational	27	0
voldemort	27	0
vole	27	0
wafer	27	0
waitressing	27	0
wal	27	0
walcott	27	0
walther	27	0
wannabes	27	0
warranted	27	0
waterways	27	0
waylon	27	0
weaklings	27	0
wean	27	0
weekday	27	0
weekdays	27	0
weirdoes	27	0
wejust	27	0
wetlands	27	0
whammy	27	0
wheelie	27	0
whisked	27	0
whitelighter	27	0
widening	27	0
wiggins	27	0
wilden	27	0
wilmington	27	0
winging	27	0
wisteria	27	0
witter	27	0
wolfblood	27	0
wolfman	27	0
wooded	27	0
woodman	27	0
worsen	27	0
wounding	27	0
wristband	27	0
wrongfully	27	0
yakov	27	0
yim	27	0
yowls	27	0
yuh	27	0
yutaka	27	0
zaki	27	0
zatoichi	27	0
zionist	27	0
zlotys	27	0
zooey	27	0
zoran	27	0
zz	27	0
academia	26	0
acclaim	26	0
accosted	26	0
accuser	26	0
acknowledgement	26	0
additionally	26	0
adjectives	26	0
adverts	26	0
afore	26	0
ahm	26	0
airhead	26	0
ajoke	26	0
ajussi	26	0
alabaster	26	0
alameda	26	0
alban	26	0
albrecht	26	0
alchemists	26	0
alcove	26	0
alessandra	26	0
aloysius	26	0
amadeus	26	0
amenable	26	0
amounted	26	0
amphibians	26	0
anamika	26	0
ansel	26	0
anspaugh	26	0
apparitions	26	0
appartment	26	0
appropriations	26	0
approving	26	0
arcane	26	0
archeological	26	0
arer	26	0
argentinian	26	0
aris	26	0
arlette	26	0
armament	26	0
armenia	26	0
arrakis	26	0
arrears	26	0
artisan	26	0
asinine	26	0
assertion	26	0
astrophysics	26	0
atherton	26	0
attaches	26	0
auguste	26	0
avarice	26	0
avram	26	0
ayaz	26	0
ayrton	26	0
ayse	26	0
ayukawa	26	0
azhar	26	0
babylonian	26	0
baccarat	26	0
backpacking	26	0
baited	26	0
bambino	26	0
bangle	26	0
banister	26	0
bansi	26	0
bari	26	0
barnacle	26	0
bateman	26	0
bax	26	0
bayon	26	0
beached	26	0
beanbag	26	0
beastie	26	0
beatrix	26	0
beckwith	26	0
bedspread	26	0
befallen	26	0
begat	26	0
beheld	26	0
behemoth	26	0
belladonna	26	0
bellhop	26	0
beltway	26	0
bengt	26	0
besotted	26	0
betts	26	0
bicep	26	0
bigamy	26	0
bigwig	26	0
bigwigs	26	0
bimbos	26	0
biohazard	26	0
biometric	26	0
birdman	26	0
bittu	26	0
blackberries	26	0
blacklist	26	0
blinders	26	0
blinks	26	0
blips	26	0
bloodsucker	26	0
blowed	26	0
blu	26	0
bluffs	26	0
blundering	26	0
blurted	26	0
bobs	26	0
bogo	26	0
bonsai	26	0
bonzo	26	0
bothwell	26	0
botswana	26	0
boycie	26	0
bradbury	26	0
breakups	26	0
breck	26	0
bringer	26	0
bulger	26	0
bullfight	26	0
burly	26	0
butchery	26	0
buttery	26	0
butthead	26	0
buttock	26	0
bygone	26	0
bypassed	26	0
cag	26	0
caiaphas	26	0
cakewalk	26	0
calico	26	0
calle	26	0
caltech	26	0
camembert	26	0
camorra	26	0
canberra	26	0
candyman	26	0
capo	26	0
caramba	26	0
carlene	26	0
carnivores	26	0
carsick	26	0
cashew	26	0
caster	26	0
catania	26	0
cava	26	0
cemil	26	0
censure	26	0
certifiable	26	0
charted	26	0
cheetos	26	0
chicky	26	0
chinook	26	0
choirs	26	0
choppy	26	0
christer	26	0
chugger	26	0
cistern	26	0
citations	26	0
claridge	26	0
clashed	26	0
clave	26	0
clearest	26	0
clements	26	0
cliffie	26	0
cloves	26	0
cockles	26	0
coerce	26	0
coeur	26	0
coitus	26	0
coles	26	0
colonization	26	0
comanches	26	0
commercially	26	0
commonality	26	0
compliant	26	0
complicating	26	0
concha	26	0
conchita	26	0
conked	26	0
connell	26	0
consoled	26	0
consorting	26	0
consuela	26	0
contaminating	26	0
contesting	26	0
contours	26	0
contributes	26	0
contributor	26	0
coq	26	0
corns	26	0
counterintelligence	26	0
cpd	26	0
cringe	26	0
crusts	26	0
cucaracha	26	0
curvy	26	0
cutlass	26	0
cuttlefish	26	0
cutty	26	0
cybernetic	26	0
danzig	26	0
darko	26	0
dateline	26	0
davros	26	0
dcp	26	0
dddd	26	0
decompress	26	0
deering	26	0
delbert	26	0
delfino	26	0
delorean	26	0
densha	26	0
deon	26	0
depository	26	0
derogatory	26	0
derry	26	0
devalos	26	0
dey	26	0
dickey	26	0
dicte	26	0
dike	26	0
dilaurentis	26	0
dillard	26	0
diphtheria	26	0
disadvantaged	26	0
disavow	26	0
disciplines	26	0
discounted	26	0
dispersal	26	0
diss	26	0
dissipate	26	0
diversify	26	0
divinely	26	0
dobby	26	0
donde	26	0
doreau	26	0
dorothea	26	0
doss	26	0
dostoyevsky	26	0
downloads	26	0
downriver	26	0
dreads	26	0
duan	26	0
dubbing	26	0
duc	26	0
duckie	26	0
dusseldorf	26	0
earner	26	0
earths	26	0
eastside	26	0
effing	26	0
ek	26	0
elba	26	0
eldon	26	0
electrolytes	26	0
ellsworth	26	0
eloquently	26	0
embarking	26	0
emigration	26	0
encephalitis	26	0
enhances	26	0
enquired	26	0
enthusiastically	26	0
enticed	26	0
entrusting	26	0
enveloped	26	0
erlich	26	0
espen	26	0
establishes	26	0
esu	26	0
etsuko	26	0
eucalyptus	26	0
eurgh	26	0
eurydice	26	0
ewe	26	0
ewings	26	0
exacting	26	0
excise	26	0
exhaustive	26	0
exported	26	0
extradited	26	0
fairview	26	0
faiths	26	0
fakir	26	0
fantastical	26	0
farage	26	0
fattest	26	0
fawning	26	0
fellers	26	0
filii	26	0
firth	26	0
fishman	26	0
fiske	26	0
flatly	26	0
flings	26	0
flopping	26	0
fluctuating	26	0
fluctuation	26	0
flunky	26	0
flutes	26	0
fogg	26	0
footpath	26	0
foresaw	26	0
forestry	26	0
forevermore	26	0
fortifications	26	0
fortuitous	26	0
foy	26	0
frailty	26	0
frills	26	0
froth	26	0
fruition	26	0
fueling	26	0
gai	26	0
gaiety	26	0
gambles	26	0
gamera	26	0
gannicus	26	0
garfunkel	26	0
gargling	26	0
gaspard	26	0
gauche	26	0
gazpacho	26	0
gcs	26	0
geet	26	0
genealogy	26	0
genny	26	0
gervase	26	0
gg	26	0
giancarlo	26	0
gilberto	26	0
gillies	26	0
gimmicks	26	0
ginette	26	0
giveth	26	0
glug	26	0
gord	26	0
goring	26	0
gotti	26	0
grander	26	0
grassland	26	0
greeley	26	0
greenhorn	26	0
gremlin	26	0
grimaldi	26	0
groundskeeper	26	0
grouping	26	0
guangdong	26	0
guardia	26	0
guff	26	0
gullet	26	0
guster	26	0
gusts	26	0
gwan	26	0
haggis	26	0
hajime	26	0
haleh	26	0
hallucinogenic	26	0
halter	26	0
hares	26	0
harnessing	26	0
harriman	26	0
hau	26	0
haveto	26	0
heartwarming	26	0
heineken	26	0
hereabouts	26	0
herein	26	0
herrick	26	0
hezbollah	26	0
hinault	26	0
hiroki	26	0
hitherto	26	0
holst	26	0
honoria	26	0
houseman	26	0
huffy	26	0
hulks	26	0
hullo	26	0
hunched	26	0
hungrier	26	0
hury	26	0
huxtable	26	0
icebergs	26	0
icicle	26	0
idleness	26	0
illuminati	26	0
illustrator	26	0
imitations	26	0
immobile	26	0
inbox	26	0
incited	26	0
incline	26	0
inclusion	26	0
incoherently	26	0
inconsequential	26	0
incursion	26	0
indecency	26	0
infects	26	0
inflexible	26	0
inheriting	26	0
injurious	26	0
inky	26	0
innumerable	26	0
instigate	26	0
insubordinate	26	0
interiors	26	0
intubated	26	0
inverness	26	0
iona	26	0
ips	26	0
irrigate	26	0
itfc	26	0
itsuki	26	0
jah	26	0
jaymes	26	0
jefferies	26	0
jeffery	26	0
jeffy	26	0
jemima	26	0
jenks	26	0
jervis	26	0
joann	26	0
jobe	26	0
joselito	26	0
jovan	26	0
joyfully	26	0
jule	26	0
junpyo	26	0
juri	26	0
justifying	26	0
kaga	26	0
kanako	26	0
kanda	26	0
kaneko	26	0
kasumi	26	0
kata	26	0
kazuya	26	0
kd	26	0
keno	26	0
kenzo	26	0
keynes	26	0
kickback	26	0
kilogram	26	0
kinte	26	0
kippur	26	0
kool	26	0
kotaro	26	0
krantz	26	0
krauss	26	0
krumitz	26	0
kuro	26	0
laguardia	26	0
lakeside	26	0
lalo	26	0
lamaze	26	0
larabee	26	0
lascivious	26	0
latour	26	0
latvia	26	0
lazybones	26	0
leeks	26	0
legalized	26	0
lemond	26	0
lennart	26	0
leveling	26	0
lifeguards	26	0
ligaments	26	0
lighters	26	0
lille	26	0
linguistic	26	0
lipo	26	0
loafing	26	0
loaning	26	0
locality	26	0
logistical	26	0
lopsided	26	0
lounging	26	0
lovelace	26	0
ludovic	26	0
lumen	26	0
lumpur	26	0
lyuba	26	0
machetes	26	0
maciste	26	0
maclean	26	0
maddalena	26	0
maeda	26	0
magnified	26	0
magnifique	26	0
maigret	26	0
maketh	26	0
makino	26	0
malady	26	0
mamacita	26	0
manda	26	0
mandi	26	0
manicurist	26	0
marietta	26	0
markov	26	0
marmaduke	26	0
maron	26	0
mattias	26	0
mcdowell	26	0
mcfly	26	0
meier	26	0
meiji	26	0
melly	26	0
mem	26	0
mentors	26	0
mercutio	26	0
messier	26	0
metcalfe	26	0
midwestern	26	0
mifflin	26	0
mig	26	0
mightier	26	0
mingo	26	0
miscommunication	26	0
misheard	26	0
mislaid	26	0
missis	26	0
mitchum	26	0
miyako	26	0
mobbed	26	0
modeling	26	0
moderator	26	0
modes	26	0
mogens	26	0
mol	26	0
moneybags	26	0
montauk	26	0
montezuma	26	0
morgenstern	26	0
morra	26	0
morticia	26	0
moti	26	0
motorized	26	0
mune	26	0
musn	26	0
mutilate	26	0
naboo	26	0
nagus	26	0
nakajima	26	0
nanobots	26	0
narcissus	26	0
nastiest	26	0
necking	26	0
neutered	26	0
newsreader	26	0
niall	26	0
niamh	26	0
nineties	26	0
nit	26	0
nobby	26	0
noni	26	0
nonprofit	26	0
nostra	26	0
notably	26	0
nourishing	26	0
nuances	26	0
obsidian	26	0
obstetrician	26	0
obtuse	26	0
occupations	26	0
occured	26	0
oddest	26	0
omit	26	0
omni	26	0
ope	26	0
opry	26	0
orally	26	0
organizes	26	0
orthodontist	26	0
ostentatious	26	0
outbreaks	26	0
outdo	26	0
overestimated	26	0
overstep	26	0
overwhelms	26	0
overwork	26	0
ozaki	26	0
painstaking	26	0
pall	26	0
pallet	26	0
pandering	26	0
papyrus	26	0
paragraphs	26	0
pathan	26	0
patmore	26	0
patronising	26	0
pawing	26	0
peephole	26	0
penned	26	0
peregrine	26	0
pericles	26	0
perpetually	26	0
pez	26	0
phillipe	26	0
phonies	26	0
photoshopped	26	0
pickers	26	0
pico	26	0
pidge	26	0
pinged	26	0
pinks	26	0
pinochet	26	0
pinpointed	26	0
pippin	26	0
pitkin	26	0
pituitary	26	0
placate	26	0
plainclothes	26	0
planck	26	0
plated	26	0
playboys	26	0
plumes	26	0
plundering	26	0
pneumatic	26	0
pollo	26	0
poochie	26	0
porte	26	0
portman	26	0
preaches	26	0
precursor	26	0
preface	26	0
preliminaries	26	0
premonitions	26	0
presuming	26	0
prevalent	26	0
pricing	26	0
prides	26	0
pritchett	26	0
prithvi	26	0
probed	26	0
profiled	26	0
prospecting	26	0
pursues	26	0
pushin	26	0
pushups	26	0
quakes	26	0
quarts	26	0
raki	26	0
ranga	26	0
rattlesnakes	26	0
ravage	26	0
rayanne	26	0
razed	26	0
readout	26	0
reaping	26	0
reassemble	26	0
recede	26	0
reconnected	26	0
recoup	26	0
redecorated	26	0
redesign	26	0
rediscovered	26	0
redress	26	0
reentry	26	0
reestablish	26	0
reflux	26	0
regalia	26	0
regulatory	26	0
reinvented	26	0
religiously	26	0
relocating	26	0
rember	26	0
remedial	26	0
replying	26	0
repossessed	26	0
repute	26	0
reread	26	0
resilience	26	0
restores	26	0
restrooms	26	0
resuming	26	0
retrospective	26	0
revenant	26	0
revising	26	0
revisions	26	0
reviving	26	0
revolted	26	0
rhapsody	26	0
rho	26	0
rhoades	26	0
ricotta	26	0
rifling	26	0
riga	26	0
rinds	26	0
rippling	26	0
roku	26	0
romanians	26	0
romanticism	26	0
roofing	26	0
roused	26	0
roxane	26	0
rubik	26	0
ryuji	26	0
sadhu	26	0
saeki	26	0
salah	26	0
salle	26	0
sallie	26	0
sampled	26	0
sanae	26	0
sandalwood	26	0
sascha	26	0
savagely	26	0
saverio	26	0
savin	26	0
savitar	26	0
scalding	26	0
scalped	26	0
scarborough	26	0
schindler	26	0
scottsdale	26	0
scrambler	26	0
sdu	26	0
seagal	26	0
seamless	26	0
sects	26	0
sekai	26	0
sept	26	0
serengeti	26	0
serfs	26	0
sexism	26	0
shad	26	0
shahir	26	0
shakers	26	0
sharkey	26	0
sharpshooter	26	0
shazam	26	0
shek	26	0
shii	26	0
shlomo	26	0
shortwave	26	0
showa	26	0
showmanship	26	0
shtick	26	0
shura	26	0
shweta	26	0
siao	26	0
silt	26	0
sine	26	0
sired	26	0
siro	26	0
sissi	26	0
sitar	26	0
sith	26	0
skated	26	0
skitters	26	0
skullion	26	0
sleepovers	26	0
slicker	26	0
slimming	26	0
slings	26	0
slough	26	0
slpowlcz	26	0
smee	26	0
smirking	26	0
snares	26	0
snatches	26	0
sniggers	26	0
soars	26	0
somme	26	0
sonogram	26	0
sourpuss	26	0
sovereigns	26	0
sowed	26	0
spangler	26	0
speculations	26	0
speedway	26	0
speer	26	0
spellbound	26	0
spiel	26	0
spirals	26	0
spliff	26	0
spoilsport	26	0
spokane	26	0
squats	26	0
stabilizer	26	0
standardized	26	0
stas	26	0
staunch	26	0
stealer	26	0
stefania	26	0
steppin	26	0
stewards	26	0
stifler	26	0
stocky	26	0
storey	26	0
struts	26	0
stubby	26	0
subsided	26	0
substantiate	26	0
substitutes	26	0
suburbia	26	0
sudanese	26	0
suge	26	0
sumi	26	0
suna	26	0
sunnydale	26	0
supercar	26	0
surpasses	26	0
surveyed	26	0
svensson	26	0
swinger	26	0
swordplay	26	0
symbolically	26	0
syntax	26	0
syrians	26	0
systemic	26	0
taboos	26	0
tabor	26	0
takings	26	0
talmud	26	0
tammi	26	0
tansy	26	0
tantalizing	26	0
tarantino	26	0
tartarus	26	0
taryn	26	0
tatsu	26	0
teague	26	0
technologically	26	0
teeger	26	0
teflon	26	0
telephoning	26	0
tem	26	0
teng	26	0
tessie	26	0
tetris	26	0
thackery	26	0
thence	26	0
theodora	26	0
thereabouts	26	0
thornhill	26	0
thr	26	0
tinkles	26	0
tippy	26	0
titi	26	0
tolerating	26	0
tonkin	26	0
trailed	26	0
transatlantic	26	0
transitional	26	0
translucent	26	0
treacle	26	0
triathlon	26	0
trousseau	26	0
truss	26	0
tsang	26	0
tsu	26	0
tugboat	26	0
turmeric	26	0
twinkies	26	0
tyrannical	26	0
ukip	26	0
unattached	26	0
unauthorised	26	0
unbeknownst	26	0
unburden	26	0
undercut	26	0
unequal	26	0
unger	26	0
unknowns	26	0
unleashing	26	0
unmasked	26	0
unmatched	26	0
unnie	26	0
unsightly	26	0
unsolicited	26	0
untapped	26	0
untested	26	0
unwed	26	0
upgrading	26	0
uppers	26	0
usted	26	0
usurp	26	0
valentines	26	0
validated	26	0
vamps	26	0
ventricular	26	0
verbs	26	0
verily	26	0
vik	26	0
vod	26	0
voiced	26	0
voorhees	26	0
wada	26	0
wafers	26	0
wags	26	0
waikiki	26	0
walling	26	0
warlocks	26	0
washburn	26	0
wedges	26	0
wel	26	0
weve	26	0
whitewash	26	0
whittle	26	0
wielded	26	0
wii	26	0
wintertime	26	0
winton	26	0
womanly	26	0
woodcock	26	0
woodhull	26	0
woodsman	26	0
wooly	26	0
workable	26	0
wotan	26	0
wreaking	26	0
wrigley	26	0
wugong	26	0
xmas	26	0
yael	26	0
yakking	26	0
yalta	26	0
yiu	26	0
yodeling	26	0
yoshino	26	0
yowling	26	0
yukari	26	0
yuna	26	0
zackary	26	0
zanuck	26	0
zanzibar	26	0
zealous	26	0
zeng	26	0
zenigata	26	0
zeno	26	0
zsa	26	0
abou	25	0
absentee	25	0
accidently	25	0
accompaniment	25	0
achille	25	0
actuality	25	0
adelina	25	0
adjustable	25	0
adlai	25	0
adrenal	25	0
affraid	25	0
agrippa	25	0
aimless	25	0
airlift	25	0
aksel	25	0
aleck	25	0
alphabetically	25	0
altruistic	25	0
amphetamine	25	0
anaheim	25	0
anatole	25	0
andrej	25	0
anguished	25	0
anker	25	0
annenberg	25	0
appendectomy	25	0
arafat	25	0
arby	25	0
arnett	25	0
arnott	25	0
aromatic	25	0
artful	25	0
artichokes	25	0
artsy	25	0
astrological	25	0
atypical	25	0
auditing	25	0
augustin	25	0
aunties	25	0
aurelius	25	0
autoimmune	25	0
averse	25	0
ayano	25	0
backlog	25	0
bacterium	25	0
bada	25	0
badri	25	0
bainbridge	25	0
baku	25	0
bal	25	0
balan	25	0
balling	25	0
ballpoint	25	0
barbarous	25	0
bareback	25	0
baruch	25	0
basanti	25	0
batches	25	0
beamer	25	0
beanstalk	25	0
beautician	25	0
begets	25	0
begum	25	0
beholder	25	0
beltran	25	0
beresford	25	0
bestie	25	0
besties	25	0
bewitching	25	0
bhayya	25	0
bilbao	25	0
blabbermouth	25	0
blaspheme	25	0
bleat	25	0
blesses	25	0
blissfully	25	0
blitzen	25	0
bloodless	25	0
bloodshot	25	0
bloomin	25	0
blotter	25	0
blt	25	0
boatswain	25	0
boba	25	0
bodacious	25	0
bodhi	25	0
boilers	25	0
bovine	25	0
brackenreid	25	0
breaching	25	0
breadwinner	25	0
breakaway	25	0
breastfeed	25	0
breathable	25	0
brexit	25	0
brezhnev	25	0
brokered	25	0
bronc	25	0
bronek	25	0
bruh	25	0
brunner	25	0
buckaroo	25	0
bucko	25	0
buffs	25	0
bugatti	25	0
bujji	25	0
bullwinkle	25	0
bungled	25	0
bunsen	25	0
bursar	25	0
butlers	25	0
byline	25	0
caesars	25	0
caiman	25	0
caliber	25	0
californian	25	0
camomile	25	0
camphor	25	0
capeside	25	0
caravaggio	25	0
carbide	25	0
carpal	25	0
casbah	25	0
castellano	25	0
catalogs	25	0
catalogued	25	0
ccs	25	0
cgi	25	0
chaff	25	0
chairwoman	25	0
channeled	25	0
chaperones	25	0
chappell	25	0
chard	25	0
chargers	25	0
charlatans	25	0
chattanooga	25	0
chaucer	25	0
checco	25	0
chesney	25	0
chianti	25	0
chickenpox	25	0
childcare	25	0
chorizo	25	0
christensen	25	0
christo	25	0
chrysalis	25	0
chui	25	0
claud	25	0
claymore	25	0
clearances	25	0
cleen	25	0
clicker	25	0
coincides	25	0
coli	25	0
collagen	25	0
collette	25	0
colonels	25	0
comedic	25	0
comming	25	0
commuters	25	0
competency	25	0
complainant	25	0
condominium	25	0
conductors	25	0
constrained	25	0
consuelo	25	0
contentious	25	0
contested	25	0
convincingly	25	0
cookout	25	0
coolie	25	0
cordoned	25	0
corrective	25	0
corroboration	25	0
corrupts	25	0
cortical	25	0
cortisone	25	0
corto	25	0
courtesans	25	0
covent	25	0
cpa	25	0
crackin	25	0
cranny	25	0
crit	25	0
criticised	25	0
croatoan	25	0
croix	25	0
crossings	25	0
crossroad	25	0
croydon	25	0
crump	25	0
cumbersome	25	0
curate	25	0
curtsy	25	0
curveball	25	0
cuse	25	0
customized	25	0
cutout	25	0
cyclists	25	0
dago	25	0
dagur	25	0
dahmer	25	0
danson	25	0
dany	25	0
darrel	25	0
daya	25	0
debby	25	0
debtor	25	0
declarations	25	0
deferred	25	0
deflected	25	0
degenerative	25	0
deliciously	25	0
dentistry	25	0
departures	25	0
derives	25	0
detours	25	0
developmental	25	0
devoting	25	0
dexterity	25	0
dg	25	0
dharam	25	0
dialects	25	0
dib	25	0
dicking	25	0
digesting	25	0
dilute	25	0
disadvantages	25	0
discotheque	25	0
disgustingly	25	0
displease	25	0
disregarded	25	0
dissed	25	0
dissidents	25	0
dissociative	25	0
ditte	25	0
dnr	25	0
dodds	25	0
domes	25	0
doogie	25	0
dor	25	0
doren	25	0
dorsal	25	0
doting	25	0
dowling	25	0
downsizing	25	0
downtrodden	25	0
dragnet	25	0
drawbacks	25	0
drifters	25	0
dru	25	0
dulce	25	0
dunder	25	0
dy	25	0
eagerness	25	0
eardrum	25	0
easel	25	0
economists	25	0
eggshell	25	0
egomaniac	25	0
egregious	25	0
ej	25	0
electrics	25	0
elif	25	0
emailing	25	0
embarrasses	25	0
eminem	25	0
empowerment	25	0
enchant	25	0
enchiladas	25	0
engel	25	0
enhancing	25	0
enquiring	25	0
enrolment	25	0
ensuing	25	0
enthralled	25	0
equip	25	0
erections	25	0
eroticism	25	0
escapades	25	0
eso	25	0
estas	25	0
estuary	25	0
evangelical	25	0
everton	25	0
exhumation	25	0
exorbitant	25	0
expunged	25	0
fain	25	0
faints	25	0
fairfield	25	0
farnum	25	0
farouk	25	0
farragut	25	0
farthing	25	0
feck	25	0
federales	25	0
feeney	25	0
ferrell	25	0
figueroa	25	0
finster	25	0
firmament	25	0
fisheries	25	0
flabbergasted	25	0
flicka	25	0
flighty	25	0
flocking	25	0
foggiest	25	0
fol	25	0
fondest	25	0
footballers	25	0
footloose	25	0
footy	25	0
foretell	25	0
forgetfulness	25	0
forked	25	0
fossilized	25	0
frakking	25	0
fraternizing	25	0
freckle	25	0
fredericks	25	0
freelancer	25	0
freshest	25	0
frond	25	0
frowns	25	0
fuchs	25	0
gaeta	25	0
gaffney	25	0
galu	25	0
gamboa	25	0
gandhiji	25	0
gangland	25	0
gardenia	25	0
gauges	25	0
gav	25	0
ger	25	0
gershwin	25	0
getty	25	0
gibbers	25	0
gila	25	0
glitches	25	0
goanna	25	0
golda	25	0
goldmine	25	0
goodly	25	0
googly	25	0
gorky	25	0
gott	25	0
gouged	25	0
gq	25	0
grafts	25	0
grainy	25	0
grapple	25	0
gratuitous	25	0
graysons	25	0
gripe	25	0
griselda	25	0
gromit	25	0
grubs	25	0
gummi	25	0
guttural	25	0
hackney	25	0
haifa	25	0
handel	25	0
handset	25	0
hangovers	25	0
hankering	25	0
harbors	25	0
hardsub	25	0
harpsichord	25	0
harsher	25	0
harshest	25	0
hatchback	25	0
hava	25	0
hayakawa	25	0
hecht	25	0
heera	25	0
heidelberg	25	0
heinie	25	0
heirlooms	25	0
heparin	25	0
herded	25	0
heroines	25	0
herrera	25	0
herzog	25	0
hesitates	25	0
hewlett	25	0
hibernating	25	0
hightail	25	0
highwayman	25	0
hindley	25	0
hiyah	25	0
hoagie	25	0
hoarder	25	0
hobos	25	0
homeboys	25	0
homemaker	25	0
horizontally	25	0
horner	25	0
hoshino	25	0
hotcakes	25	0
hotdogs	25	0
hotness	25	0
huggins	25	0
hughie	25	0
hydrochloric	25	0
hyperactive	25	0
hypotensive	25	0
iago	25	0
ibis	25	0
icarly	25	0
icebreaker	25	0
ichikawa	25	0
idolized	25	0
ifit	25	0
ignoramus	25	0
ikeda	25	0
imbued	25	0
impurities	25	0
inaugurate	25	0
incestuous	25	0
incorporating	25	0
indecision	25	0
indelible	25	0
indisputable	25	0
inhibited	25	0
injustices	25	0
inns	25	0
insiders	25	0
insipid	25	0
insurgency	25	0
intangible	25	0
intensify	25	0
intently	25	0
interpretations	25	0
irrevocable	25	0
itv	25	0
iu	25	0
ivanova	25	0
iwill	25	0
ix	25	0
jabber	25	0
jada	25	0
jaffe	25	0
jamila	25	0
jamuna	25	0
jaundice	25	0
jee	25	0
jermaine	25	0
jerries	25	0
jigen	25	0
jigger	25	0
jiggling	25	0
joie	25	0
joystick	25	0
juggernaut	25	0
justo	25	0
kadir	25	0
kailash	25	0
kaka	25	0
kaleb	25	0
kaleidoscope	25	0
kampf	25	0
kansai	25	0
karai	25	0
katniss	25	0
katsuragi	25	0
kearney	25	0
kearns	25	0
kennedys	25	0
kennels	25	0
keri	25	0
kerstin	25	0
khakis	25	0
khmer	25	0
kiara	25	0
kilimanjaro	25	0
kindle	25	0
kishen	25	0
kiyoko	25	0
kiyomi	25	0
knick	25	0
knightley	25	0
kno	25	0
kok	25	0
komodo	25	0
korey	25	0
krill	25	0
kuan	25	0
kuba	25	0
kundan	25	0
kuroki	25	0
kutty	25	0
kwong	25	0
kyosuke	25	0
labours	25	0
laker	25	0
lali	25	0
lally	25	0
lanky	25	0
laroche	25	0
latvian	25	0
lawlessness	25	0
layin	25	0
lees	25	0
legged	25	0
lemmings	25	0
lentil	25	0
lettie	25	0
levinson	25	0
levitate	25	0
lightest	25	0
likey	25	0
linderman	25	0
linn	25	0
littlefoot	25	0
lombardi	25	0
looped	25	0
lop	25	0
lowing	25	0
lunching	25	0
lupita	25	0
lurid	25	0
lv	25	0
lye	25	0
magnification	25	0
mahadev	25	0
majorca	25	0
malaga	25	0
malle	25	0
malli	25	0
mamoru	25	0
manchurian	25	0
manilow	25	0
mansour	25	0
marinara	25	0
marseillaise	25	0
martyred	25	0
marxism	25	0
massaged	25	0
mated	25	0
matlock	25	0
matriarch	25	0
mauve	25	0
maykel	25	0
mayors	25	0
mcbeal	25	0
mccloud	25	0
mcconnell	25	0
mccormack	25	0
mccready	25	0
mdma	25	0
mechanically	25	0
mediums	25	0
meetin	25	0
melba	25	0
mello	25	0
melodic	25	0
menagerie	25	0
menstruation	25	0
messina	25	0
meto	25	0
micha	25	0
microbe	25	0
milli	25	0
mingled	25	0
ministerial	25	0
misako	25	0
misato	25	0
miscellaneous	25	0
mishaps	25	0
mishka	25	0
mitigate	25	0
miyazaki	25	0
mortally	25	0
mos	25	0
mouna	25	0
mountbatten	25	0
mouthy	25	0
msg	25	0
muchacho	25	0
mucky	25	0
mus	25	0
mva	25	0
mythic	25	0
nadiya	25	0
nagisa	25	0
nakedness	25	0
nandhini	25	0
nanni	25	0
nanotechnology	25	0
napoli	25	0
narrower	25	0
naturalist	25	0
natures	25	0
nazim	25	0
nedra	25	0
negligee	25	0
negligible	25	0
neill	25	0
nena	25	0
newborns	25	0
niceties	25	0
nig	25	0
nighthawk	25	0
nihal	25	0
nika	25	0
nite	25	0
nobis	25	0
nobly	25	0
nobuko	25	0
noisily	25	0
nonchalant	25	0
nono	25	0
nord	25	0
nosebleeds	25	0
notarized	25	0
notation	25	0
notepad	25	0
noxious	25	0
oa	25	0
oaxaca	25	0
objecting	25	0
oe	25	0
ofelia	25	0
offing	25	0
ofhim	25	0
ofmy	25	0
ofthese	25	0
oho	25	0
okayed	25	0
oki	25	0
olya	25	0
olympian	25	0
ome	25	0
onur	25	0
opaque	25	0
openers	25	0
operandi	25	0
opiates	25	0
oppressor	25	0
oreos	25	0
orphanages	25	0
oryu	25	0
oss	25	0
otaku	25	0
outstretched	25	0
overcast	25	0
overdraft	25	0
overwrought	25	0
oxycontin	25	0
paintbrush	25	0
palais	25	0
pammy	25	0
panned	25	0
paperboy	25	0
paralytic	25	0
parris	25	0
pater	25	0
patted	25	0
pawnbroker	25	0
peanutbutter	25	0
peckham	25	0
peckish	25	0
peds	25	0
penitent	25	0
permissible	25	0
pernille	25	0
perpendicular	25	0
persecuting	25	0
persisted	25	0
personified	25	0
petrelli	25	0
petros	25	0
philipp	25	0
philo	25	0
phu	25	0
pinches	25	0
pindar	25	0
pixels	25	0
plaques	25	0
plata	25	0
pneumothorax	25	0
pocketed	25	0
polaris	25	0
polynesian	25	0
pont	25	0
ponyville	25	0
pootie	25	0
popo	25	0
portraying	25	0
positives	25	0
postpartum	25	0
postponement	25	0
potsdam	25	0
powerpoint	25	0
prabha	25	0
prancer	25	0
predestined	25	0
preferential	25	0
premeditation	25	0
priestly	25	0
primaries	25	0
principled	25	0
procurement	25	0
profited	25	0
programmers	25	0
promiscuity	25	0
promoters	25	0
prospectus	25	0
prostrate	25	0
proteus	25	0
protruding	25	0
pssh	25	0
puffin	25	0
punisher	25	0
punta	25	0
pursuant	25	0
purvis	25	0
pushpa	25	0
pyrenees	25	0
qa	25	0
qasim	25	0
quandary	25	0
quarks	25	0
quarrelled	25	0
questa	25	0
quintus	25	0
quitters	25	0
rafting	25	0
railings	25	0
rainforests	25	0
rakes	25	0
rakhi	25	0
ramblings	25	0
ranches	25	0
ranvir	25	0
raptors	25	0
rashad	25	0
ratan	25	0
raya	25	0
rdx	25	0
readin	25	0
recaptured	25	0
reclusive	25	0
redcoats	25	0
redefine	25	0
redoing	25	0
reeking	25	0
reevaluate	25	0
regretful	25	0
reiji	25	0
renaldo	25	0
rennie	25	0
repeal	25	0
repository	25	0
residences	25	0
retractor	25	0
reunification	25	0
rhetta	25	0
riser	25	0
roanoke	25	0
roarke	25	0
robins	25	0
rodman	25	0
rollercoaster	25	0
roque	25	0
rosalia	25	0
roshni	25	0
rossini	25	0
rotated	25	0
rothman	25	0
rowdies	25	0
rudra	25	0
rumi	25	0
runabout	25	0
sachi	25	0
saeko	25	0
saladin	25	0
salter	25	0
salutation	25	0
sano	25	0
saps	25	0
sauron	25	0
sawada	25	0
sayaka	25	0
schizo	25	0
schoolchildren	25	0
schumacher	25	0
sciatica	25	0
scrapping	25	0
seconded	25	0
seki	25	0
selections	25	0
sentinels	25	0
sequencing	25	0
serling	25	0
sexton	25	0
sgc	25	0
shacks	25	0
shapely	25	0
sharpener	25	0
shastri	25	0
shaven	25	0
shepherdess	25	0
sheraton	25	0
sherpa	25	0
shiina	25	0
shingle	25	0
shinigami	25	0
shinsengumi	25	0
shipshape	25	0
shipyards	25	0
shirou	25	0
shitfaced	25	0
shoplifter	25	0
shrines	25	0
shuichi	25	0
sickest	25	0
silliest	25	0
siree	25	0
skunks	25	0
sleepwalker	25	0
sloshed	25	0
slovenia	25	0
smartly	25	0
smearing	25	0
snatchers	25	0
snobby	25	0
snog	25	0
snorted	25	0
sofas	25	0
softening	25	0
soldiering	25	0
solovyov	25	0
somers	25	0
soong	25	0
southside	25	0
southwestern	25	0
speedster	25	0
sprawling	25	0
squires	25	0
staining	25	0
stanislav	25	0
starbase	25	0
stewardesses	25	0
stiffed	25	0
stockwell	25	0
stooped	25	0
storks	25	0
storyline	25	0
stottlemeyer	25	0
straighter	25	0
strindberg	25	0
studded	25	0
subhash	25	0
subsides	25	0
successors	25	0
suds	25	0
sumatra	25	0
sunaina	25	0
sunblock	25	0
sundial	25	0
suss	25	0
svr	25	0
swabbed	25	0
swank	25	0
swarmed	25	0
swimsuits	25	0
symbiotic	25	0
synthesized	25	0
taichi	25	0
taiga	25	0
tailoring	25	0
takada	25	0
takao	25	0
tarn	25	0
taru	25	0
taster	25	0
teat	25	0
teatime	25	0
tees	25	0
telecommunications	25	0
teleported	25	0
tendulkar	25	0
tenfold	25	0
terran	25	0
terre	25	0
testicular	25	0
texans	25	0
thorax	25	0
throng	25	0
throwback	25	0
tinfoil	25	0
tituba	25	0
tk	25	0
todos	25	0
toiletries	25	0
tomans	25	0
tombstones	25	0
tonics	25	0
topsy	25	0
toros	25	0
totalitarian	25	0
toyo	25	0
tradesman	25	0
transformations	25	0
transitioning	25	0
transitions	25	0
transmutation	25	0
traumatised	25	0
traveler	25	0
treatise	25	0
trekking	25	0
tribesmen	25	0
tricorder	25	0
troubadour	25	0
truro	25	0
tumultuous	25	0
twinge	25	0
ueo	25	0
uhhuh	25	0
ulna	25	0
undeniably	25	0
underbelly	25	0
underline	25	0
underlings	25	0
undermines	25	0
understated	25	0
undertakers	25	0
undertook	25	0
unifying	25	0
uninhabitable	25	0
unsanitary	25	0
unsatisfactory	25	0
unscrew	25	0
unsteady	25	0
untangle	25	0
unwarranted	25	0
unzipping	25	0
uprooted	25	0
urinary	25	0
usin	25	0
usurped	25	0
uterine	25	0
utopian	25	0
varga	25	0
vegetative	25	0
verifying	25	0
vigour	25	0
violeta	25	0
vitro	25	0
vitya	25	0
votre	25	0
vuk	25	0
waddle	25	0
waldemar	25	0
wataru	25	0
watashi	25	0
weeding	25	0
weirded	25	0
welling	25	0
westbrook	25	0
whimsy	25	0
whiteside	25	0
wich	25	0
wilkerson	25	0
wiltshire	25	0
windbag	25	0
windermere	25	0
withdraws	25	0
wobbling	25	0
worrisome	25	0
worthing	25	0
wrangler	25	0
yahtzee	25	0
yaman	25	0
yann	25	0
yeltsin	25	0
yeses	25	0
yossi	25	0
youssef	25	0
yuletide	25	0
zachariah	25	0
zale	25	0
zhenya	25	0
zippers	25	0
zoned	25	0
abacus	24	0
abrasion	24	0
absences	24	0
acacia	24	0
academically	24	0
acquaint	24	0
actionable	24	0
activism	24	0
adage	24	0
adamson	24	0
adelle	24	0
aden	24	0
aerodynamics	24	0
agitate	24	0
agostino	24	0
aino	24	0
akagi	24	0
aldridge	24	0
alleging	24	0
alles	24	0
altruism	24	0
alyson	24	0
amane	24	0
ambivalent	24	0
analyses	24	0
analyzer	24	0
anatomically	24	0
annas	24	0
anorexia	24	0
antioch	24	0
apathetic	24	0
appraised	24	0
aptly	24	0
archdiocese	24	0
arianna	24	0
artoo	24	0
aryans	24	0
asante	24	0
aspirins	24	0
assemblyman	24	0
assists	24	0
astonish	24	0
asystole	24	0
athenians	24	0
atrophy	24	0
augh	24	0
authoritarian	24	0
aux	24	0
avalor	24	0
ayatollah	24	0
bagi	24	0
bagpipe	24	0
bandwagon	24	0
bandwidth	24	0
banyan	24	0
barbarism	24	0
barca	24	0
bastian	24	0
batou	24	0
batsman	24	0
baylin	24	0
beatin	24	0
bedchamber	24	0
benefactors	24	0
benghazi	24	0
bento	24	0
bernays	24	0
bffs	24	0
biddle	24	0
bindu	24	0
blaise	24	0
blindside	24	0
blinker	24	0
bloodiest	24	0
bloodlust	24	0
bloomer	24	0
blouses	24	0
blowhard	24	0
bolero	24	0
bolly	24	0
bondsman	24	0
boners	24	0
boney	24	0
booed	24	0
borrows	24	0
bosworth	24	0
bournemouth	24	0
breathalyzer	24	0
bridgeport	24	0
brigands	24	0
brill	24	0
broadband	24	0
brrr	24	0
bt	24	0
bubber	24	0
buggin	24	0
bugler	24	0
burley	24	0
burrowing	24	0
busters	24	0
byul	24	0
cabby	24	0
cabeza	24	0
caesarean	24	0
caf	24	0
cafferty	24	0
calabria	24	0
calmness	24	0
camilo	24	0
campbells	24	0
canons	24	0
canvassed	24	0
capacitor	24	0
capua	24	0
carer	24	0
caretakers	24	0
carlota	24	0
carmody	24	0
carrillo	24	0
carta	24	0
cartagena	24	0
cartwheels	24	0
cathartic	24	0
cedars	24	0
censors	24	0
centrifuge	24	0
cereals	24	0
chaise	24	0
chalkboard	24	0
chanda	24	0
chapera	24	0
charting	24	0
chasers	24	0
chatham	24	0
chinna	24	0
chirag	24	0
choosers	24	0
chortles	24	0
chortling	24	0
chotu	24	0
christiane	24	0
citroen	24	0
clanton	24	0
clove	24	0
coddle	24	0
collegiate	24	0
collider	24	0
colonize	24	0
colonized	24	0
columbine	24	0
combustible	24	0
commode	24	0
complexities	24	0
complied	24	0
concealment	24	0
concetta	24	0
concourse	24	0
condensation	24	0
conformity	24	0
congregate	24	0
conklin	24	0
construed	24	0
contour	24	0
contraceptive	24	0
contributors	24	0
conversational	24	0
corby	24	0
corfu	24	0
cori	24	0
corroded	24	0
cortes	24	0
crewe	24	0
crier	24	0
crispin	24	0
criticisms	24	0
cru	24	0
cruelest	24	0
cryogenic	24	0
culpable	24	0
cuttin	24	0
dabbled	24	0
danno	24	0
dasher	24	0
dass	24	0
db	24	0
deadwood	24	0
dearth	24	0
deauville	24	0
decrypt	24	0
deidre	24	0
denby	24	0
depresses	24	0
desiring	24	0
despondent	24	0
deutsche	24	0
devonshire	24	0
dewar	24	0
dicaprio	24	0
dilapidated	24	0
dilithium	24	0
dionne	24	0
dipstick	24	0
disagreeing	24	0
disembodied	24	0
disheartened	24	0
disintegrating	24	0
disinterested	24	0
dislocation	24	0
dismayed	24	0
dispensation	24	0
disservice	24	0
dissident	24	0
dissing	24	0
dissipated	24	0
distinctions	24	0
distorting	24	0
distortions	24	0
distorts	24	0
divisional	24	0
dm	24	0
doakes	24	0
dobie	24	0
dorchester	24	0
dragoon	24	0
drainpipe	24	0
dressings	24	0
drumbeat	24	0
drunker	24	0
dumbbell	24	0
dumpy	24	0
eamon	24	0
ect	24	0
eeh	24	0
elation	24	0
eldorado	24	0
elicit	24	0
elina	24	0
ello	24	0
elodie	24	0
eludes	24	0
embarassing	24	0
emoji	24	0
enamored	24	0
enlisting	24	0
ensued	24	0
entanglement	24	0
entitles	24	0
entrepreneurial	24	0
enys	24	0
ephemeral	24	0
epoch	24	0
equate	24	0
equestria	24	0
erol	24	0
erskine	24	0
escapee	24	0
esha	24	0
ess	24	0
estrada	24	0
euclid	24	0
everypony	24	0
evian	24	0
exaggerates	24	0
execs	24	0
exponential	24	0
exuberant	24	0
ez	24	0
ezequiel	24	0
fabri	24	0
fairway	24	0
fallback	24	0
fannie	24	0
faring	24	0
fashionably	24	0
felsham	24	0
ferenc	24	0
fiber	24	0
fifa	24	0
figgis	24	0
finery	24	0
firewalls	24	0
firmer	24	0
firsts	24	0
fistfight	24	0
flagstaff	24	0
flatlining	24	0
flavius	24	0
fleabag	24	0
flit	24	0
floki	24	0
floodgates	24	0
flourishes	24	0
foreclose	24	0
foreheads	24	0
fostered	24	0
frampton	24	0
frankel	24	0
freebies	24	0
freeloader	24	0
fremen	24	0
friars	24	0
fridges	24	0
friendless	24	0
frittata	24	0
frolicking	24	0
fronting	24	0
fructose	24	0
fujita	24	0
fujiwara	24	0
fulfills	24	0
fungal	24	0
gaggle	24	0
galina	24	0
gammy	24	0
gamora	24	0
gangbangers	24	0
gaucho	24	0
gekko	24	0
georgiana	24	0
gerrard	24	0
gie	24	0
ginormous	24	0
gipsy	24	0
gleb	24	0
gnat	24	0
gobber	24	0
gobbled	24	0
godiva	24	0
godlike	24	0
godparents	24	0
goh	24	0
golfers	24	0
gooks	24	0
gooseberry	24	0
gottlieb	24	0
gowri	24	0
grannies	24	0
graphite	24	0
grassroots	24	0
gratefully	24	0
gremlins	24	0
griping	24	0
grizzlies	24	0
grounder	24	0
grunge	24	0
guardhouse	24	0
guerre	24	0
gumption	24	0
gunslinger	24	0
gyms	24	0
haider	24	0
hairdressing	24	0
hajj	24	0
halfwit	24	0
hammersmith	24	0
handmaiden	24	0
hankie	24	0
harbin	24	0
harman	24	0
harrods	24	0
harvests	24	0
hayride	24	0
hays	24	0
headfirst	24	0
headliner	24	0
headshot	24	0
heeds	24	0
helge	24	0
hemorrhagic	24	0
hemorrhoid	24	0
hendrik	24	0
herder	24	0
hereford	24	0
hibbert	24	0
hibiscus	24	0
highlanders	24	0
hoedown	24	0
hollandaise	24	0
homegrown	24	0
homeward	24	0
homophobia	24	0
honeysuckle	24	0
hopscotch	24	0
hrs	24	0
huevos	24	0
hummel	24	0
hunahpu	24	0
hyeok	24	0
ideologies	24	0
ifi	24	0
iguanas	24	0
illustrates	24	0
imitated	24	0
impairment	24	0
impatiently	24	0
impregnate	24	0
impropriety	24	0
inaugurated	24	0
incidence	24	0
indiscriminate	24	0
indiscriminately	24	0
inducing	24	0
inedible	24	0
infomercial	24	0
ingrained	24	0
inscrutable	24	0
intercepting	24	0
intercepts	24	0
interdimensional	24	0
interracial	24	0
intracranial	24	0
ioved	24	0
irvine	24	0
isaacs	24	0
isadora	24	0
izu	24	0
jacquie	24	0
jammies	24	0
jani	24	0
japp	24	0
jasmin	24	0
jawbone	24	0
jaywalking	24	0
jaz	24	0
jazzed	24	0
jewelers	24	0
jiggy	24	0
jochen	24	0
johnno	24	0
jotaro	24	0
jousting	24	0
juiced	24	0
juicer	24	0
jujitsu	24	0
julienne	24	0
juni	24	0
justices	24	0
kamp	24	0
kandi	24	0
karenina	24	0
kasuga	24	0
kayne	24	0
kazoo	24	0
kell	24	0
kenner	24	0
keppler	24	0
kerouac	24	0
keychain	24	0
kilgore	24	0
kilgrave	24	0
kimberley	24	0
kizzy	24	0
kjeld	24	0
kleiss	24	0
korn	24	0
krause	24	0
kray	24	0
krieg	24	0
krupa	24	0
kui	24	0
ky	24	0
laetitia	24	0
lafferty	24	0
lafitte	24	0
lapis	24	0
lasses	24	0
laters	24	0
laz	24	0
lebowski	24	0
lecher	24	0
legate	24	0
leggings	24	0
leto	24	0
levity	24	0
liaise	24	0
liana	24	0
liberia	24	0
libertine	24	0
libre	24	0
lifes	24	0
lightheaded	24	0
liliane	24	0
locksley	24	0
lodges	24	0
lonny	24	0
lookouts	24	0
lorie	24	0
lox	24	0
lullabies	24	0
luxor	24	0
macey	24	0
machi	24	0
machin	24	0
madhavi	24	0
magus	24	0
mahalo	24	0
maj	24	0
majoring	24	0
malfunctions	24	0
malini	24	0
malnourished	24	0
mamba	24	0
mame	24	0
manabu	24	0
manatee	24	0
mandar	24	0
manliness	24	0
manmade	24	0
mannerisms	24	0
manni	24	0
marchetti	24	0
marg	24	0
marionette	24	0
marit	24	0
marksmanship	24	0
marlott	24	0
masse	24	0
mastodon	24	0
matchbook	24	0
mattia	24	0
maybelle	24	0
meaden	24	0
medicaid	24	0
melanoma	24	0
melman	24	0
memsahib	24	0
mendelssohn	24	0
mesdames	24	0
meteorological	24	0
mhmm	24	0
millennial	24	0
millers	24	0
milling	24	0
mimosas	24	0
minted	24	0
misdirection	24	0
misinformation	24	0
mk	24	0
moffat	24	0
molesley	24	0
mops	24	0
mot	24	0
motivator	24	0
motorist	24	0
mourns	24	0
muchachos	24	0
muerte	24	0
mulatto	24	0
multitasking	24	0
mumbled	24	0
muruga	24	0
muses	24	0
muzak	24	0
nakagawa	24	0
nang	24	0
nanjing	24	0
natsuko	24	0
neiman	24	0
neolithic	24	0
neri	24	0
netting	24	0
nettle	24	0
nicolai	24	0
nietzscheans	24	0
nin	24	0
noam	24	0
nodos	24	0
nomura	24	0
nonna	24	0
normalcy	24	0
novices	24	0
npr	24	0
nubian	24	0
nunez	24	0
ochoa	24	0
ocular	24	0
ofthose	24	0
ogawa	24	0
omnitrix	24	0
ondina	24	0
opiate	24	0
orbs	24	0
org	24	0
organically	24	0
organizational	24	0
originating	24	0
ostracized	24	0
outings	24	0
overdrawn	24	0
overlay	24	0
overlords	24	0
overrule	24	0
overtook	24	0
owari	24	0
ozawa	24	0
pacheco	24	0
panning	24	0
paperback	24	0
parlay	24	0
pascual	24	0
passageways	24	0
patchwork	24	0
patriarchal	24	0
pedaling	24	0
pele	24	0
pell	24	0
pembleton	24	0
penrose	24	0
pepa	24	0
pepito	24	0
perdition	24	0
perennial	24	0
perfecto	24	0
persephone	24	0
petitioned	24	0
petulant	24	0
philanthropy	24	0
pickpockets	24	0
piecing	24	0
pimpernel	24	0
pinata	24	0
piney	24	0
pippo	24	0
pitting	24	0
platitudes	24	0
playgrounds	24	0
plunges	24	0
poindexter	24	0
poisoner	24	0
pontus	24	0
positivity	24	0
posthumous	24	0
postwar	24	0
pothead	24	0
pouty	24	0
precedents	24	0
prego	24	0
preppy	24	0
prez	24	0
pried	24	0
proclaims	24	0
profiting	24	0
prominence	24	0
pronouncing	24	0
prophesied	24	0
prophesy	24	0
prospered	24	0
prost	24	0
providers	24	0
provolone	24	0
punctures	24	0
queues	24	0
quinoa	24	0
quotations	24	0
rabin	24	0
racecar	24	0
rackham	24	0
raman	24	0
rampaging	24	0
ramparts	24	0
rangoon	24	0
ranveer	24	0
ratios	24	0
rawls	24	0
realisation	24	0
reapers	24	0
reassignment	24	0
rebuke	24	0
recompense	24	0
reconfigure	24	0
recuse	24	0
redirected	24	0
refining	24	0
reflector	24	0
reforming	24	0
regimes	24	0
regretfully	24	0
reichstag	24	0
remorseful	24	0
reorganize	24	0
repainted	24	0
representations	24	0
reprisal	24	0
reproducing	24	0
rescinded	24	0
researches	24	0
resurfaced	24	0
revolved	24	0
reynard	24	0
riddick	24	0
rimbaud	24	0
rind	24	0
riordan	24	0
riva	24	0
riverboat	24	0
rivets	24	0
rolfe	24	0
rolodex	24	0
romantics	24	0
romek	24	0
ronson	24	0
rosey	24	0
roslin	24	0
roslyn	24	0
rout	24	0
rubio	24	0
runkle	24	0
russkies	24	0
ryuzaki	24	0
sabe	24	0
sagan	24	0
sakurai	24	0
salmoneus	24	0
saloons	24	0
sandler	24	0
sandor	24	0
sapphires	24	0
sars	24	0
saudis	24	0
sceptre	24	0
schillinger	24	0
schoolboys	24	0
scimitar	24	0
scintillating	24	0
scooping	24	0
scrimmage	24	0
sdl	24	0
seabirds	24	0
seduces	24	0
seedlings	24	0
seesaw	24	0
seimei	24	0
sema	24	0
seng	24	0
septum	24	0
serendipity	24	0
serf	24	0
sergeyevich	24	0
serials	24	0
serpentine	24	0
shado	24	0
shahrukh	24	0
shal	24	0
shavings	24	0
sheung	24	0
shinin	24	0
shinnosuke	24	0
shintaro	24	0
shiori	24	0
shirl	24	0
shithouse	24	0
shobha	24	0
shoko	24	0
shortsighted	24	0
shoves	24	0
shrooms	24	0
shrunken	24	0
sickened	24	0
signalling	24	0
sirena	24	0
skiff	24	0
skinning	24	0
slackers	24	0
slandered	24	0
slappy	24	0
slayed	24	0
slither	24	0
smidge	24	0
smurfette	24	0
snart	24	0
snell	24	0
sniping	24	0
snooki	24	0
snub	24	0
socked	24	0
softener	24	0
soos	24	0
soppy	24	0
sorbet	24	0
sosuhno	24	0
southland	24	0
soybean	24	0
spire	24	0
spool	24	0
sporadic	24	0
spreadsheet	24	0
spurred	24	0
stamford	24	0
stannis	24	0
stave	24	0
stefani	24	0
stephenson	24	0
stine	24	0
stinson	24	0
stirrups	24	0
strangles	24	0
striations	24	0
stringy	24	0
strolled	24	0
strumpet	24	0
subsection	24	0
sullied	24	0
supercharged	24	0
supermodels	24	0
surrogacy	24	0
surrogates	24	0
suvs	24	0
suzan	24	0
sweetener	24	0
swindlers	24	0
swooping	24	0
symptomatic	24	0
synapses	24	0
synthesize	24	0
tachyon	24	0
tactile	24	0
tactless	24	0
tamaki	24	0
tamar	24	0
tannen	24	0
tantric	24	0
tarnation	24	0
tarry	24	0
tastier	24	0
tattletale	24	0
taunted	24	0
tbe	24	0
telekinesis	24	0
telepaths	24	0
telethon	24	0
tempus	24	0
tenders	24	0
tengo	24	0
tennison	24	0
testimonial	24	0
theorist	24	0
thermite	24	0
thoracotomy	24	0
threesomes	24	0
thule	24	0
thunderbirds	24	0
tianjin	24	0
timmons	24	0
tine	24	0
tiner	24	0
tinkerbell	24	0
tinned	24	0
tivoli	24	0
toa	24	0
toboni	24	0
toho	24	0
tojo	24	0
tomlin	24	0
toned	24	0
towler	24	0
transporters	24	0
treetops	24	0
tribbiani	24	0
tribulations	24	0
triffids	24	0
trotters	24	0
tsing	24	0
tsunamis	24	0
tumbler	24	0
turgut	24	0
turncoat	24	0
tuscan	24	0
tutored	24	0
twa	24	0
tweaks	24	0
twerk	24	0
tyrol	24	0
udo	24	0
ump	24	0
unchallenged	24	0
unconscionable	24	0
underdeveloped	24	0
undersigned	24	0
unfettered	24	0
unplanned	24	0
unsubstantiated	24	0
unsung	24	0
usain	24	0
ushers	24	0
ute	24	0
valdemar	24	0
valerio	24	0
valmont	24	0
vanda	24	0
vassar	24	0
vato	24	0
velu	24	0
venkat	24	0
vernacular	24	0
veronique	24	0
vervain	24	0
vinicius	24	0
viren	24	0
visconti	24	0
visibly	24	0
vr	24	0
vuitton	24	0
wainthropp	24	0
waistband	24	0
waldron	24	0
walkies	24	0
waltzes	24	0
warlike	24	0
wastebasket	24	0
watchmen	24	0
wayside	24	0
weaves	24	0
weimar	24	0
weinstein	24	0
westmoreland	24	0
whaa	24	0
whacks	24	0
whe	24	0
whir	24	0
whoopsie	24	0
wight	24	0
wile	24	0
wilted	24	0
winterfell	24	0
witless	24	0
woodchuck	24	0
wooo	24	0
workday	24	0
worsening	24	0
wort	24	0
wreaths	24	0
xenia	24	0
xindi	24	0
xuan	24	0
yammering	24	0
yardley	24	0
yourwife	24	0
yrs	24	0
yule	24	0
zahra	24	0
zaius	24	0
zealots	24	0
zits	24	0
zs	24	0
abaddon	23	0
abreast	23	0
acetone	23	0
achoo	23	0
aclu	23	0
acropolis	23	0
acs	23	0
acumen	23	0
acutely	23	0
adhd	23	0
aegean	23	0
affiliate	23	0
agitator	23	0
ahjusshi	23	0
airbags	23	0
albin	23	0
albion	23	0
alena	23	0
alexey	23	0
alienating	23	0
allegory	23	0
alum	23	0
amateurish	23	0
amicably	23	0
amniotic	23	0
amphibian	23	0
ams	23	0
anchorman	23	0
ane	23	0
angelika	23	0
anglican	23	0
animators	23	0
aperture	23	0
appendage	23	0
arang	23	0
aras	23	0
arcades	23	0
archeologists	23	0
argon	23	0
arisa	23	0
arliss	23	0
armoire	23	0
artefact	23	0
artistically	23	0
ascetic	23	0
asserting	23	0
assessments	23	0
assessor	23	0
assuring	23	0
authorise	23	0
autolycus	23	0
automation	23	0
awa	23	0
babi	23	0
babuji	23	0
bac	23	0
balaclava	23	0
ballerinas	23	0
balsamic	23	0
bandy	23	0
banquets	23	0
baubles	23	0
bawl	23	0
beate	23	0
beetroot	23	0
befell	23	0
belarus	23	0
believeth	23	0
belles	23	0
belted	23	0
bended	23	0
berets	23	0
berkowitz	23	0
berm	23	0
bernardino	23	0
berserker	23	0
beset	23	0
betterthan	23	0
beulah	23	0
bianco	23	0
bilingual	23	0
bix	23	0
blanked	23	0
blathering	23	0
blighter	23	0
blindfolds	23	0
blobs	23	0
bloggers	23	0
bloodhounds	23	0
bloodlines	23	0
bloodstain	23	0
bloomers	23	0
bloomingdale	23	0
blunders	23	0
blushed	23	0
bodice	23	0
bogie	23	0
bombardier	23	0
bookmaker	23	0
bookman	23	0
boonies	23	0
bork	23	0
boson	23	0
bouillabaisse	23	0
boxcar	23	0
bozxphd	23	0
braided	23	0
branco	23	0
braveheart	23	0
brawls	23	0
brecht	23	0
briana	23	0
bristles	23	0
broadly	23	0
broner	23	0
bruner	23	0
bubby	23	0
buckwheat	23	0
bulgarians	23	0
bulimic	23	0
bullfighting	23	0
bunchy	23	0
bungalows	23	0
buoys	23	0
butted	23	0
buttering	23	0
butterworth	23	0
byproduct	23	0
cackle	23	0
caddie	23	0
cadre	23	0
caffee	23	0
caliente	23	0
cammie	23	0
canteens	23	0
capacities	23	0
capsized	23	0
carbonate	23	0
caskets	23	0
cassock	23	0
catarella	23	0
cellist	23	0
centers	23	0
cerberus	23	0
ceren	23	0
cf	23	0
chakras	23	0
chancellery	23	0
chapo	23	0
chauncey	23	0
chazz	23	0
ches	23	0
chesterfield	23	0
chieko	23	0
chillax	23	0
chitra	23	0
chitters	23	0
chiyo	23	0
chock	23	0
chunhyang	23	0
chuny	23	0
circumvent	23	0
circuses	23	0
clamor	23	0
cletus	23	0
cliches	23	0
cline	23	0
clubbed	23	0
clunking	23	0
cockatoo	23	0
coexistence	23	0
coffey	23	0
cohorts	23	0
coincided	23	0
collaborative	23	0
combative	23	0
conceals	23	0
conceded	23	0
confrontational	23	0
conjoined	23	0
conman	23	0
consoles	23	0
consultations	23	0
contra	23	0
coped	23	0
corks	23	0
corsican	23	0
cort	23	0
cosmonaut	23	0
cpu	23	0
cravat	23	0
craw	23	0
creditor	23	0
credo	23	0
cretaceous	23	0
crimp	23	0
crips	23	0
cristian	23	0
criticize	23	0
crosswalk	23	0
crumpet	23	0
dabney	23	0
daegil	23	0
daimyo	23	0
danbury	23	0
danica	23	0
darlington	23	0
dartie	23	0
davos	23	0
deadbeats	23	0
deano	23	0
debriefed	23	0
decimate	23	0
deciphering	23	0
decryption	23	0
deems	23	0
deepu	23	0
demerol	23	0
denomination	23	0
denouncing	23	0
densely	23	0
detaining	23	0
deviled	23	0
devore	23	0
diazepam	23	0
diddly	23	0
dido	23	0
digress	23	0
disabling	23	0
disarmament	23	0
disassemble	23	0
discriminating	23	0
disengaged	23	0
dishing	23	0
dismissive	23	0
dispatching	23	0
dispensing	23	0
disreputable	23	0
disused	23	0
dividend	23	0
divination	23	0
dixit	23	0
dodie	23	0
domo	23	0
dongshi	23	0
doornail	23	0
doran	23	0
dosh	23	0
doughboy	23	0
dozy	23	0
drei	23	0
dripped	23	0
duckburg	23	0
dudu	23	0
duffle	23	0
duluth	23	0
dunking	23	0
dwellings	23	0
ead	23	0
earls	23	0
eases	23	0
eatery	23	0
ecclesiastical	23	0
eddington	23	0
eek	23	0
eenie	23	0
eerily	23	0
effy	23	0
eisenstein	23	0
electorate	23	0
electrically	23	0
elektra	23	0
elizabethan	23	0
ellington	23	0
elon	23	0
embellish	23	0
empathetic	23	0
emu	23	0
encircled	23	0
endicott	23	0
enormity	23	0
entre	23	0
environmentalist	23	0
environmentalists	23	0
eriksen	23	0
escapees	23	0
ethnicity	23	0
eventuality	23	0
evert	23	0
everyman	23	0
evi	23	0
evocative	23	0
evokes	23	0
examiners	23	0
examines	23	0
excursions	23	0
expedient	23	0
exquisitely	23	0
extorting	23	0
exuberance	23	0
exxon	23	0
eyeballing	23	0
fabulously	23	0
facets	23	0
faeces	23	0
fallow	23	0
familiarize	23	0
fancier	23	0
fantozzi	23	0
fared	23	0
faro	23	0
fateh	23	0
fathead	23	0
fawkes	23	0
feigning	23	0
fellatio	23	0
ferb	23	0
ferrer	23	0
fibrosis	23	0
filings	23	0
fillory	23	0
filtration	23	0
finnerty	23	0
firebird	23	0
fireproof	23	0
fireside	23	0
fishmonger	23	0
fitzy	23	0
flaccid	23	0
flail	23	0
flaked	23	0
fleck	23	0
flecks	23	0
fleury	23	0
flocked	23	0
flyover	23	0
formative	23	0
fortuna	23	0
franchises	23	0
frans	23	0
frederico	23	0
friendlies	23	0
frizzy	23	0
fujii	23	0
furlong	23	0
gabbing	23	0
gam	23	0
garson	23	0
gauss	23	0
gemstone	23	0
geno	23	0
geppetto	23	0
gerrit	23	0
gibbon	23	0
gilou	23	0
gioia	23	0
gisela	23	0
glinda	23	0
glitz	23	0
gluing	23	0
golan	23	0
goli	23	0
gottfried	23	0
gouda	23	0
goy	23	0
grammys	23	0
gratified	23	0
gratin	23	0
gredenko	23	0
gresham	23	0
gribble	23	0
gridlock	23	0
grigori	23	0
grimlock	23	0
grindstone	23	0
grounders	23	0
grout	23	0
growed	23	0
grumio	23	0
guano	23	0
guapo	23	0
guerra	23	0
gusta	23	0
hacky	23	0
haggerty	23	0
halal	23	0
hammersley	23	0
handjob	23	0
hangzhou	23	0
hardens	23	0
harlequin	23	0
haruna	23	0
haruo	23	0
hatton	23	0
havea	23	0
havens	23	0
hayama	23	0
hea	23	0
heartstrings	23	0
heffernan	23	0
heists	23	0
hejust	23	0
helmer	23	0
heloise	23	0
hemoglobin	23	0
hephaestus	23	0
hetman	23	0
hidin	23	0
hippocampus	23	0
hippocratic	23	0
hitchhikers	23	0
holtz	23	0
honore	23	0
hooey	23	0
hosed	23	0
houseboy	23	0
hs	23	0
humped	23	0
huntin	23	0
huskies	23	0
hydroxide	23	0
hyoid	23	0
hyped	23	0
hypotheses	23	0
hypoxia	23	0
iadc	23	0
iain	23	0
ichelangelo	23	0
ife	23	0
ignatius	23	0
ihab	23	0
ilene	23	0
ilk	23	0
ilyich	23	0
impassable	23	0
implements	23	0
implicit	23	0
impresario	23	0
imprudent	23	0
inane	23	0
inconsolable	23	0
indemnity	23	0
inder	23	0
indira	23	0
indistinguishable	23	0
inexhaustible	23	0
inexperience	23	0
infertility	23	0
infield	23	0
infuriated	23	0
inhibit	23	0
inigo	23	0
inshun	23	0
instalments	23	0
intelligently	23	0
interrupts	23	0
interventions	23	0
intruded	23	0
inuyasha	23	0
irate	23	0
isao	23	0
iss	23	0
ita	23	0
italiano	23	0
ite	23	0
jacobi	23	0
jacqui	23	0
jaggu	23	0
jandi	23	0
jaunt	23	0
Jaya	23	0
jeppe	23	0
jima	23	0
jinnah	23	0
johnsons	23	0
jonathon	23	0
josephus	23	0
joules	23	0
jovial	23	0
joyner	23	0
juicing	23	0
junky	23	0
kaali	23	0
kaew	23	0
kahuna	23	0
kaja	23	0
kamakura	23	0
kamala	23	0
kanazawa	23	0
kanna	23	0
karnak	23	0
katsu	23	0
kazon	23	0
keo	23	0
khe	23	0
khyber	23	0
kikuchi	23	0
kimiko	23	0
kirkman	23	0
kirov	23	0
kissin	23	0
kitchener	23	0
kitsch	23	0
knighted	23	0
knowyou	23	0
kohei	23	0
kraus	23	0
krister	23	0
kruse	23	0
kubo	23	0
laboured	23	0
laguerta	23	0
lakshman	23	0
lamia	23	0
laminated	23	0
lancashire	23	0
langham	23	0
lani	23	0
lapland	23	0
latinum	23	0
lattimer	23	0
laxatives	23	0
leander	23	0
legionnaire	23	0
legless	23	0
lehmann	23	0
lennier	23	0
leopoldo	23	0
lessing	23	0
lethargic	23	0
letterhead	23	0
levee	23	0
levon	23	0
leyton	23	0
lgbt	23	0
lhasa	23	0
lifer	23	0
limousines	23	0
lingered	23	0
linton	23	0
linz	23	0
liquidation	23	0
lisette	23	0
litchfield	23	0
lito	23	0
livvy	23	0
llewellyn	23	0
logos	23	0
loire	23	0
longstocking	23	0
lothbrok	23	0
luann	23	0
lumiere	23	0
macadamia	23	0
maga	23	0
malick	23	0
malina	23	0
mamiya	23	0
maninder	23	0
mannu	23	0
manufactures	23	0
marauders	23	0
marcelle	23	0
marinate	23	0
mariners	23	0
mariposa	23	0
marita	23	0
martinique	23	0
maruti	23	0
maryam	23	0
masts	23	0
mcfadden	23	0
mchale	23	0
mechanized	23	0
medalist	23	0
medavoy	23	0
meghna	23	0
melodious	23	0
memorize	23	0
mensa	23	0
mercifully	23	0
metatron	23	0
meteorologist	23	0
mich	23	0
micke	23	0
migo	23	0
mikasa	23	0
milanese	23	0
millan	23	0
milliseconds	23	0
miniatures	23	0
miniskirt	23	0
ministries	23	0
miscarriages	23	0
miscarried	23	0
misdemeanors	23	0
misinterpret	23	0
misogynist	23	0
miu	23	0
miwa	23	0
mobilizing	23	0
modelled	23	0
molars	23	0
mollari	23	0
molto	23	0
moneymaker	23	0
moniker	23	0
moonbeam	23	0
moored	23	0
mopped	23	0
moratorium	23	0
mosby	23	0
mouldy	23	0
moussa	23	0
munk	23	0
munoz	23	0
munroe	23	0
munsch	23	0
myanmar	23	0
nags	23	0
nagy	23	0
narrated	23	0
naruse	23	0
natty	23	0
nave	23	0
nazca	23	0
neddy	23	0
neff	23	0
negotiators	23	0
nella	23	0
nello	23	0
nepotism	23	0
neutrino	23	0
nevermore	23	0
newscast	23	0
nickie	23	0
niecy	23	0
nieves	23	0
niger	23	0
nightshade	23	0
nomi	23	0
norad	23	0
northeastern	23	0
noth	23	0
ntsb	23	0
nuclei	23	0
nutrient	23	0
oberoi	23	0
obsessively	23	0
ocp	23	0
odors	23	0
olav	23	0
olfactory	23	0
oman	23	0
oooooh	23	0
orator	23	0
orc	23	0
organizations	23	0
orlov	23	0
orton	23	0
outdid	23	0
outgrow	23	0
outrank	23	0
outwardly	23	0
outweighs	23	0
outwitted	23	0
ovary	23	0
overactive	23	0
overexcited	23	0
overheat	23	0
overloading	23	0
overtaking	23	0
oxycodone	23	0
paley	23	0
panache	23	0
pandi	23	0
paradis	23	0
paratrooper	23	0
parfait	23	0
pariqual	23	0
passcode	23	0
passe	23	0
pathos	23	0
peacekeeping	23	0
peeler	23	0
pembroke	23	0
pendragon	23	0
penmanship	23	0
pent	23	0
peppe	23	0
percocet	23	0
percussive	23	0
perjured	23	0
pernicious	23	0
perpetuity	23	0
persson	23	0
pert	23	0
pertains	23	0
petro	23	0
phallic	23	0
phallus	23	0
pharmacies	23	0
pheromone	23	0
phillies	23	0
photocopies	23	0
phuong	23	0
pigalle	23	0
piqued	23	0
pish	23	0
pius	23	0
pixel	23	0
pizarro	23	0
platoons	23	0
pokes	23	0
porque	23	0
porthole	23	0
potpourri	23	0
poultice	23	0
pranking	23	0
proclaiming	23	0
projectionist	23	0
prompting	23	0
propensity	23	0
prosecutions	23	0
prospector	23	0
provo	23	0
psh	23	0
publishes	23	0
puccini	23	0
pulverized	23	0
punctuation	23	0
purer	23	0
purifying	23	0
purposefully	23	0
putties	23	0
pygmies	23	0
pythons	23	0
quiets	23	0
quintessential	23	0
racquet	23	0
radon	23	0
rainier	23	0
raked	23	0
ramse	23	0
rarer	23	0
ratatouille	23	0
ratified	23	0
rationale	23	0
raunchy	23	0
raydor	23	0
raze	23	0
reachable	23	0
reassess	23	0
rebar	23	0
recanted	23	0
receptor	23	0
recites	23	0
rees	23	0
regularity	23	0
reimbursed	23	0
reinforcing	23	0
rejoiced	23	0
relent	23	0
reliance	23	0
reloading	23	0
rename	23	0
repentant	23	0
replicas	23	0
replicating	23	0
replication	23	0
repressive	23	0
resonates	23	0
restock	23	0
retailer	23	0
rethinking	23	0
reversible	23	0
ritsuko	23	0
rn	23	0
robles	23	0
rogan	23	0
rolo	23	0
rona	23	0
roos	23	0
rosaline	23	0
rosette	23	0
rottweiler	23	0
roux	23	0
rrr	23	0
rutland	23	0
ryoma	23	0
sacrilegious	23	0
sadat	23	0
sadism	23	0
sado	23	0
Sagar	23	0
saks	23	0
salesgirl	23	0
sandbag	23	0
sansa	23	0
santas	23	0
saperstein	23	0
sashi	23	0
satou	23	0
sava	23	0
scabbard	23	0
scavo	23	0
scholarly	23	0
schoolmate	23	0
schuester	23	0
scowl	23	0
scribes	23	0
scrip	23	0
seder	23	0
sedgwick	23	0
sedona	23	0
seeger	23	0
seetha	23	0
segal	23	0
segue	23	0
selects	23	0
semtex	23	0
seraphim	23	0
serizawa	23	0
serpico	23	0
serra	23	0
seu	23	0
seul	23	0
shackle	23	0
shafted	23	0
shakespearean	23	0
shanaya	23	0
shawnee	23	0
shirk	23	0
shish	23	0
shizu	23	0
shortcake	23	0
shortening	23	0
shrank	23	0
shrub	23	0
sickens	23	0
sidekicks	23	0
sidelined	23	0
sighed	23	0
simmering	23	0
singhania	23	0
skeptics	23	0
slats	23	0
sleuth	23	0
slimmer	23	0
slurs	23	0
smudges	23	0
sn	23	0
snacking	23	0
snafu	23	0
snarky	23	0
societal	23	0
sociopathic	23	0
sonora	23	0
sopranos	23	0
southeastern	23	0
sparklers	23	0
spherical	23	0
spiffy	23	0
spires	23	0
splice	23	0
sprinkling	23	0
sq	23	0
squandering	23	0
stabilizers	23	0
staffed	23	0
staffs	23	0
stagg	23	0
starla	23	0
starships	23	0
statewide	23	0
steppes	23	0
stewey	23	0
stickin	23	0
stipulate	23	0
stockman	23	0
stonebridge	23	0
stopover	23	0
storefront	23	0
strangeness	23	0
stratos	23	0
streaking	23	0
strum	23	0
sturgis	23	0
substandard	23	0
sudoku	23	0
sues	23	0
sugiyama	23	0
suleiman	23	0
sulfate	23	0
summerlee	23	0
sunbathe	23	0
sunburned	23	0
supercomputer	23	0
supplementary	23	0
surety	23	0
surfacing	23	0
surfed	23	0
sussman	23	0
sweeties	23	0
swenson	23	0
swiping	23	0
swirls	23	0
sympathizers	23	0
sze	23	0
tackles	23	0
taipan	23	0
talentless	23	0
tancredi	23	0
tani	23	0
tantamount	23	0
tanz	23	0
tartan	23	0
tassels	23	0
teases	23	0
technicalities	23	0
telepathically	23	0
teleporter	23	0
teodoro	23	0
teriyaki	23	0
tezuka	23	0
thackeray	23	0
thc	23	0
themself	23	0
thermonuclear	23	0
thicket	23	0
thither	23	0
thls	23	0
thrombosis	23	0
thrusts	23	0
tico	23	0
tierra	23	0
tilden	23	0
tillie	23	0
timmins	23	0
tiredness	23	0
tono	23	0
topo	23	0
torrid	23	0
toughness	23	0
transcription	23	0
treville	23	0
trickier	23	0
trimble	23	0
troth	23	0
trumbo	23	0
tsung	23	0
tungsten	23	0
tunisian	23	0
tusseries	23	0
tutankhamun	23	0
tuxedos	23	0
tyke	23	0
uesugi	23	0
ukrainians	23	0
ultrasonic	23	0
unawares	23	0
undergrowth	23	0
underling	23	0
undetermined	23	0
unproven	23	0
unremarkable	23	0
unsound	23	0
untenable	23	0
unyielding	23	0
usurper	23	0
uttering	23	0
uzbekistan	23	0
valens	23	0
valerius	23	0
valiantly	23	0
valli	23	0
vanni	23	0
vats	23	0
verger	23	0
vicariously	23	0
victimology	23	0
victorians	23	0
villanueva	23	0
virg	23	0
virgilia	23	0
virginal	23	0
virulent	23	0
vise	23	0
vitally	23	0
vittoria	23	0
volt	23	0
voltron	23	0
waistline	23	0
walkabout	23	0
washout	23	0
wasjust	23	0
wastrel	23	0
watchmaker	23	0
weaned	23	0
wearer	23	0
weinberg	23	0
wertanen	23	0
werther	23	0
westport	23	0
wets	23	0
whiskeys	23	0
whitewood	23	0
whupped	23	0
wie	23	0
wields	23	0
wilkie	23	0
winnebago	23	0
woeful	23	0
wol	23	0
woodley	23	0
wunderbar	23	0
xan	23	0
xenon	23	0
xue	23	0
yasuda	23	0
yat	23	0
yodel	23	0
yokel	23	0
yoma	23	0
yoshie	23	0
yuku	23	0
yunsik	23	0
yussef	23	0
zaara	23	0
zappa	23	0
zaps	23	0
zaza	23	0
aaaargh	22	0
aahhh	22	0
aardvark	22	0
abattoir	22	0
accords	22	0
adachi	22	0
adder	22	0
adebisi	22	0
adulterous	22	0
advancements	22	0
advil	22	0
advocacy	22	0
agitators	22	0
aiken	22	0
airbase	22	0
airfields	22	0
aitu	22	0
ajumma	22	0
akechi	22	0
akers	22	0
akiba	22	0
alda	22	0
alder	22	0
allenby	22	0
allocation	22	0
alternator	22	0
altitudes	22	0
ambo	22	0
andale	22	0
animate	22	0
annoyingly	22	0
appellate	22	0
approximation	22	0
apropos	22	0
arias	22	0
arkwright	22	0
artisans	22	0
artistes	22	0
ascertained	22	0
askew	22	0
aspired	22	0
assimilation	22	0
ast	22	0
astride	22	0
athelstan	22	0
atmospheres	22	0
atms	22	0
attendings	22	0
atthe	22	0
auckland	22	0
autobiographical	22	0
avian	22	0
avignon	22	0
awakes	22	0
awning	22	0
ayngaran	22	0
ayumi	22	0
bacardi	22	0
backboard	22	0
backfiring	22	0
badmouth	22	0
baggie	22	0
balaji	22	0
baldness	22	0
baloo	22	0
balwant	22	0
bamboos	22	0
barbers	22	0
bardo	22	0
barium	22	0
basel	22	0
baste	22	0
battlements	22	0
bauble	22	0
beals	22	0
bebo	22	0
beefing	22	0
beget	22	0
belfry	22	0
bendy	22	0
benning	22	0
berle	22	0
berto	22	0
bevy	22	0
bic	22	0
biographer	22	0
birdhouse	22	0
birgitta	22	0
blacking	22	0
blazed	22	0
blithering	22	0
blitzkrieg	22	0
blonds	22	0
blowback	22	0
boggle	22	0
boi	22	0
bonasera	22	0
bonham	22	0
boobie	22	0
bookmark	22	0
boorish	22	0
bootlegger	22	0
bordello	22	0
borealis	22	0
borgias	22	0
borman	22	0
botwin	22	0
boudreau	22	0
bradfield	22	0
brr	22	0
buda	22	0
bulkheads	22	0
bunga	22	0
burlington	22	0
burnham	22	0
busby	22	0
byung	22	0
cait	22	0
cameroon	22	0
cannery	22	0
capcom	22	0
cappuccinos	22	0
carbine	22	0
carbohydrates	22	0
carefull	22	0
carletto	22	0
caroling	22	0
carrera	22	0
carted	22	0
cartwrights	22	0
cashews	22	0
catalogues	22	0
catchers	22	0
celestia	22	0
cenk	22	0
cern	22	0
cessna	22	0
chablis	22	0
chaperoning	22	0
chapped	22	0
charters	22	0
cherbourg	22	0
chicory	22	0
chiefly	22	0
chika	22	0
chinchilla	22	0
chirac	22	0
chon	22	0
choshu	22	0
chrysanthemums	22	0
chub	22	0
chuffed	22	0
chumley	22	0
churros	22	0
cipriano	22	0
circulatory	22	0
clamour	22	0
claremont	22	0
claro	22	0
classifieds	22	0
claybourne	22	0
cleanser	22	0
climates	22	0
clothesline	22	0
coastguard	22	0
codfish	22	0
coiled	22	0
coldplay	22	0
commendations	22	0
complacency	22	0
compounded	22	0
concluding	22	0
concussions	22	0
condiments	22	0
conferred	22	0
confrontations	22	0
conley	22	0
conquistadors	22	0
consecrate	22	0
conspirator	22	0
consumerism	22	0
contreras	22	0
convoluted	22	0
coombs	22	0
copa	22	0
coriander	22	0
correctness	22	0
corroborating	22	0
corrosion	22	0
couidn	22	0
courtside	22	0
covertly	22	0
crackerjack	22	0
craddock	22	0
crazily	22	0
crouched	22	0
croutons	22	0
crumpets	22	0
crux	22	0
csis	22	0
cuddled	22	0
curlers	22	0
cuttings	22	0
dabbling	22	0
dacoit	22	0
daese	22	0
daffodil	22	0
damini	22	0
dampen	22	0
damsels	22	0
darfur	22	0
darien	22	0
deaq	22	0
decathlon	22	0
decatur	22	0
declines	22	0
defame	22	0
defamed	22	0
defection	22	0
demean	22	0
democratically	22	0
demolishing	22	0
demure	22	0
detestable	22	0
detested	22	0
detonating	22	0
detriment	22	0
dhoni	22	0
diced	22	0
diction	22	0
dinar	22	0
discharges	22	0
discretionary	22	0
dishonoured	22	0
dislodged	22	0
dismemberment	22	0
dispensed	22	0
dolph	22	0
domineering	22	0
donates	22	0
dongs	22	0
doorknobs	22	0
douglass	22	0
downers	22	0
dozer	22	0
dram	22	0
dramatics	22	0
drench	22	0
drummed	22	0
drury	22	0
duchy	22	0
duk	22	0
dunked	22	0
dunston	22	0
duplex	22	0
durban	22	0
durian	22	0
dyeing	22	0
earthworm	22	0
eclipses	22	0
edmunds	22	0
eins	22	0
ellery	22	0
emiliano	22	0
emine	22	0
encyclopedias	22	0
epidemics	22	0
equatorial	22	0
equitable	22	0
eras	22	0
erasers	22	0
erases	22	0
erna	22	0
esa	22	0
escalante	22	0
esparza	22	0
essen	22	0
estela	22	0
esto	22	0
eugenie	22	0
eurovision	22	0
evangeline	22	0
exfil	22	0
expedited	22	0
exterminating	22	0
extinguishers	22	0
extrapolate	22	0
facet	22	0
fado	22	0
falsifying	22	0
favorably	22	0
favoring	22	0
favoritism	22	0
faze	22	0
feeders	22	0
ferdie	22	0
fermin	22	0
ferrante	22	0
ferraris	22	0
ferries	22	0
finicky	22	0
finns	22	0
fishbowl	22	0
flapjacks	22	0
flatfoot	22	0
flinging	22	0
flippant	22	0
flossing	22	0
flowered	22	0
flutters	22	0
fonzie	22	0
forjust	22	0
fornicate	22	0
foundling	22	0
fournier	22	0
fracturing	22	0
franklyn	22	0
freund	22	0
frilly	22	0
froy	22	0
fumi	22	0
fumiko	22	0
furillo	22	0
gallipoli	22	0
galoshes	22	0
gaseous	22	0
gassing	22	0
geddes	22	0
genres	22	0
genteel	22	0
genus	22	0
geographically	22	0
geun	22	0
gii	22	0
gilberte	22	0
gilman	22	0
gisele	22	0
glassy	22	0
godliness	22	0
goetz	22	0
gol	22	0
goryeo	22	0
gowan	22	0
granddaughters	22	0
grandstand	22	0
graphs	22	0
grappa	22	0
grassed	22	0
grated	22	0
gratis	22	0
grier	22	0
grimace	22	0
grouped	22	0
grower	22	0
gutenberg	22	0
guvnor	22	0
gwendolen	22	0
habitation	22	0
hairdryer	22	0
hannigan	22	0
haram	22	0
hardcastle	22	0
harishchandra	22	0
hawthorn	22	0
headboard	22	0
hebrews	22	0
hibernate	22	0
hic	22	0
highball	22	0
hijab	22	0
hijacker	22	0
himiko	22	0
hindered	22	0
hindering	22	0
hobbits	22	0
hockney	22	0
hoh	22	0
horacio	22	0
hotbed	22	0
hotchkiss	22	0
hubbell	22	0
humdrum	22	0
humerus	22	0
hyneman	22	0
iad	22	0
ichigo	22	0
icicles	22	0
iglesias	22	0
ikari	22	0
illuminates	22	0
immigrated	22	0
immobilized	22	0
importer	22	0
impressionists	22	0
imre	22	0
incorruptible	22	0
induces	22	0
inference	22	0
injector	22	0
intercontinental	22	0
interject	22	0
interpersonal	22	0
introductory	22	0
introverted	22	0
ioan	22	0
ipswich	22	0
ire	22	0
islamabad	22	0
iverson	22	0
ivs	22	0
jaguars	22	0
jaison	22	0
jamieson	22	0
jangles	22	0
jano	22	0
jarek	22	0
jaye	22	0
jeevan	22	0
jelena	22	0
jiff	22	0
jinkies	22	0
jonesing	22	0
jordache	22	0
josefina	22	0
judgements	22	0
jura	22	0
juve	22	0
kagawa	22	0
kaj	22	0
kalahari	22	0
kapil	22	0
karloff	22	0
karzai	22	0
kawada	22	0
kazuko	22	0
keiichi	22	0
keister	22	0
kerb	22	0
keru	22	0
kidman	22	0
kiko	22	0
kimonos	22	0
kinsmen	22	0
kion	22	0
kirkwood	22	0
kitto	22	0
kkk	22	0
knowin	22	0
koda	22	0
kon	22	0
kosh	22	0
koshien	22	0
kr	22	0
kurdy	22	0
lacerated	22	0
laci	22	0
laida	22	0
lamenting	22	0
lamest	22	0
landfall	22	0
lansky	22	0
latches	22	0
lateness	22	0
laughlin	22	0
legionnaires	22	0
legos	22	0
lele	22	0
leotard	22	0
ler	22	0
letterbox	22	0
leukaemia	22	0
lexicon	22	0
lexy	22	0
lfyou	22	0
lightyear	22	0
liners	22	0
linguistics	22	0
linux	22	0
liszt	22	0
livy	22	0
loeb	22	0
login	22	0
logistic	22	0
loudon	22	0
loy	22	0
luiz	22	0
lundgren	22	0
lynley	22	0
madi	22	0
mado	22	0
magee	22	0
maite	22	0
malleable	22	0
mancha	22	0
mangrove	22	0
marinade	22	0
markos	22	0
marrakech	22	0
mastercard	22	0
masterminded	22	0
mataemon	22	0
materialism	22	0
maturing	22	0
mayberry	22	0
mcavoy	22	0
mcquaid	22	0
meagre	22	0
meatlug	22	0
mech	22	0
medford	22	0
median	22	0
mentalist	22	0
mercier	22	0
mercies	22	0
metronome	22	0
midfield	22	0
mieze	22	0
miffed	22	0
mifune	22	0
migratory	22	0
millar	22	0
millard	22	0
miramar	22	0
misjudge	22	0
misplace	22	0
mochizuki	22	0
moderates	22	0
modernity	22	0
modicum	22	0
mods	22	0
monahan	22	0
monastic	22	0
mongrels	22	0
monogram	22	0
monorail	22	0
mordor	22	0
morland	22	0
morrigan	22	0
motocross	22	0
multimillionaire	22	0
munchkins	22	0
mung	22	0
myrrh	22	0
nader	22	0
nandita	22	0
narita	22	0
nationalities	22	0
navidad	22	0
navin	22	0
naylor	22	0
necrosis	22	0
nel	22	0
neleh	22	0
nessie	22	0
neve	22	0
nevers	22	0
niccolo	22	0
nickers	22	0
nighthorse	22	0
niobe	22	0
nishimura	22	0
nob	22	0
nokia	22	0
nonfat	22	0
nori	22	0
nosh	22	0
nozomi	22	0
numata	22	0
numbing	22	0
numbskull	22	0
nuri	22	0
nygma	22	0
nympho	22	0
oberon	22	0
objectionable	22	0
obscenities	22	0
observational	22	0
observes	22	0
obstetrics	22	0
obstinacy	22	0
okita	22	0
okubo	22	0
olli	22	0
oma	22	0
operetta	22	0
orchestrate	22	0
ornamental	22	0
ornate	22	0
overcomes	22	0
overcrowding	22	0
overshadowed	22	0
overstepping	22	0
ovulation	22	0
oxytocin	22	0
padres	22	0
paganini	22	0
palatable	22	0
pali	22	0
palisades	22	0
paramour	22	0
pardner	22	0
parkes	22	0
parthenon	22	0
passerby	22	0
pathogens	22	0
patronise	22	0
paupers	22	0
pb	22	0
peeped	22	0
penalized	22	0
peppi	22	0
peppone	22	0
perri	22	0
pessimism	22	0
phalanx	22	0
philippa	22	0
phuket	22	0
pillaging	22	0
pillock	22	0
pimped	22	0
pincers	22	0
pitbull	22	0
piti	22	0
pitts	22	0
pixies	22	0
pizzazz	22	0
pjs	22	0
plumage	22	0
politic	22	0
pollyanna	22	0
pontoon	22	0
poofter	22	0
porous	22	0
porpoise	22	0
possums	22	0
pounced	22	0
pretenders	22	0
pringles	22	0
probationary	22	0
projectiles	22	0
propellant	22	0
putney	22	0
pylon	22	0
qiang	22	0
quenched	22	0
quizzes	22	0
radiologist	22	0
rafiq	22	0
rahman	22	0
rahui	22	0
raikou	22	0
rainmaker	22	0
rajah	22	0
rajput	22	0
rambabu	22	0
ramming	22	0
ramrod	22	0
rankings	22	0
rants	22	0
ravages	22	0
rawr	22	0
reactivated	22	0
rebeca	22	0
receptions	22	0
recesses	22	0
recharged	22	0
reciprocal	22	0
recollections	22	0
ree	22	0
reinstatement	22	0
rejuvenation	22	0
rel	22	0
remit	22	0
replaceable	22	0
resnick	22	0
retracted	22	0
reva	22	0
rewire	22	0
rinaldo	22	0
ripen	22	0
rivas	22	0
rne	22	0
robie	22	0
rockstar	22	0
roly	22	0
romanov	22	0
rosamund	22	0
rotter	22	0
roughest	22	0
rubbery	22	0
rubicon	22	0
ruslan	22	0
sadiq	22	0
saeed	22	0
sainsbury	22	0
salesperson	22	0
salih	22	0
saluted	22	0
samoa	22	0
samy	22	0
saraswati	22	0
savanna	22	0
sawako	22	0
sayers	22	0
sayeth	22	0
sbk	22	0
scabby	22	0
scarsdale	22	0
scavenge	22	0
schmeling	22	0
scopes	22	0
screenings	22	0
scullery	22	0
scuttlebutt	22	0
seaworld	22	0
secretions	22	0
seeded	22	0
seher	22	0
serafina	22	0
seuss	22	0
shadowed	22	0
shaina	22	0
shazia	22	0
shikoku	22	0
shinbei	22	0
shinobi	22	0
shitbag	22	0
shittin	22	0
showgirls	22	0
showstopper	22	0
shushes	22	0
sidearm	22	0
siento	22	0
silica	22	0
simian	22	0
sind	22	0
sisyphus	22	0
sitrep	22	0
skillfully	22	0
skimp	22	0
slashes	22	0
slavs	22	0
sledding	22	0
slobber	22	0
slowpoke	22	0
sniggering	22	0
snogging	22	0
snowboard	22	0
snubbed	22	0
someones	22	0
sonnets	22	0
sorrel	22	0
sourdough	22	0
southerner	22	0
soybeans	22	0
spaceiy	22	0
spacesuit	22	0
spenser	22	0
spitzer	22	0
splintered	22	0
squabbles	22	0
squanto	22	0
squealer	22	0
squirrelly	22	0
stabilise	22	0
staci	22	0
stamper	22	0
staph	22	0
stapled	22	0
stegman	22	0
stell	22	0
stepford	22	0
sti	22	0
stil	22	0
stillwell	22	0
stilton	22	0
stimulants	22	0
stockholder	22	0
storeys	22	0
stowe	22	0
straying	22	0
streetlight	22	0
strobe	22	0
strongman	22	0
stubbornly	22	0
studious	22	0
styled	22	0
substituting	22	0
subversion	22	0
suckle	22	0
sulky	22	0
sundaes	22	0
sunroof	22	0
superbly	22	0
suppertime	22	0
sura	22	0
sweepstakes	22	0
sweetwater	22	0
switek	22	0
syl	22	0
tableau	22	0
taketh	22	0
tangy	22	0
tans	22	0
tatsumi	22	0
taxidermy	22	0
teak	22	0
telemachus	22	0
telenovela	22	0
tenctonese	22	0
tes	22	0
tetsuya	22	0
thinly	22	0
tiber	22	0
tidbit	22	0
tint	22	0
tlak	22	0
tm	22	0
tmi	22	0
tomiko	22	0
tommi	22	0
tonia	22	0
topography	22	0
torino	22	0
torpedoed	22	0
torre	22	0
transcendental	22	0
transpose	22	0
transvestites	22	0
triangulation	22	0
trill	22	0
trine	22	0
tropez	22	0
tseng	22	0
tsuchiya	22	0
tucks	22	0
tugs	22	0
tuner	22	0
twats	22	0
twink	22	0
uch	22	0
umi	22	0
unabomber	22	0
uncomfortably	22	0
undercarriage	22	0
underpass	22	0
unearthly	22	0
unequivocally	22	0
uniqueness	22	0
unsigned	22	0
unstuck	22	0
unsympathetic	22	0
unusable	22	0
upholding	22	0
upstage	22	0
urologist	22	0
utensil	22	0
vaclav	22	0
vagabonds	22	0
vala	22	0
valerian	22	0
valery	22	0
valois	22	0
vamoose	22	0
vanna	22	0
vermillion	22	0
vero	22	0
videotaping	22	0
visualization	22	0
vronsky	22	0
vue	22	0
wantin	22	0
warthog	22	0
waterway	22	0
wavered	22	0
weariness	22	0
wenches	22	0
whacko	22	0
whatevs	22	0
whatta	22	0
wheeze	22	0
whet	22	0
whisker	22	0
whitlock	22	0
whoah	22	0
wholesaler	22	0
widened	22	0
wilful	22	0
willingham	22	0
wincing	22	0
wiretaps	22	0
withstood	22	0
witt	22	0
wolverines	22	0
woodsen	22	0
wooldoor	22	0
wooley	22	0
worcester	22	0
workouts	22	0
wou	22	0
wringer	22	0
wwe	22	0
yae	22	0
yamamori	22	0
yannis	22	0
yeesh	22	0
yevgeny	22	0
yoni	22	0
yorktown	22	0
ys	22	0
ystad	22	0
zambia	22	0
zia	22	0
zippo	22	0
zuckerberg	22	0
abate	21	0
abnormals	21	0
absurdly	21	0
acrobatics	21	0
adidas	21	0
adress	21	0
adriatic	21	0
aegis	21	0
aeronautics	21	0
aerosmith	21	0
affiliations	21	0
affords	21	0
afield	21	0
agnieszka	21	0
ahhhhhh	21	0
ahi	21	0
ahora	21	0
aight	21	0
aileen	21	0
akari	21	0
alamos	21	0
alcide	21	0
aleikum	21	0
aleppo	21	0
alfonse	21	0
alternatively	21	0
aluminum	21	0
amc	21	0
analyzed	21	0
anasazi	21	0
ands	21	0
anglia	21	0
aniki	21	0
antibody	21	0
antidepressant	21	0
antigone	21	0
apnea	21	0
approachable	21	0
arcee	21	0
arert	21	0
arouses	21	0
arugula	21	0
ashland	21	0
assemblies	21	0
assunta	21	0
astound	21	0
asymmetrical	21	0
attuned	21	0
authentication	21	0
awarding	21	0
axed	21	0
azuma	21	0
badness	21	0
baer	21	0
bagman	21	0
balagan	21	0
banded	21	0
barbiturates	21	0
barroom	21	0
basilio	21	0
bastien	21	0
bathes	21	0
bayside	21	0
beatdown	21	0
beckoning	21	0
behavioural	21	0
bellybutton	21	0
beneficiaries	21	0
benitez	21	0
bennigan	21	0
berenson	21	0
berkshire	21	0
bestial	21	0
betters	21	0
beverley	21	0
bf	21	0
Bhutan	21	0
biriyani	21	0
birk	21	0
biscayne	21	0
bisque	21	0
bitters	21	0
blabbed	21	0
blackguard	21	0
blackwater	21	0
blankie	21	0
blasphemer	21	0
bloodsuckers	21	0
bluesy	21	0
bonbons	21	0
bonfires	21	0
bongos	21	0
bonito	21	0
borrower	21	0
bosley	21	0
bossa	21	0
botticelli	21	0
bouvier	21	0
braga	21	0
branca	21	0
bratwurst	21	0
breads	21	0
brews	21	0
briareos	21	0
briny	21	0
brockman	21	0
brutish	21	0
bulimia	21	0
bullcrap	21	0
bulletins	21	0
bunion	21	0
bunkhouse	21	0
buoyancy	21	0
busch	21	0
bushido	21	0
busty	21	0
caca	21	0
calderone	21	0
calibrate	21	0
campion	21	0
campuses	21	0
camry	21	0
canines	21	0
canny	21	0
capp	21	0
captor	21	0
carajo	21	0
carb	21	0
carli	21	0
caseworker	21	0
cassadee	21	0
castaway	21	0
castaways	21	0
catalonia	21	0
celal	21	0
cellblock	21	0
centaurs	21	0
centerfold	21	0
certainties	21	0
ces	21	0
chidori	21	0
chives	21	0
choker	21	0
chuji	21	0
chutzpah	21	0
chyna	21	0
cic	21	0
cielo	21	0
cinders	21	0
ciudad	21	0
clarifying	21	0
clarion	21	0
classically	21	0
clemence	21	0
cluttered	21	0
cockamamie	21	0
cocteau	21	0
cohesion	21	0
coley	21	0
colonialism	21	0
combatant	21	0
comeon	21	0
commemoration	21	0
commuted	21	0
complementary	21	0
compresses	21	0
computed	21	0
comtesse	21	0
concoct	21	0
connector	21	0
consciences	21	0
constituent	21	0
consults	21	0
conversationalist	21	0
cooney	21	0
coppola	21	0
cornering	21	0
cornet	21	0
corolla	21	0
corroborated	21	0
cots	21	0
councillors	21	0
couplet	21	0
crackheads	21	0
crafting	21	0
creegan	21	0
creepers	21	0
cribs	21	0
cricketer	21	0
croquettes	21	0
curable	21	0
cvi	21	0
cymbal	21	0
dachshund	21	0
dafu	21	0
dagwood	21	0
damul	21	0
dasha	21	0
dealin	21	0
dearing	21	0
debonair	21	0
decibels	21	0
deductive	21	0
deepen	21	0
deflecting	21	0
defraud	21	0
defunct	21	0
defused	21	0
delegated	21	0
demetri	21	0
democracies	21	0
demotion	21	0
dereliction	21	0
descendent	21	0
detonates	21	0
dien	21	0
diggity	21	0
digitalis	21	0
dimmer	21	0
dir	21	0
disappoints	21	0
disclosing	21	0
discriminated	21	0
disher	21	0
dislodge	21	0
dismember	21	0
disputing	21	0
disraeli	21	0
distended	21	0
diwan	21	0
dizer	21	0
doctoral	21	0
dolittle	21	0
dollies	21	0
domine	21	0
donato	21	0
doodling	21	0
dragonflies	21	0
drayton	21	0
dreamboat	21	0
drexel	21	0
driest	21	0
drudgery	21	0
drusilla	21	0
dryden	21	0
duckworth	21	0
dufresne	21	0
dunbrook	21	0
dunning	21	0
durrell	21	0
dusky	21	0
ecg	21	0
echidna	21	0
econ	21	0
edelweiss	21	0
edi	21	0
edmonds	21	0
egad	21	0
egress	21	0
ehhh	21	0
eighteenth	21	0
ejector	21	0
electrode	21	0
elke	21	0
elmore	21	0
els	21	0
embarassed	21	0
embroider	21	0
emissaries	21	0
emphasized	21	0
enclose	21	0
endorsing	21	0
enforcers	21	0
engels	21	0
entombed	21	0
entrap	21	0
epcot	21	0
epifanio	21	0
erick	21	0
eriko	21	0
ernestine	21	0
erroneous	21	0
ers	21	0
estimating	21	0
estoy	21	0
eugen	21	0
evy	21	0
excepting	21	0
excusing	21	0
expeditionary	21	0
expelling	21	0
expenditures	21	0
explores	21	0
extorted	21	0
extracts	21	0
extremism	21	0
fabricating	21	0
facetious	21	0
failsafe	21	0
falstaff	21	0
fandango	21	0
farnese	21	0
farraday	21	0
faucets	21	0
faxes	21	0
feigned	21	0
felling	21	0
ferdinando	21	0
ferment	21	0
feroz	21	0
ferryman	21	0
fertilization	21	0
feuds	21	0
fibula	21	0
fiddlesticks	21	0
fief	21	0
financiers	21	0
flanking	21	0
flannigan	21	0
flaring	21	0
flatbush	21	0
flatterer	21	0
flawlessly	21	0
flicked	21	0
follicles	21	0
foregone	21	0
forewarned	21	0
formica	21	0
fornicating	21	0
fostering	21	0
fou	21	0
fouquet	21	0
fragility	21	0
freakazoid	21	0
freakishly	21	0
fuckup	21	0
fulfilment	21	0
gabor	21	0
galavan	21	0
gama	21	0
gargantuan	21	0
gascoigne	21	0
gaviria	21	0
gayest	21	0
gellar	21	0
geneticist	21	0
geraniums	21	0
gerd	21	0
ghul	21	0
gilt	21	0
giro	21	0
glitters	21	0
glo	21	0
glowed	21	0
gnawed	21	0
godwin	21	0
gophers	21	0
gossamer	21	0
gota	21	0
gracia	21	0
grafton	21	0
grandview	21	0
grater	21	0
gratuity	21	0
grayer	21	0
greenspan	21	0
gretzky	21	0
grimoire	21	0
gristle	21	0
growin	21	0
guatemalan	21	0
gumiho	21	0
gurren	21	0
gutting	21	0
gwang	21	0
haber	21	0
haldol	21	0
halen	21	0
halford	21	0
haller	21	0
haman	21	0
hamill	21	0
hanbyul	21	0
handshakes	21	0
hardness	21	0
hargreaves	21	0
harnesses	21	0
harpo	21	0
haruhi	21	0
harve	21	0
haverford	21	0
hawker	21	0
hearin	21	0
helipad	21	0
hellcats	21	0
helpin	21	0
henrickson	21	0
herrings	21	0
hershel	21	0
heya	21	0
hiker	21	0
hinata	21	0
hiroyuki	21	0
hisako	21	0
hmo	21	0
hobble	21	0
hocus	21	0
honeybee	21	0
honing	21	0
hori	21	0
horvath	21	0
houghton	21	0
howto	21	0
hsia	21	0
hues	21	0
humanoids	21	0
hummingbirds	21	0
huntsville	21	0
hurriedly	21	0
hyundai	21	0
iam	21	0
ibsen	21	0
impeding	21	0
incontinence	21	0
indeedy	21	0
indentation	21	0
inevitability	21	0
infarction	21	0
infirm	21	0
inflame	21	0
infuser	21	0
inputs	21	0
insulate	21	0
interceptors	21	0
interchangeable	21	0
intrinsic	21	0
inversion	21	0
involuntarily	21	0
inwards	21	0
irisa	21	0
iso	21	0
itis	21	0
jabbing	21	0
jacobsen	21	0
jago	21	0
jango	21	0
janina	21	0
janssen	21	0
jeongyeon	21	0
jockstrap	21	0
joiner	21	0
jokin	21	0
kakashi	21	0
kalpana	21	0
kalyani	21	0
kamiya	21	0
kanin	21	0
kasi	21	0
kaswell	21	0
kazuma	21	0
keeley	21	0
keener	21	0
kens	21	0
kew	21	0
keyword	21	0
khlyen	21	0
khomeini	21	0
kibble	21	0
killemoff	21	0
kilroy	21	0
kimmi	21	0
kingship	21	0
kino	21	0
kippers	21	0
kirill	21	0
kirin	21	0
kl	21	0
knowest	21	0
kom	21	0
kopecks	21	0
kora	21	0
kroger	21	0
krug	21	0
kurdistan	21	0
kusum	21	0
kyla	21	0
kyo	21	0
kyohei	21	0
labeling	21	0
lah	21	0
lajos	21	0
lakota	21	0
lamarr	21	0
laryngitis	21	0
lauri	21	0
lauryn	21	0
leer	21	0
leggy	21	0
legible	21	0
legrand	21	0
lek	21	0
lengthen	21	0
levitation	21	0
lewton	21	0
liaisons	21	0
limehouse	21	0
limerick	21	0
linguini	21	0
linguist	21	0
lionesses	21	0
liquorice	21	0
listless	21	0
locos	21	0
lodz	21	0
loiter	21	0
longfellow	21	0
loreen	21	0
lovecraft	21	0
lowlands	21	0
ludmila	21	0
lune	21	0
luster	21	0
lytton	21	0
maari	21	0
macedonian	21	0
macneil	21	0
macro	21	0
madoka	21	0
mafioso	21	0
maggy	21	0
magnusson	21	0
maidana	21	0
mailboxes	21	0
malachy	21	0
malign	21	0
mamo	21	0
manami	21	0
mancuso	21	0
mandalay	21	0
mandated	21	0
mange	21	0
manolis	21	0
marcelino	21	0
margate	21	0
marginally	21	0
marja	21	0
markie	21	0
marred	21	0
mathison	21	0
matsudaira	21	0
mchugh	21	0
meeker	21	0
meenie	21	0
meine	21	0
meister	21	0
meld	21	0
melee	21	0
melmotte	21	0
mensch	21	0
mercantile	21	0
mescaline	21	0
microchips	21	0
midwives	21	0
milieu	21	0
miney	21	0
minnow	21	0
miscreant	21	0
misfire	21	0
mitsubishi	21	0
mitsuo	21	0
miz	21	0
modifying	21	0
moldova	21	0
moni	21	0
monogrammed	21	0
mons	21	0
mooring	21	0
mordechai	21	0
morose	21	0
moser	21	0
motorists	21	0
muah	21	0
mujahideen	21	0
mulan	21	0
mulwray	21	0
murdoc	21	0
murli	21	0
mustapha	21	0
mutating	21	0
mutilations	21	0
myjob	21	0
mystics	21	0
mystified	21	0
nagata	21	0
nakano	21	0
narayana	21	0
nary	21	0
nazism	21	0
neuroscience	21	0
neutralise	21	0
newell	21	0
ney	21	0
nhl	21	0
nicodemus	21	0
nikko	21	0
nilka	21	0
nineteenth	21	0
nini	21	0
nits	21	0
noda	21	0
nodame	21	0
nopd	21	0
northerners	21	0
nosferatu	21	0
notte	21	0
nougat	21	0
nub	21	0
nuit	21	0
numerals	21	0
nur	21	0
oblique	21	0
offstage	21	0
ohhhhh	21	0
olde	21	0
oldman	21	0
omicron	21	0
omoi	21	0
oran	21	0
orla	21	0
osmond	21	0
ostensibly	21	0
ostriches	21	0
oughtta	21	0
outboard	21	0
outfitted	21	0
outlying	21	0
overlooks	21	0
overreaction	21	0
overs	21	0
oversaw	21	0
owada	21	0
oyuki	21	0
paappi	21	0
paced	21	0
paddies	21	0
pandu	21	0
pantsuit	21	0
papacy	21	0
paraplegic	21	0
parm	21	0
partnering	21	0
pashto	21	0
pastel	21	0
pasts	21	0
pathetically	21	0
patrolled	21	0
patterned	21	0
pavarotti	21	0
pavements	21	0
pavlovich	21	0
peasy	21	0
peeper	21	0
peerless	21	0
pel	21	0
penknife	21	0
pepi	21	0
perignon	21	0
persimmon	21	0
perturbed	21	0
peruse	21	0
pervasive	21	0
pestered	21	0
peti	21	0
petrovna	21	0
photocopier	21	0
phryne	21	0
piloted	21	0
pineda	21	0
pinewood	21	0
pipelines	21	0
pirelli	21	0
pisser	21	0
pitfalls	21	0
pitiless	21	0
ple	21	0
plo	21	0
poco	21	0
poi	21	0
poli	21	0
polyps	21	0
pontiff	21	0
pooling	21	0
poolside	21	0
pornos	21	0
posey	21	0
posner	21	0
posses	21	0
practitioners	21	0
prairies	21	0
prattling	21	0
premarital	21	0
premed	21	0
preminger	21	0
prenuptial	21	0
preoccupation	21	0
preparatory	21	0
prerequisite	21	0
preventive	21	0
previews	21	0
primus	21	0
procurator	21	0
procuring	21	0
prolonging	21	0
propagate	21	0
pru	21	0
prudie	21	0
publicize	21	0
puckett	21	0
pvc	21	0
pyle	21	0
quatermass	21	0
quintana	21	0
quirke	21	0
radhe	21	0
railroaded	21	0
rambler	21	0
ranjeet	21	0
ransack	21	0
rasmussen	21	0
rationed	21	0
raton	21	0
ravel	21	0
rawhide	21	0
reattach	21	0
recalibrate	21	0
receptacle	21	0
reclaiming	21	0
recognising	21	0
reconsidering	21	0
refineries	21	0
regatta	21	0
regs	21	0
reincarnate	21	0
rejoices	21	0
relatable	21	0
relaunch	21	0
relegated	21	0
remade	21	0
renter	21	0
repulse	21	0
requisite	21	0
reservoirs	21	0
respectively	21	0
restricting	21	0
reverted	21	0
reviewer	21	0
revolutionized	21	0
revolvers	21	0
ricin	21	0
ricks	21	0
ridding	21	0
rioters	21	0
roadster	21	0
rok	21	0
ronni	21	0
roofies	21	0
rosales	21	0
rosso	21	0
rotc	21	0
rove	21	0
rst	21	0
runneth	21	0
runways	21	0
saira	21	0
saku	21	0
salander	21	0
salerno	21	0
salford	21	0
samaritans	21	0
sandusky	21	0
sanitizer	21	0
saro	21	0
satirical	21	0
scalded	21	0
schemer	21	0
schooler	21	0
schopenhauer	21	0
schweitzer	21	0
scorer	21	0
scrounging	21	0
scruff	21	0
sed	21	0
seeped	21	0
seeyou	21	0
seonjun	21	0
sewell	21	0
sexless	21	0
shira	21	0
shreveport	21	0
shrugged	21	0
shuffleboard	21	0
shuji	21	0
shyster	21	0
sicilians	21	0
sicken	21	0
sidewinder	21	0
sidonia	21	0
signifying	21	0
signpost	21	0
sinead	21	0
sizing	21	0
skewed	21	0
skidded	21	0
skidding	21	0
skinnier	21	0
skylark	21	0
skyrocket	21	0
slanted	21	0
slavers	21	0
slimeball	21	0
slithering	21	0
slung	21	0
smears	21	0
smilin	21	0
smoothed	21	0
snape	21	0
sociopaths	21	0
solider	21	0
someting	21	0
sop	21	0
sorrier	21	0
sounder	21	0
sows	21	0
spake	21	0
spanning	21	0
spanx	21	0
spectrometer	21	0
spewed	21	0
spindle	21	0
spoilers	21	0
spratt	21	0
sprawl	21	0
sprinting	21	0
stances	21	0
stanfield	21	0
statesmen	21	0
statuette	21	0
stealin	21	0
stereotypical	21	0
sterilization	21	0
stewing	21	0
stilettos	21	0
stillwater	21	0
stockroom	21	0
stowaways	21	0
str	21	0
strolls	21	0
submissions	21	0
subscriptions	21	0
subservient	21	0
subvert	21	0
sukekiyo	21	0
sumida	21	0
summerhouse	21	0
sunbeam	21	0
sune	21	0
sunspots	21	0
surveilling	21	0
sus	21	0
sustainability	21	0
swamy	21	0
swanee	21	0
swaps	21	0
swarek	21	0
swearengen	21	0
swum	21	0
sympathizer	21	0
tabernacle	21	0
tadeusz	21	0
takako	21	0
takano	21	0
taku	21	0
talkie	21	0
talkies	21	0
talkto	21	0
tallinn	21	0
tallis	21	0
tangent	21	0
tangerines	21	0
tase	21	0
tattle	21	0
teats	21	0
teja	21	0
teleprompter	21	0
terje	21	0
tetra	21	0
thousandth	21	0
throwed	21	0
tieh	21	0
timor	21	0
timur	21	0
tiptoeing	21	0
tita	21	0
tn	21	0
toady	21	0
toasters	21	0
torturous	21	0
tracts	21	0
trams	21	0
transceiver	21	0
trepidation	21	0
trimmer	21	0
triplicate	21	0
trouper	21	0
trowel	21	0
trujillo	21	0
tsao	21	0
tsuna	21	0
tuffnut	21	0
tunneling	21	0
turpin	21	0
tushy	21	0
tuval	21	0
ubiquitous	21	0
ubu	21	0
ula	21	0
unaccompanied	21	0
unassuming	21	0
unbearably	21	0
underhill	21	0
unflattering	21	0
unico	21	0
uninhibited	21	0
unintended	21	0
unmitigated	21	0
unspoiled	21	0
unsubs	21	0
untouchables	21	0
unwrapped	21	0
uplift	21	0
urinals	21	0
urination	21	0
ursa	21	0
usnavi	21	0
uso	21	0
vac	21	0
vacuumed	21	0
vagrancy	21	0
vagrants	21	0
valdes	21	0
vanquishing	21	0
vasya	21	0
veracruz	21	0
veritas	21	0
vigo	21	0
vilde	21	0
vladivostok	21	0
vogler	21	0
voy	21	0
vreedle	21	0
vulnerabilities	21	0
waa	21	0
wahey	21	0
wahoo	21	0
walla	21	0
wallflower	21	0
wands	21	0
wantonly	21	0
wantyou	21	0
wast	21	0
watershed	21	0
weaponized	21	0
webbed	21	0
wellman	21	0
WhatsApp	21	0
whatsit	21	0
whitby	21	0
whitest	21	0
whizz	21	0
widest	21	0
wiggles	21	0
wilberforce	21	0
wildflowers	21	0
winchesters	21	0
wingspan	21	0
wishbone	21	0
wistful	21	0
withal	21	0
womenfolk	21	0
woodshed	21	0
worded	21	0
worshiping	21	0
wussy	21	0
ww	21	0
xiangyang	21	0
yahoos	21	0
yancey	21	0
yas	21	0
yeol	21	0
yggdrasil	21	0
yokels	21	0
yori	21	0
yost	21	0
youto	21	0
yucatan	21	0
yvan	21	0
yvon	21	0
zaheer	21	0
zenon	21	0
zhukov	21	0
zidane	21	0
zoology	21	0
zoot	21	0
abhorrent	20	0
aborigines	20	0
absconded	20	0
abuelita	20	0
abusers	20	0
abysmal	20	0
accentuate	20	0
ached	20	0
adair	20	0
adaptations	20	0
adel	20	0
advocated	20	0
aesthetically	20	0
aff	20	0
afghani	20	0
aftertaste	20	0
afterthat	20	0
afterthought	20	0
aggrieved	20	0
aggro	20	0
aghh	20	0
agnostic	20	0
aleister	20	0
alise	20	0
allocate	20	0
almudena	20	0
amazonian	20	0
amedeo	20	0
amoeba	20	0
amygdala	20	0
anaesthesia	20	0
anatolia	20	0
andalusia	20	0
anderton	20	0
andiamo	20	0
angers	20	0
angled	20	0
anise	20	0
anjou	20	0
annul	20	0
anouk	20	0
antigua	20	0
antler	20	0
apo	20	0
apostrophe	20	0
appalachian	20	0
appraiser	20	0
appropriated	20	0
appu	20	0
arabela	20	0
arbitrarily	20	0
archetype	20	0
ardennes	20	0
armband	20	0
asahina	20	0
ashcroft	20	0
ashita	20	0
asphyxiated	20	0
asterisk	20	0
auerbach	20	0
augello	20	0
automaton	20	0
averaging	20	0
awesomest	20	0
ayahuasca	20	0
babbitt	20	0
bablu	20	0
bader	20	0
bagwell	20	0
bahrain	20	0
bairn	20	0
baklava	20	0
balled	20	0
bangor	20	0
banked	20	0
bankrupted	20	0
bans	20	0
baptise	20	0
barbosa	20	0
barden	20	0
bared	20	0
barfed	20	0
batted	20	0
bau	20	0
beal	20	0
beba	20	0
beca	20	0
beckon	20	0
bedded	20	0
beefs	20	0
beekeeper	20	0
beene	20	0
befits	20	0
begining	20	0
belen	20	0
bellyache	20	0
benders	20	0
beni	20	0
benin	20	0
berlusconi	20	0
bernd	20	0
berthier	20	0
bespoke	20	0
bestiality	20	0
bhuvan	20	0
biarritz	20	0
bigoted	20	0
bigots	20	0
billet	20	0
bimba	20	0
bindiya	20	0
birgit	20	0
birthed	20	0
blacken	20	0
ble	20	0
bleaching	20	0
bloat	20	0
blogging	20	0
bluebirds	20	0
boche	20	0
bock	20	0
bodine	20	0
boel	20	0
boers	20	0
bohm	20	0
bolshoi	20	0
boneless	20	0
boogey	20	0
bookstores	20	0
boomhauer	20	0
borges	20	0
botch	20	0
bottleneck	20	0
boucher	20	0
boulet	20	0
boycotting	20	0
boyka	20	0
brainchild	20	0
branko	20	0
breadsticks	20	0
brightens	20	0
brinkman	20	0
brioche	20	0
bris	20	0
britten	20	0
brodsky	20	0
brokenhearted	20	0
brunei	20	0
brunson	20	0
bullocks	20	0
bunions	20	0
burgos	20	0
butte	20	0
bypassing	20	0
camellia	20	0
campaigned	20	0
canasta	20	0
canter	20	0
cardamom	20	0
carisi	20	0
carola	20	0
catfight	20	0
caustic	20	0
cautioned	20	0
celluloid	20	0
cemented	20	0
centred	20	0
chaim	20	0
changeable	20	0
chapstick	20	0
charmingly	20	0
charu	20	0
chasin	20	0
chatur	20	0
chechens	20	0
chels	20	0
chema	20	0
chesterton	20	0
chickening	20	0
chieftains	20	0
childishness	20	0
chillies	20	0
chook	20	0
chosun	20	0
chuan	20	0
chucho	20	0
chumhum	20	0
chutki	20	0
cicada	20	0
cindi	20	0
clerics	20	0
clumps	20	0
clutched	20	0
cnst	20	0
colluding	20	0
colm	20	0
colonna	20	0
comlink	20	0
communicators	20	0
commuting	20	0
compote	20	0
confiding	20	0
contingencies	20	0
contradicted	20	0
conveniences	20	0
copious	20	0
coraline	20	0
corresponded	20	0
corsets	20	0
counsellors	20	0
counterpoint	20	0
counterproductive	20	0
courageously	20	0
courtland	20	0
coveralls	20	0
coyopa	20	0
crackdown	20	0
cranford	20	0
creamer	20	0
creases	20	0
creasy	20	0
creepier	20	0
crevices	20	0
criterion	20	0
criticising	20	0
cronkite	20	0
cujo	20	0
cull	20	0
cus	20	0
cvs	20	0
cw	20	0
cypher	20	0
cystic	20	0
dakara	20	0
damm	20	0
damocles	20	0
dandelions	20	0
dandi	20	0
dangled	20	0
danner	20	0
darkening	20	0
dashwood	20	0
datak	20	0
dauntless	20	0
davison	20	0
dcfs	20	0
ddt	20	0
deary	20	0
deceives	20	0
deckard	20	0
defeatist	20	0
deflated	20	0
deign	20	0
dena	20	0
depositing	20	0
dervish	20	0
desperado	20	0
destabilize	20	0
detectable	20	0
devising	20	0
devotional	20	0
diagonally	20	0
dilip	20	0
dimmed	20	0
dinged	20	0
dionysus	20	0
dirtied	20	0
discos	20	0
disinfected	20	0
disinherited	20	0
disproportionate	20	0
dissimilar	20	0
divatox	20	0
diversions	20	0
dogfight	20	0
donne	20	0
doritos	20	0
dostoevsky	20	0
draconian	20	0
dragoons	20	0
dreidel	20	0
drexler	20	0
drina	20	0
droop	20	0
droughts	20	0
dryers	20	0
dubaku	20	0
dumbfounded	20	0
duper	20	0
earthbound	20	0
ecklie	20	0
eclipsed	20	0
edged	20	0
edmonton	20	0
edvard	20	0
eew	20	0
ef	20	0
ehrlich	20	0
eine	20	0
elasticity	20	0
electricians	20	0
elisha	20	0
elysian	20	0
embellished	20	0
emf	20	0
eminently	20	0
emmeline	20	0
emmys	20	0
encircle	20	0
encyclopaedia	20	0
enquirer	20	0
enrichment	20	0
entranced	20	0
enviable	20	0
envies	20	0
epilogue	20	0
epithelials	20	0
epsom	20	0
ericsson	20	0
erred	20	0
escargot	20	0
espada	20	0
essie	20	0
eth	20	0
eul	20	0
evelyne	20	0
exerting	20	0
exley	20	0
exoskeleton	20	0
extremity	20	0
extricate	20	0
eyeful	20	0
facilitated	20	0
fairyland	20	0
fallacy	20	0
falsone	20	0
fanaticism	20	0
farmhand	20	0
faun	20	0
favela	20	0
fealty	20	0
fearfully	20	0
fearlessly	20	0
fela	20	0
fertiliser	20	0
fertilizers	20	0
fervently	20	0
feuding	20	0
fibbing	20	0
filipinos	20	0
finches	20	0
fingerprinted	20	0
firmness	20	0
flatbed	20	0
flayed	20	0
flightless	20	0
flintstones	20	0
flowerpot	20	0
fluoride	20	0
fonder	20	0
fortuneteller	20	0
fouls	20	0
fra	20	0
frack	20	0
fractal	20	0
fraid	20	0
freebo	20	0
frustrate	20	0
frutti	20	0
fullback	20	0
fumbled	20	0
functioned	20	0
gabriele	20	0
galleon	20	0
galleria	20	0
galvan	20	0
ganged	20	0
garuda	20	0
gasses	20	0
gaveston	20	0
gazelles	20	0
gazes	20	0
gbs	20	0
genii	20	0
geothermal	20	0
geysers	20	0
gianna	20	0
gimpy	20	0
gisaeng	20	0
gitmo	20	0
giuliana	20	0
gl	20	0
glandular	20	0
glaser	20	0
gliders	20	0
gmos	20	0
goad	20	0
godot	20	0
gonnae	20	0
gouging	20	0
gowron	20	0
grafted	20	0
gregoire	20	0
grift	20	0
grills	20	0
groundwater	20	0
gto	20	0
guardsmen	20	0
gulch	20	0
guzzle	20	0
gymnasts	20	0
gynaecologist	20	0
hadrt	20	0
hallgrim	20	0
halved	20	0
hama	20	0
hamlin	20	0
hanzawa	20	0
haphazard	20	0
hardwired	20	0
harrisburg	20	0
haskins	20	0
hauls	20	0
hawley	20	0
haywood	20	0
headhunter	20	0
headlock	20	0
headshots	20	0
heckle	20	0
heer	20	0
hegel	20	0
heighten	20	0
heisman	20	0
hellcat	20	0
hemmed	20	0
henk	20	0
heredity	20	0
highschool	20	0
hil	20	0
hinazuki	20	0
hirono	20	0
hitchhiked	20	0
hoke	20	0
hollered	20	0
hollers	20	0
hollowed	20	0
hombres	20	0
homelessness	20	0
homophobe	20	0
honeymooners	20	0
honouring	20	0
hoochie	20	0
hoodoo	20	0
hopi	20	0
hotspot	20	0
hovers	20	0
huan	20	0
hubot	20	0
humanities	20	0
hunker	20	0
hurries	20	0
hutchins	20	0
ianto	20	0
ic	20	0
ico	20	0
idiom	20	0
ifthere	20	0
iib	20	0
ilan	20	0
iljimae	20	0
immovable	20	0
imogene	20	0
imposes	20	0
impostors	20	0
incomes	20	0
indivisible	20	0
indomitable	20	0
infractions	20	0
infuse	20	0
ingeborg	20	0
ingles	20	0
inman	20	0
inoculation	20	0
inseminated	20	0
inserts	20	0
inshallah	20	0
insinuation	20	0
interacted	20	0
inundated	20	0
invitational	20	0
ionic	20	0
irradiated	20	0
isamu	20	0
isso	20	0
ivanhoe	20	0
jacek	20	0
jaco	20	0
jambalaya	20	0
jeannine	20	0
jenga	20	0
jeri	20	0
jessa	20	0
jewellers	20	0
jiya	20	0
jocko	20	0
jolbon	20	0
joshy	20	0
juma	20	0
justus	20	0
kagan	20	0
karpov	20	0
kasia	20	0
katagiri	20	0
kawai	20	0
kawashima	20	0
kazuki	20	0
keefer	20	0
kennish	20	0
kester	20	0
kettering	20	0
kickball	20	0
kiefer	20	0
kilpatrick	20	0
kimo	20	0
kirikou	20	0
kmart	20	0
koba	20	0
kodiak	20	0
kolia	20	0
kostas	20	0
krakatoa	20	0
kriss	20	0
kuei	20	0
kursk	20	0
kuya	20	0
kystle	20	0
laboring	20	0
landmines	20	0
lanny	20	0
lata	20	0
laureate	20	0
lausanne	20	0
lawndale	20	0
layouts	20	0
leering	20	0
legation	20	0
lelouch	20	0
lenders	20	0
leveraged	20	0
liaoxi	20	0
lif	20	0
lightened	20	0
limoges	20	0
lind	20	0
lindley	20	0
lindo	20	0
lindstrom	20	0
lisi	20	0
lj	20	0
lk	20	0
llamas	20	0
llc	20	0
lmagine	20	0
loggers	20	0
lonelier	20	0
longstreet	20	0
looping	20	0
loredana	20	0
lowenstein	20	0
loyalist	20	0
loyalists	20	0
lubbock	20	0
luci	20	0
lugosi	20	0
lyekka	20	0
macintyre	20	0
maharaj	20	0
maher	20	0
mahmud	20	0
maliciously	20	0
malika	20	0
managerial	20	0
mandala	20	0
mandel	20	0
mannered	20	0
mannion	20	0
manos	20	0
marathons	20	0
marceline	20	0
marketed	20	0
maroney	20	0
martinelli	20	0
maruyama	20	0
mashiro	20	0
maskell	20	0
mastectomy	20	0
maudie	20	0
maudlin	20	0
mayu	20	0
mccauley	20	0
mcclintock	20	0
medallions	20	0
meep	20	0
mekong	20	0
merrin	20	0
mertz	20	0
messi	20	0
methodically	20	0
mezzanine	20	0
mikaelson	20	0
mikage	20	0
mimsy	20	0
miniscule	20	0
minnelli	20	0
minuet	20	0
misogynistic	20	0
missie	20	0
mitchie	20	0
mitra	20	0
mitsu	20	0
mizoguchi	20	0
mobley	20	0
molesters	20	0
moley	20	0
morgen	20	0
mosquitos	20	0
mountaineer	20	0
mounties	20	0
mummification	20	0
munchausen	20	0
murad	20	0
murchison	20	0
muslin	20	0
mussel	20	0
musta	20	0
mustered	20	0
naacp	20	0
nandi	20	0
naoto	20	0
nape	20	0
narayanan	20	0
nardo	20	0
navcom	20	0
navigators	20	0
nears	20	0
necromancer	20	0
negate	20	0
newberg	20	0
newsreels	20	0
nighlok	20	0
niners	20	0
nitric	20	0
nok	20	0
nonce	20	0
ntac	20	0
numbnuts	20	0
nutritionist	20	0
nutters	20	0
obi	20	0
octagon	20	0
offal	20	0
olle	20	0
olof	20	0
omniscient	20	0
onizuka	20	0
oompa	20	0
ord	20	0
oscillating	20	0
oska	20	0
oswin	20	0
otsu	20	0
ousted	20	0
outa	20	0
outrageously	20	0
outshine	20	0
oversees	20	0
oxymoron	20	0
oyku	20	0
packin	20	0
padawan	20	0
painstakingly	20	0
pales	20	0
panini	20	0
paracetamol	20	0
paschal	20	0
passkey	20	0
paulinho	20	0
paulus	20	0
pecked	20	0
pedantic	20	0
peder	20	0
pentothal	20	0
peonies	20	0
pepita	20	0
perceives	20	0
perjure	20	0
permafrost	20	0
peron	20	0
perplexing	20	0
personals	20	0
perversions	20	0
petechial	20	0
petticoats	20	0
pews	20	0
pharisees	20	0
phased	20	0
philanthropic	20	0
philomena	20	0
physio	20	0
pillsbury	20	0
piped	20	0
pitiable	20	0
pixar	20	0
pocus	20	0
podiatrist	20	0
pointe	20	0
pollux	20	0
ponte	20	0
porkchop	20	0
postmarked	20	0
prabhakar	20	0
prattle	20	0
precipitation	20	0
predisposed	20	0
preserver	20	0
primitives	20	0
processors	20	0
prodding	20	0
proficiency	20	0
promicin	20	0
propofol	20	0
proximal	20	0
prudish	20	0
pucks	20	0
pud	20	0
puller	20	0
pumice	20	0
pumpernickel	20	0
punchline	20	0
pundit	20	0
punked	20	0
purebred	20	0
puritans	20	0
purposeful	20	0
pursuers	20	0
pussycats	20	0
puto	20	0
pylons	20	0
qb	20	0
quaking	20	0
quanzhen	20	0
quills	20	0
rada	20	0
ramji	20	0
ransome	20	0
rasheed	20	0
rattler	20	0
ravings	20	0
ravn	20	0
ravu	20	0
ream	20	0
rebs	20	0
recharging	20	0
reclamation	20	0
recognisable	20	0
recognizance	20	0
reconstructive	20	0
redder	20	0
redman	20	0
redness	20	0
referenced	20	0
regulating	20	0
reiden	20	0
relapsed	20	0
resection	20	0
resell	20	0
resenting	20	0
restrictive	20	0
resupply	20	0
retaliated	20	0
retinue	20	0
reuniting	20	0
reverses	20	0
revulsion	20	0
rewrites	20	0
ricocheting	20	0
ricochets	20	0
ringmaster	20	0
rinko	20	0
rivalries	20	0
rivet	20	0
rna	20	0
rockfish	20	0
roomies	20	0
roughness	20	0
rounder	20	0
ruble	20	0
rumpelstiltskin	20	0
runoff	20	0
rus	20	0
ryung	20	0
saad	20	0
sabers	20	0
sacristy	20	0
saget	20	0
sainted	20	0
saith	20	0
sajid	20	0
salas	20	0
saleswoman	20	0
salomon	20	0
sama	20	0
sampler	20	0
sania	20	0
santorini	20	0
saroja	20	0
satanists	20	0
satyr	20	0
sayer	20	0
SC	20	0
scala	20	0
scanlan	20	0
scarrans	20	0
schiff	20	0
schilling	20	0
schmooze	20	0
schmucks	20	0
schofield	20	0
schulz	20	0
schwarz	20	0
scuffling	20	0
scull	20	0
seafaring	20	0
secreted	20	0
sefton	20	0
segundo	20	0
semifinal	20	0
sequels	20	0
servings	20	0
settler	20	0
severus	20	0
sg	20	0
shallots	20	0
shames	20	0
shanked	20	0
shanthi	20	0
sharia	20	0
sheared	20	0
shiba	20	0
shinsuke	20	0
shitstorm	20	0
shona	20	0
shoop	20	0
shravan	20	0
shuck	20	0
shylock	20	0
sideswipe	20	0
silos	20	0
sippy	20	0
sisi	20	0
sitcoms	20	0
sizzler	20	0
skiers	20	0
skirmishes	20	0
skwisgaar	20	0
slated	20	0
slav	20	0
slaver	20	0
sleazebag	20	0
sleepwalk	20	0
slugging	20	0
smallhausen	20	0
smasher	20	0
smorgasbord	20	0
snicker	20	0
snipes	20	0
snivelling	20	0
snobbish	20	0
snorkeling	20	0
snowmen	20	0
soco	20	0
sodomized	20	0
sods	20	0
solaris	20	0
somersaults	20	0
sonali	20	0
soni	20	0
sontag	20	0
sooo	20	0
sorrento	20	0
sotto	20	0
sourced	20	0
spazer	20	0
speedometer	20	0
spluttering	20	0
spongy	20	0
sportsmen	20	0
spotters	20	0
sprawled	20	0
sprinter	20	0
spritzer	20	0
spry	20	0
spurn	20	0
spyder	20	0
squall	20	0
squashing	20	0
squids	20	0
staffers	20	0
steeper	20	0
steffi	20	0
steinmetz	20	0
stereos	20	0
stomps	20	0
stoppin	20	0
straddling	20	0
stradivarius	20	0
straights	20	0
strata	20	0
stretchers	20	0
strigoi	20	0
strives	20	0
stroganoff	20	0
strom	20	0
structurally	20	0
sucka	20	0
sucre	20	0
sudha	20	0
suen	20	0
sufferers	20	0
suma	20	0
sundry	20	0
superintendant	20	0
surefire	20	0
surest	20	0
surrealist	20	0
surveyors	20	0
suwa	20	0
sweetened	20	0
swishing	20	0
swoosh	20	0
symbiosis	20	0
symbolized	20	0
syndicated	20	0
tachycardia	20	0
taguchi	20	0
tallulah	20	0
tamale	20	0
tanking	20	0
tarr	20	0
tarsus	20	0
tartars	20	0
tas	20	0
tasmania	20	0
tates	20	0
taverns	20	0
taxidermist	20	0
taxman	20	0
teardrops	20	0
teary	20	0
tepid	20	0
teppei	20	0
termed	20	0
tessanne	20	0
testes	20	0
thataway	20	0
thins	20	0
thora	20	0
thrall	20	0
throb	20	0
thrt	20	0
thumbelina	20	0
thunderclaps	20	0
thunderzord	20	0
tiananmen	20	0
tibor	20	0
tightens	20	0
timson	20	0
tingles	20	0
tl	20	0
toei	20	0
tol	20	0
tonnie	20	0
torrential	20	0
torrio	20	0
toshiko	20	0
totality	20	0
totals	20	0
tradesmen	20	0
transformative	20	0
traviata	20	0
traynor	20	0
tremaine	20	0
trigonometry	20	0
triumphantly	20	0
truncheon	20	0
tsubaki	20	0
tsurugi	20	0
tto	20	0
tts	20	0
tucci	20	0
tula	20	0
tums	20	0
turrets	20	0
tween	20	0
twelvetrees	20	0
twix	20	0
tyree	20	0
ub	20	0
uchi	20	0
ulrike	20	0
unbelievers	20	0
unconcerned	20	0
underthe	20	0
undeveloped	20	0
undid	20	0
unfocused	20	0
unimaginably	20	0
unisex	20	0
unlawfully	20	0
unopposed	20	0
unrestricted	20	0
urethra	20	0
uriel	20	0
urinated	20	0
valets	20	0
vali	20	0
valide	20	0
vamonos	20	0
varicose	20	0
varmints	20	0
vaziri	20	0
veered	20	0
velasco	20	0
ventilate	20	0
verdicts	20	0
vesta	20	0
vestibule	20	0
vexing	20	0
vicomte	20	0
vieira	20	0
vittles	20	0
vivacious	20	0
voir	20	0
vulva	20	0
wabash	20	0
wadi	20	0
walid	20	0
walkout	20	0
wallenberg	20	0
walpole	20	0
waltzed	20	0
warbler	20	0
washcloth	20	0
washers	20	0
wastin	20	0
waterbed	20	0
wazoo	20	0
weatherby	20	0
webby	20	0
weet	20	0
wellingtons	20	0
whereupon	20	0
whist	20	0
whittier	20	0
whooped	20	0
wicks	20	0
wid	20	0
wilby	20	0
wildness	20	0
wimsey	20	0
windbreaker	20	0
wisp	20	0
wolfbloods	20	0
woolen	20	0
woolsey	20	0
wordplay	20	0
wowed	20	0
wringing	20	0
writin	20	0
wrung	20	0
wukong	20	0
wuthering	20	0
wy	20	0
xv	20	0
xx	20	0
yaks	20	0
yanni	20	0
yannick	20	0
yasur	20	0
yayoi	20	0
yeats	20	0
yolks	20	0
yor	20	0
yoriko	20	0
yousef	20	0
youself	20	0
yuichi	20	0
yurt	20	0
zafer	20	0
zat	20	0
zealot	20	0
zeeland	20	0
zeroed	20	0
zookeeper	20	0
zuma	20	0
zumba	20	0
aboutyou	19	0
abram	19	0
accredited	19	0
acknowledgment	19	0
acrobatic	19	0
adaptive	19	0
adem	19	0
adjuster	19	0
admirals	19	0
adolphe	19	0
adulation	19	0
advices	19	0
aether	19	0
aficionado	19	0
afterall	19	0
aggressiveness	19	0
aizu	19	0
akatsuki	19	0
alcazar	19	0
aldous	19	0
alhambra	19	0
alois	19	0
alpaca	19	0
amamiya	19	0
amberson	19	0
ammu	19	0
amoral	19	0
anc	19	0
angler	19	0
aniston	19	0
answerphone	19	0
antacid	19	0
anteater	19	0
anto	19	0
aoyagi	19	0
appeased	19	0
aquinas	19	0
arai	19	0
archdeacon	19	0
armaan	19	0
arsenio	19	0
arsonists	19	0
articulated	19	0
artis	19	0
ashworth	19	0
assisi	19	0
asswipe	19	0
astrophysicist	19	0
atheism	19	0
ather	19	0
atsushi	19	0
attentively	19	0
auditors	19	0
aurore	19	0
avalanches	19	0
avanti	19	0
azalea	19	0
azrael	19	0
babyface	19	0
backache	19	0
bagley	19	0
bajorans	19	0
balder	19	0
bando	19	0
banquo	19	0
banu	19	0
barneys	19	0
barra	19	0
barts	19	0
basha	19	0
basher	19	0
bast	19	0
bathsheba	19	0
batshit	19	0
bawdy	19	0
baying	19	0
bbs	19	0
beaujolais	19	0
beauteous	19	0
beecham	19	0
begotten	19	0
benchmark	19	0
benedetto	19	0
benefiting	19	0
berenice	19	0
bergerac	19	0
berit	19	0
berthe	19	0
bewildering	19	0
biden	19	0
bigmouth	19	0
bihari	19	0
biodiversity	19	0
biographies	19	0
bis	19	0
bitterman	19	0
bivouac	19	0
blackbirds	19	0
bluer	19	0
bluster	19	0
bodhisattva	19	0
bombarding	19	0
boorman	19	0
borat	19	0
bormann	19	0
bourbons	19	0
bowles	19	0
bozer	19	0
braggart	19	0
brags	19	0
brainwave	19	0
brannan	19	0
bratva	19	0
braved	19	0
breathlessly	19	0
brigand	19	0
brightened	19	0
brimmer	19	0
briony	19	0
brokeback	19	0
bromley	19	0
bruges	19	0
brulee	19	0
brunel	19	0
brutalized	19	0
buccaneers	19	0
budweiser	19	0
buffoons	19	0
buller	19	0
bumpkins	19	0
bunnu	19	0
buoyant	19	0
burcu	19	0
burgeoning	19	0
burka	19	0
bushels	19	0
butterfingers	19	0
caboodle	19	0
cacophony	19	0
calibration	19	0
calla	19	0
callaway	19	0
camo	19	0
canoeing	19	0
capitulate	19	0
caramelized	19	0
carjacked	19	0
carmelita	19	0
carthaginian	19	0
cartouche	19	0
cartwheel	19	0
caseload	19	0
cataract	19	0
caveat	19	0
celebi	19	0
chaco	19	0
chanted	19	0
charla	19	0
chastise	19	0
cheatin	19	0
cheekbone	19	0
chicka	19	0
chide	19	0
chilies	19	0
chipotle	19	0
chlo	19	0
choirboy	19	0
chol	19	0
chronological	19	0
churro	19	0
civics	19	0
clapper	19	0
clays	19	0
cleese	19	0
clermont	19	0
cloaks	19	0
clunks	19	0
coattails	19	0
cocksucking	19	0
collectibles	19	0
collingwood	19	0
colonic	19	0
coloreds	19	0
colorless	19	0
coltrane	19	0
commences	19	0
compilation	19	0
condescend	19	0
confining	19	0
connally	19	0
conscription	19	0
consigned	19	0
constituted	19	0
consummation	19	0
convalescent	19	0
conversely	19	0
conveying	19	0
conveys	19	0
coolio	19	0
coolly	19	0
copulation	19	0
counterfeiter	19	0
countin	19	0
courtier	19	0
cratchit	19	0
criss	19	0
cristobal	19	0
critiques	19	0
crudely	19	0
cryer	19	0
crystallized	19	0
culpability	19	0
curiouser	19	0
currencies	19	0
cuzco	19	0
cygnus	19	0
daemon	19	0
dahak	19	0
daisaku	19	0
dakin	19	0
dalliance	19	0
dalmatian	19	0
dammed	19	0
damnable	19	0
darkie	19	0
dartmoor	19	0
dato	19	0
dayal	19	0
daz	19	0
ddd	19	0
deafness	19	0
deakins	19	0
dearborn	19	0
decapitate	19	0
deceptively	19	0
deen	19	0
defecate	19	0
deficiencies	19	0
deficits	19	0
deflate	19	0
deflection	19	0
deliberating	19	0
demographics	19	0
denials	19	0
dependents	19	0
depletion	19	0
dere	19	0
deutschland	19	0
dewy	19	0
dich	19	0
dimas	19	0
diminishes	19	0
diorama	19	0
dipesto	19	0
disenfranchised	19	0
dishonourable	19	0
disregarding	19	0
distanced	19	0
distrustful	19	0
divas	19	0
diversified	19	0
dolby	19	0
doncaster	19	0
dookie	19	0
doop	19	0
dopes	19	0
dorft	19	0
dote	19	0
dp	19	0
dreadlocks	19	0
dropouts	19	0
druggist	19	0
dubrovnik	19	0
ducklings	19	0
duets	19	0
durai	19	0
durarara	19	0
dweller	19	0
dyslexia	19	0
earshot	19	0
edgardo	19	0
edifice	19	0
educators	19	0
een	19	0
efendi	19	0
effected	19	0
egged	19	0
egor	19	0
eisuke	19	0
electing	19	0
elli	19	0
elsbeth	19	0
embryonic	19	0
emphatic	19	0
encino	19	0
endearment	19	0
ender	19	0
enlistment	19	0
eres	19	0
ermine	19	0
escalates	19	0
escudos	19	0
etch	19	0
ethos	19	0
evaporation	19	0
everthing	19	0
evildoers	19	0
excels	19	0
exclusivity	19	0
exerted	19	0
expansive	19	0
expended	19	0
externally	19	0
extramarital	19	0
facelift	19	0
fairmont	19	0
fairplay	19	0
fallopian	19	0
faltering	19	0
fandor	19	0
fanned	19	0
farmington	19	0
fastidious	19	0
fave	19	0
fede	19	0
feint	19	0
fending	19	0
ferraro	19	0
fervour	19	0
feta	19	0
fetishes	19	0
fil	19	0
filament	19	0
fisticuffs	19	0
flaco	19	0
flam	19	0
floundering	19	0
footstep	19	0
forecasts	19	0
forme	19	0
forums	19	0
foxx	19	0
francisca	19	0
frankincense	19	0
frescoes	19	0
frosti	19	0
furtive	19	0
fusses	19	0
futari	19	0
fx	19	0
gaily	19	0
galia	19	0
galya	19	0
gambon	19	0
gangotri	19	0
garish	19	0
garroway	19	0
gatling	19	0
gauthier	19	0
gazillion	19	0
gbh	19	0
gdansk	19	0
genomex	19	0
georgi	19	0
ghettos	19	0
ghoulish	19	0
giovannino	19	0
giri	19	0
gitano	19	0
gladness	19	0
glean	19	0
glides	19	0
gloriana	19	0
gloriously	19	0
goldfinger	19	0
gomer	19	0
goodfellow	19	0
grable	19	0
grannie	19	0
grata	19	0
gravestones	19	0
gravitation	19	0
grecian	19	0
greengrocer	19	0
grenada	19	0
griddle	19	0
grooving	19	0
grouper	19	0
grump	19	0
gsa	19	0
guffaws	19	0
guna	19	0
hab	19	0
hackman	19	0
haemosu	19	0
haeshin	19	0
hairball	19	0
haj	19	0
halvorsen	19	0
hamstring	19	0
handa	19	0
handsy	19	0
hangings	19	0
harbored	19	0
harbouring	19	0
hawes	19	0
headlining	19	0
hecate	19	0
hedvig	19	0
hedy	19	0
hellsing	19	0
hepatic	19	0
heretical	19	0
herewith	19	0
hermaphrodite	19	0
hermia	19	0
hernan	19	0
hideko	19	0
hinkle	19	0
hittites	19	0
holosuite	19	0
homegirl	19	0
homeys	19	0
homunculus	19	0
honeycutt	19	0
hooliganism	19	0
hoopla	19	0
hoorah	19	0
hospitalization	19	0
hossein	19	0
hsiang	19	0
huai	19	0
huerta	19	0
hullabaloo	19	0
humanist	19	0
hunks	19	0
hypnotised	19	0
hypothalamus	19	0
ib	19	0
icecream	19	0
ices	19	0
ident	19	0
igniting	19	0
immemorial	19	0
immortalized	19	0
impassioned	19	0
impeach	19	0
imperialists	19	0
impersonated	19	0
impetus	19	0
implacable	19	0
inadequacy	19	0
incensed	19	0
incontinent	19	0
indelicate	19	0
indentured	19	0
ingesting	19	0
inhibitors	19	0
initiates	19	0
innovator	19	0
ino	19	0
insomniac	19	0
instigator	19	0
instructs	19	0
interlock	19	0
interminable	19	0
irrespective	19	0
irresponsibility	19	0
ise	19	0
ishihara	19	0
itinerant	19	0
iwas	19	0
jabberwocky	19	0
jacquou	19	0
jahan	19	0
jeane	19	0
jenson	19	0
jinny	19	0
jitterbug	19	0
joakim	19	0
joelle	19	0
jolson	19	0
jolyon	19	0
jorgen	19	0
jubal	19	0
juergens	19	0
juha	19	0
jumba	19	0
junket	19	0
jurek	19	0
kage	19	0
kakarrot	19	0
kanai	19	0
kaneda	19	0
karishma	19	0
karr	19	0
kayaking	19	0
kegger	19	0
keitel	19	0
kershaw	19	0
keycard	19	0
khushi	19	0
kima	19	0
kleist	19	0
knapp	19	0
knead	19	0
kneels	19	0
knocker	19	0
koharu	19	0
komsomol	19	0
kove	19	0
kp	19	0
kuno	19	0
kure	19	0
kurokawa	19	0
kuvira	19	0
kwak	19	0
lacquer	19	0
lacs	19	0
lagann	19	0
lahiri	19	0
lainie	19	0
lakewood	19	0
lampshade	19	0
lancers	19	0
lances	19	0
landmine	19	0
langly	19	0
lanyard	19	0
lapointe	19	0
latrines	19	0
lavage	19	0
lb	19	0
leche	19	0
lemoine	19	0
lene	19	0
lenka	19	0
leviticus	19	0
lg	19	0
liane	19	0
liberalism	19	0
linder	19	0
lionheart	19	0
littlejohn	19	0
littleton	19	0
lnternational	19	0
lobbied	19	0
locale	19	0
lockbox	19	0
lockjaw	19	0
loincloth	19	0
lojack	19	0
loners	19	0
longmire	19	0
lorazepam	19	0
loring	19	0
lotions	19	0
loulou	19	0
lovelies	19	0
lowery	19	0
loyally	19	0
lps	19	0
lucienne	19	0
lucilla	19	0
luego	19	0
lunchroom	19	0
lusting	19	0
maelstrom	19	0
magister	19	0
maha	19	0
mahalakshmi	19	0
mahone	19	0
maiko	19	0
makis	19	0
malena	19	0
malfeasance	19	0
malti	19	0
malvo	19	0
manfredi	19	0
manicured	19	0
manifesting	19	0
manion	19	0
manipulates	19	0
manitoba	19	0
manohar	19	0
mantua	19	0
marciano	19	0
marcin	19	0
maren	19	0
marginalized	19	0
mariette	19	0
marisha	19	0
marshak	19	0
matata	19	0
materialized	19	0
matsuko	19	0
matzo	19	0
mayes	19	0
mayweather	19	0
mcconaughey	19	0
mcdonalds	19	0
mcenroe	19	0
mcluhan	19	0
mcmurphy	19	0
mcnab	19	0
meddled	19	0
medial	19	0
megalomaniac	19	0
mellowed	19	0
menelaus	19	0
mergers	19	0
methuselah	19	0
middlemen	19	0
midgard	19	0
minas	19	0
minase	19	0
minstrels	19	0
miny	19	0
misshapen	19	0
mixers	19	0
miya	19	0
mizushima	19	0
moana	19	0
moaned	19	0
moccasins	19	0
mochou	19	0
montaigne	19	0
montparnasse	19	0
moolah	19	0
mopey	19	0
morey	19	0
morrell	19	0
moulds	19	0
mouthed	19	0
mucked	19	0
mukhtar	19	0
multitudes	19	0
mumtaz	19	0
murali	19	0
murals	19	0
muzzy	19	0
nadezhda	19	0
nagged	19	0
nagi	19	0
nagumo	19	0
nakrang	19	0
namibia	19	0
narra	19	0
natsume	19	0
nauseated	19	0
nearsighted	19	0
neary	19	0
neuroses	19	0
newhouse	19	0
ngs	19	0
nibs	19	0
nicholls	19	0
nickelodeon	19	0
nightingales	19	0
nikolaj	19	0
nimah	19	0
nonny	19	0
noob	19	0
nooks	19	0
norbac	19	0
norrell	19	0
northward	19	0
nra	19	0
nunzio	19	0
nyc	19	0
oakwood	19	0
officiate	19	0
offload	19	0
oldham	19	0
olin	19	0
oneness	19	0
onesie	19	0
onthe	19	0
oolong	19	0
oopsie	19	0
orabeoni	19	0
oreo	19	0
originates	19	0
orjust	19	0
ormond	19	0
orr	19	0
ostia	19	0
oust	19	0
ouzo	19	0
overcompensating	19	0
overflows	19	0
pagers	19	0
pagina	19	0
palatial	19	0
pander	19	0
panna	19	0
panoramic	19	0
pappi	19	0
paracelsus	19	0
peal	19	0
pecos	19	0
ped	19	0
pelicans	19	0
penitence	19	0
pensacola	19	0
peoria	19	0
peppa	19	0
percentile	19	0
perimortem	19	0
periphery	19	0
permian	19	0
pernod	19	0
personable	19	0
pervs	19	0
petrovic	19	0
philanderer	19	0
philandering	19	0
piao	19	0
pickaxe	19	0
picketing	19	0
pigments	19	0
pinter	19	0
piri	19	0
pistachios	19	0
pitchforks	19	0
pitying	19	0
piya	19	0
plagiarized	19	0
plannin	19	0
platters	19	0
playpen	19	0
plckman	19	0
pleiades	19	0
pocketful	19	0
polonium	19	0
pomeroy	19	0
poonam	19	0
populate	19	0
posthumously	19	0
pouches	19	0
prabhu	19	0
pradhan	19	0
prae	19	0
preclude	19	0
predicated	19	0
predisposition	19	0
preservatives	19	0
pricking	19	0
pritam	19	0
privatization	19	0
prodded	19	0
professed	19	0
proofread	19	0
prosthesis	19	0
protections	19	0
protracted	19	0
pseudo	19	0
psychotherapist	19	0
psychotropic	19	0
pugh	19	0
pugsley	19	0
pukes	19	0
pullover	19	0
pummel	19	0
pyramus	19	0
pyro	19	0
qua	19	0
quarries	19	0
queries	19	0
quicken	19	0
quickfire	19	0
rab	19	0
rache	19	0
radiates	19	0
radovan	19	0
raglan	19	0
rane	19	0
raro	19	0
rasgotra	19	0
rasping	19	0
reassign	19	0
reconstructing	19	0
rectified	19	0
redid	19	0
reenact	19	0
rehan	19	0
reims	19	0
reinventing	19	0
rejuvenate	19	0
rejuvenated	19	0
relaying	19	0
remuneration	19	0
repartee	19	0
repealed	19	0
repenting	19	0
repossess	19	0
reprogramming	19	0
republics	19	0
rerouting	19	0
reshape	19	0
resigns	19	0
resplendent	19	0
resurface	19	0
retracing	19	0
retrovirus	19	0
revels	19	0
revved	19	0
rickets	19	0
rimini	19	0
ringed	19	0
ringers	19	0
ripened	19	0
rl	19	0
roebuck	19	0
roge	19	0
rosalita	19	0
rotors	19	0
ruel	19	0
rukh	19	0
rusting	19	0
ryunosuke	19	0
samoan	19	0
sanctify	19	0
sanh	19	0
santillana	19	0
sapling	19	0
sasa	19	0
sauteed	19	0
saxony	19	0
sayo	19	0
scant	19	0
scarran	19	0
schaefer	19	0
schuster	19	0
sci	19	0
scoliosis	19	0
scribbles	19	0
scriptwriter	19	0
scrutinized	19	0
secs	19	0
seeps	19	0
seger	19	0
selam	19	0
semesters	19	0
semyon	19	0
sepp	19	0
septimus	19	0
servile	19	0
settee	19	0
shaded	19	0
shadwell	19	0
shamus	19	0
shaquille	19	0
sharman	19	0
sharpie	19	0
sharpshooters	19	0
sheela	19	0
shelia	19	0
shiatsu	19	0
shinkichi	19	0
shinohara	19	0
shiraz	19	0
shivaji	19	0
shochiku	19	0
showboat	19	0
shri	19	0
sidharth	19	0
sidorov	19	0
silhouettes	19	0
simulating	19	0
singularly	19	0
siphoning	19	0
skateboards	19	0
slandering	19	0
slanderous	19	0
slapper	19	0
slocum	19	0
sloping	19	0
smackers	19	0
smelting	19	0
snakebite	19	0
snp	19	0
soapbox	19	0
sociological	19	0
solarium	19	0
solicited	19	0
solidified	19	0
solidify	19	0
solloway	19	0
solon	19	0
songwriters	19	0
sont	19	0
soothsayer	19	0
southerly	19	0
spacey	19	0
spas	19	0
spate	19	0
speakin	19	0
spectra	19	0
spiritualist	19	0
spliced	19	0
spoof	19	0
spotlights	19	0
spreader	19	0
sprints	19	0
sprocket	19	0
spyware	19	0
squab	19	0
squirted	19	0
stabilised	19	0
staffer	19	0
stalwart	19	0
stationmaster	19	0
steamroller	19	0
stephane	19	0
stix	19	0
stockpiling	19	0
stoller	19	0
stoplight	19	0
strasser	19	0
stravinsky	19	0
streetlights	19	0
stricter	19	0
stringent	19	0
strode	19	0
stubb	19	0
stuntmen	19	0
subcutaneous	19	0
subtleties	19	0
sudo	19	0
suffragette	19	0
suhani	19	0
sukiyaki	19	0
sundar	19	0
sunderland	19	0
superglue	19	0
supermassive	19	0
surnames	19	0
sux	19	0
suzhou	19	0
svengali	19	0
sweepers	19	0
sweltering	19	0
swines	19	0
tacked	19	0
taffeta	19	0
tagore	19	0
tais	19	0
taja	19	0
takuma	19	0
talky	19	0
tamarind	19	0
tangles	19	0
tanikaze	19	0
tanto	19	0
tanuki	19	0
taper	19	0
tariff	19	0
tarik	19	0
tashi	19	0
tatyana	19	0
teepee	19	0
telekinetic	19	0
tenets	19	0
themed	19	0
theologians	19	0
thermals	19	0
thermodynamics	19	0
theses	19	0
thet	19	0
thickest	19	0
thornfield	19	0
throwaway	19	0
titti	19	0
tobruk	19	0
tomek	19	0
torrence	19	0
tortellini	19	0
toshiro	19	0
toyotomi	19	0
transcontinental	19	0
trashcan	19	0
travelers	19	0
treasonous	19	0
trespassed	19	0
trespasser	19	0
trilby	19	0
trubel	19	0
trumbull	19	0
tubular	19	0
tuckered	19	0
tuco	19	0
tulio	19	0
tun	19	0
tuppy	19	0
turlough	19	0
twisty	19	0
twitches	19	0
typhoons	19	0
uav	19	0
unappreciated	19	0
uncaring	19	0
unchain	19	0
underhand	19	0
unexploded	19	0
unfreeze	19	0
ung	19	0
unhurt	19	0
unicef	19	0
unilateral	19	0
uninspired	19	0
uninterested	19	0
unjustified	19	0
unos	19	0
unpublished	19	0
unraveled	19	0
unromantic	19	0
unsuccessfully	19	0
unwitting	19	0
upshot	19	0
urns	19	0
ushered	19	0
uuh	19	0
vag	19	0
valkyries	19	0
valya	19	0
vaya	19	0
vayu	19	0
vehemently	19	0
velez	19	0
venturing	19	0
veracity	19	0
viaduct	19	0
vicksburg	19	0
vigata	19	0
villiers	19	0
vindication	19	0
vis	19	0
viscous	19	0
vitthal	19	0
volta	19	0
vova	19	0
warbles	19	0
warcraft	19	0
warmers	19	0
wc	19	0
weds	19	0
westerly	19	0
whey	19	0
whiskies	19	0
whiteness	19	0
wiccan	19	0
wilcock	19	0
wilmot	19	0
wingate	19	0
wintergreen	19	0
wiseass	19	0
wisecracks	19	0
wizardry	19	0
wombat	19	0
woodcutter	19	0
woolworth	19	0
woon	19	0
worsley	19	0
wr	19	0
wrenches	19	0
wwii	19	0
xandir	19	0
yai	19	0
yaniv	19	0
yearbooks	19	0
yegor	19	0
yelena	19	0
yeomieul	19	0
yew	19	0
yhe	19	0
yipping	19	0
yitzhak	19	0
yoshiki	19	0
yoshiwara	19	0
yourface	19	0
yuppies	19	0
zaf	19	0
zaire	19	0
zarina	19	0
zeuthen	19	0
zhivago	19	0
zin	19	0
zohar	19	0
zorba	19	0
aaaaaaah	18	0
aberrant	18	0
abominations	18	0
abra	18	0
abramoff	18	0
accolades	18	0
achim	18	0
achy	18	0
addendum	18	0
additives	18	0
aey	18	0
affiliates	18	0
aggregate	18	0
aggressors	18	0
agora	18	0
agrarian	18	0
airfare	18	0
ajusshi	18	0
alak	18	0
albertine	18	0
algy	18	0
alle	18	0
alleges	18	0
alls	18	0
alsace	18	0
altimeter	18	0
alucard	18	0
amantha	18	0
amaru	18	0
ambu	18	0
amman	18	0
amphitheater	18	0
anais	18	0
analogue	18	0
anda	18	0
angad	18	0
anglais	18	0
antagonistic	18	0
antares	18	0
aphids	18	0
apprehending	18	0
aqualad	18	0
aramaic	18	0
arastoo	18	0
arras	18	0
asakusa	18	0
ashlee	18	0
ashura	18	0
astrologers	18	0
aswell	18	0
ataru	18	0
atelier	18	0
atoll	18	0
attrition	18	0
auctioning	18	0
aurelia	18	0
ausa	18	0
avast	18	0
aviva	18	0
avni	18	0
awed	18	0
ayers	18	0
bab	18	0
babban	18	0
bacall	18	0
backto	18	0
baffles	18	0
baggies	18	0
baldie	18	0
balli	18	0
bana	18	0
banksy	18	0
banta	18	0
bap	18	0
barak	18	0
barbies	18	0
baronet	18	0
barristers	18	0
bartok	18	0
basia	18	0
basins	18	0
batons	18	0
battersea	18	0
beastmaster	18	0
beaulieu	18	0
beav	18	0
bedpans	18	0
beefcake	18	0
beeped	18	0
beeplng	18	0
beguiling	18	0
behinds	18	0
benzene	18	0
bequest	18	0
berber	18	0
bernardes	18	0
bernini	18	0
betrayals	18	0
betwixt	18	0
bhangra	18	0
bicarb	18	0
bidders	18	0
billingsley	18	0
biochemist	18	0
biodegradable	18	0
birdbrain	18	0
birdcage	18	0
biro	18	0
bitcoins	18	0
bl	18	0
blarney	18	0
blizzards	18	0
blockheads	18	0
bludgeon	18	0
bluey	18	0
bluffed	18	0
blurring	18	0
bmo	18	0
boggles	18	0
boko	18	0
bollinger	18	0
bonneville	18	0
bookshelves	18	0
boosts	18	0
bootie	18	0
botulism	18	0
bouillon	18	0
boxey	18	0
braced	18	0
brack	18	0
brainwaves	18	0
brandishing	18	0
branwell	18	0
brasil	18	0
brest	18	0
brewers	18	0
bridey	18	0
bridie	18	0
briefcases	18	0
brita	18	0
brocade	18	0
bromide	18	0
broome	18	0
brownsville	18	0
bruckner	18	0
bryony	18	0
btw	18	0
buccaneer	18	0
buckling	18	0
bullshitter	18	0
burble	18	0
burdett	18	0
busload	18	0
busses	18	0
cabrera	18	0
cacti	18	0
cadillacs	18	0
cadiz	18	0
caked	18	0
calculates	18	0
calogero	18	0
calzone	18	0
canaveral	18	0
candidly	18	0
cann	18	0
cannonballs	18	0
capita	18	0
carbonara	18	0
cardiomyopathy	18	0
cargill	18	0
carm	18	0
carny	18	0
caron	18	0
carpentier	18	0
carthaginians	18	0
cascading	18	0
cased	18	0
castel	18	0
castes	18	0
catapults	18	0
caters	18	0
cathouse	18	0
catskills	18	0
cattleman	18	0
cavaliere	18	0
centerpieces	18	0
cept	18	0
cerebellum	18	0
cert	18	0
ceylon	18	0
cezanne	18	0
chanced	18	0
charing	18	0
charon	18	0
chatswin	18	0
cheeta	18	0
cheltenham	18	0
cheuk	18	0
chichi	18	0
chlorophyll	18	0
christabel	18	0
chronicler	18	0
churned	18	0
ciara	18	0
cigs	18	0
cinzia	18	0
cis	18	0
civvies	18	0
clop	18	0
closeted	18	0
clotilde	18	0
clough	18	0
clumsiness	18	0
coasting	18	0
cobble	18	0
cobblepot	18	0
cobblers	18	0
cobweb	18	0
coccyx	18	0
coddling	18	0
coffeemaker	18	0
collectible	18	0
colum	18	0
comebacks	18	0
comers	18	0
commemorating	18	0
compasses	18	0
comptroller	18	0
constantin	18	0
contractual	18	0
cooch	18	0
coons	18	0
cooperates	18	0
cordless	18	0
corinna	18	0
corning	18	0
coronado	18	0
counseled	18	0
counterterrorism	18	0
cowan	18	0
cq	18	0
cracow	18	0
cree	18	0
cregg	18	0
criminality	18	0
cristiano	18	0
croats	18	0
crossrail	18	0
cruickshank	18	0
cruisin	18	0
cuatro	18	0
culminating	18	0
cuteness	18	0
cutthroats	18	0
cybill	18	0
cycled	18	0
cylindrical	18	0
dales	18	0
darkly	18	0
darkseid	18	0
darpa	18	0
darwinian	18	0
darwyn	18	0
dbs	18	0
deac	18	0
decisively	18	0
deepened	18	0
deepens	18	0
defectors	18	0
delish	18	0
delle	18	0
demille	18	0
demolitions	18	0
demoralized	18	0
denote	18	0
denzil	18	0
depictions	18	0
descriptive	18	0
despot	18	0
destabilizing	18	0
deuterium	18	0
devika	18	0
dhanraj	18	0
dickerson	18	0
didyou	18	0
diminutive	18	0
dingus	18	0
dippy	18	0
disapproving	18	0
disillusion	18	0
disinformation	18	0
disparaging	18	0
disparity	18	0
disrobe	18	0
disrupts	18	0
dissension	18	0
distinguishes	18	0
diversionary	18	0
dob	18	0
dockers	18	0
doctrines	18	0
dollop	18	0
domini	18	0
dominik	18	0
dorfman	18	0
downturn	18	0
doy	18	0
draculaura	18	0
drazi	18	0
dren	18	0
duchamp	18	0
dunhill	18	0
duplicitous	18	0
dyad	18	0
earmarked	18	0
earthforce	18	0
earthworms	18	0
eastward	18	0
eaves	18	0
ebert	18	0
edgehill	18	0
edging	18	0
edwardian	18	0
egbert	18	0
eggheads	18	0
elam	18	0
elbe	18	0
eleonora	18	0
elgar	18	0
emaciated	18	0
emasculated	18	0
embroiled	18	0
emitters	18	0
emojis	18	0
encroaching	18	0
endangers	18	0
eps	18	0
equine	18	0
erinn	18	0
erogenous	18	0
escher	18	0
espenson	18	0
evidentiary	18	0
exchequer	18	0
exhibitionist	18	0
expertly	18	0
exsanguination	18	0
fabiola	18	0
facials	18	0
facsimile	18	0
fah	18	0
falsify	18	0
fatigues	18	0
fatties	18	0
fein	18	0
fetuses	18	0
fibonacci	18	0
fidgety	18	0
fierro	18	0
fina	18	0
finalised	18	0
firs	18	0
fizzing	18	0
fjords	18	0
flik	18	0
fline	18	0
floren	18	0
floris	18	0
flue	18	0
fondled	18	0
footfalls	18	0
fop	18	0
foray	18	0
forcible	18	0
forefinger	18	0
forgettable	18	0
forwhat	18	0
foucault	18	0
fraternities	18	0
freefall	18	0
freeloaders	18	0
freezers	18	0
frere	18	0
froning	18	0
frs	18	0
fujimoto	18	0
fukuoka	18	0
fumigated	18	0
fundamentalists	18	0
fusing	18	0
gallstones	18	0
galway	18	0
gardenias	18	0
gaussian	18	0
gayer	18	0
gaynor	18	0
gcpd	18	0
gendarmerie	18	0
genders	18	0
gentlest	18	0
gerty	18	0
gib	18	0
gimbert	18	0
gis	18	0
gizmos	18	0
glastonbury	18	0
glob	18	0
globetrotters	18	0
goda	18	0
goddamit	18	0
gonads	18	0
gooch	18	0
gotto	18	0
goverment	18	0
gramercy	18	0
granary	18	0
grands	18	0
grandstanding	18	0
gravest	18	0
graviton	18	0
greaves	18	0
greenbacks	18	0
gregorian	18	0
gretch	18	0
greys	18	0
grohl	18	0
grosse	18	0
groundless	18	0
grunkle	18	0
gua	18	0
guardo	18	0
gustaf	18	0
guzzling	18	0
gye	18	0
hagar	18	0
hallmarks	18	0
handcrafted	18	0
handfuls	18	0
hansson	18	0
happ	18	0
hardening	18	0
hardheaded	18	0
harebrained	18	0
harland	18	0
harmonium	18	0
harmonizing	18	0
harrogate	18	0
hathorne	18	0
heaped	18	0
heckling	18	0
heeded	18	0
heis	18	0
heng	18	0
heralds	18	0
herbalife	18	0
hermie	18	0
hideouts	18	0
highlighting	18	0
hikes	18	0
himanshu	18	0
hisashi	18	0
hissy	18	0
hoarsely	18	0
hoc	18	0
hom	18	0
homerun	18	0
hongkong	18	0
honnold	18	0
hoodies	18	0
hookah	18	0
hooli	18	0
horsie	18	0
hotheaded	18	0
housekeepers	18	0
housemates	18	0
howled	18	0
howser	18	0
hubcaps	18	0
huberman	18	0
huer	18	0
humphreys	18	0
hunan	18	0
huygens	18	0
hydrangeas	18	0
hydration	18	0
hydrocarbons	18	0
hydroelectric	18	0
hypo	18	0
hyunto	18	0
ide	18	0
ides	18	0
ido	18	0
ignasi	18	0
ihop	18	0
illusionist	18	0
ily	18	0
imelda	18	0
imi	18	0
impale	18	0
implausible	18	0
imposters	18	0
imprints	18	0
impulsively	18	0
inbreeding	18	0
indio	18	0
ineffectual	18	0
inefficiency	18	0
inertial	18	0
infeld	18	0
inflating	18	0
inoculated	18	0
inorganic	18	0
insinuated	18	0
intensifying	18	0
interchange	18	0
iooked	18	0
irregularity	18	0
irrevocably	18	0
irvin	18	0
isthe	18	0
ivor	18	0
iy	18	0
jackrabbit	18	0
jacobo	18	0
jairo	18	0
jammin	18	0
janki	18	0
janu	18	0
janusz	18	0
jareau	18	0
jarring	18	0
jasna	18	0
jessy	18	0
jinks	18	0
jip	18	0
jonjo	18	0
jono	18	0
josefa	18	0
jozef	18	0
kaidu	18	0
kaley	18	0
kansuke	18	0
kashiwagi	18	0
katey	18	0
kathmandu	18	0
katsura	18	0
kauai	18	0
kean	18	0
kemper	18	0
kerri	18	0
kersey	18	0
kibby	18	0
kickass	18	0
kimba	18	0
kindaichi	18	0
kinko	18	0
kiowa	18	0
klinkerhoffen	18	0
klunk	18	0
knell	18	0
kobol	18	0
koen	18	0
kofi	18	0
koizumi	18	0
kooks	18	0
kovak	18	0
kow	18	0
kranz	18	0
krispy	18	0
krupp	18	0
kuku	18	0
kurosaki	18	0
kwanzaa	18	0
kyeongseong	18	0
lait	18	0
lakebottom	18	0
lakhan	18	0
lambo	18	0
langton	18	0
larsan	18	0
lathe	18	0
lathrop	18	0
lcd	18	0
lech	18	0
leeza	18	0
lefebvre	18	0
lefts	18	0
leutnant	18	0
levelled	18	0
leyden	18	0
lhc	18	0
liberators	18	0
liddell	18	0
lightfoot	18	0
likeyou	18	0
linkage	18	0
litany	18	0
litigator	18	0
loaner	18	0
lodgers	18	0
lompoc	18	0
loong	18	0
loos	18	0
lopevi	18	0
lowen	18	0
lucretia	18	0
luffy	18	0
lumbering	18	0
lunged	18	0
lusts	18	0
luxan	18	0
lvpd	18	0
lycra	18	0
lysander	18	0
mabuse	18	0
macaulay	18	0
macdougall	18	0
mackintosh	18	0
maclaren	18	0
madalena	18	0
madcap	18	0
magali	18	0
mainline	18	0
majorly	18	0
makeovers	18	0
maldonado	18	0
maligned	18	0
mallika	18	0
malo	18	0
manassas	18	0
manderley	18	0
manette	18	0
mang	18	0
manoel	18	0
mantrid	18	0
margery	18	0
margrethe	18	0
marrakesh	18	0
marsala	18	0
masahiro	18	0
masato	18	0
masayuki	18	0
masseria	18	0
massing	18	0
masson	18	0
massoud	18	0
matchstick	18	0
mato	18	0
mccallum	18	0
mcclain	18	0
mclaughlin	18	0
mctavish	18	0
measurable	18	0
meddlesome	18	0
meisner	18	0
meldrick	18	0
meldrum	18	0
mellon	18	0
mendes	18	0
messaged	18	0
messalina	18	0
methanol	18	0
mh	18	0
migrations	18	0
miguelito	18	0
mikko	18	0
milburn	18	0
milestones	18	0
millington	18	0
millisecond	18	0
mim	18	0
mimes	18	0
minaj	18	0
minimise	18	0
minkus	18	0
minster	18	0
minwoo	18	0
mired	18	0
misadventure	18	0
misrepresented	18	0
mitral	18	0
mitzvahs	18	0
mnemonic	18	0
mombasa	18	0
monami	18	0
monger	18	0
monolith	18	0
monotone	18	0
monterrey	18	0
mortifying	18	0
motta	18	0
mountaineering	18	0
moyer	18	0
muk	18	0
multinationals	18	0
muncie	18	0
mungo	18	0
muntz	18	0
murata	18	0
murillo	18	0
mya	18	0
myocardial	18	0
myriam	18	0
nads	18	0
nagel	18	0
nakanishi	18	0
nanjo	18	0
napster	18	0
narcolepsy	18	0
narcs	18	0
nastiness	18	0
natal	18	0
nava	18	0
needlepoint	18	0
needlework	18	0
neeko	18	0
neelu	18	0
neetu	18	0
neuron	18	0
newberry	18	0
nicolette	18	0
nightdress	18	0
nishida	18	0
nitwits	18	0
nonnatus	18	0
norbit	18	0
noriega	18	0
notting	18	0
novotny	18	0
nsc	18	0
nubia	18	0
nuked	18	0
oakes	18	0
oberst	18	0
oc	18	0
occupancy	18	0
oder	18	0
offs	18	0
ofjustice	18	0
oflove	18	0
okeydoke	18	0
omnipresent	18	0
ona	18	0
ony	18	0
orchestras	18	0
orthe	18	0
oscillator	18	0
oso	18	0
ostend	18	0
ott	18	0
outlining	18	0
outsourcing	18	0
ov	18	0
overextended	18	0
overstayed	18	0
oyama	18	0
pacer	18	0
pallets	18	0
paltrow	18	0
pampers	18	0
panhandle	18	0
parabolic	18	0
parachuted	18	0
paradine	18	0
paradoxes	18	0
paradoxical	18	0
parkour	18	0
parolee	18	0
parsa	18	0
passin	18	0
pauley	18	0
pausing	18	0
pcs	18	0
peddlers	18	0
pedersen	18	0
pedes	18	0
pedrosa	18	0
peeved	18	0
peppered	18	0
pershing	18	0
persistently	18	0
perumal	18	0
perverting	18	0
petitioner	18	0
pezuela	18	0
pfff	18	0
PG	18	0
philosophically	18	0
phoebus	18	0
phrased	18	0
pickets	18	0
pileup	18	0
pillaged	18	0
pinup	18	0
pippy	18	0
pirouette	18	0
pitstop	18	0
playthings	18	0
plethora	18	0
plexus	18	0
plonk	18	0
polina	18	0
polonius	18	0
ponytails	18	0
poofs	18	0
pooled	18	0
pornographer	18	0
pounder	18	0
pra	18	0
pranked	18	0
preconceived	18	0
prednisone	18	0
preet	18	0
prefectural	18	0
pressman	18	0
preventative	18	0
priss	18	0
propagation	18	0
prospectors	18	0
protectorate	18	0
protester	18	0
psoriasis	18	0
publicized	18	0
puddin	18	0
pulverize	18	0
pummeled	18	0
punky	18	0
purist	18	0
pusan	18	0
pyare	18	0
pyromaniac	18	0
quaid	18	0
quantify	18	0
quatermain	18	0
quelle	18	0
quieres	18	0
quinton	18	0
radek	18	0
radiated	18	0
radiators	18	0
radiohead	18	0
raga	18	0
ragnarok	18	0
ragtag	18	0
raincoats	18	0
rancor	18	0
randhir	18	0
rawley	18	0
reaped	18	0
reappears	18	0
rears	18	0
reassembled	18	0
recast	18	0
reciprocated	18	0
reclining	18	0
reconnecting	18	0
recurrence	18	0
reddick	18	0
reeked	18	0
referees	18	0
referencing	18	0
referrals	18	0
refilled	18	0
regenerated	18	0
regenerating	18	0
regulates	18	0
reheat	18	0
reis	18	0
reliably	18	0
remotest	18	0
renton	18	0
replaying	18	0
repulsion	18	0
resale	18	0
rescuer	18	0
resourcefulness	18	0
restructure	18	0
retort	18	0
revolts	18	0
reynaldo	18	0
reynold	18	0
rhodesia	18	0
rian	18	0
ribcage	18	0
ricco	18	0
riche	18	0
ridiculing	18	0
riffs	18	0
righ	18	0
riveted	18	0
roary	18	0
robeson	18	0
rockland	18	0
rolando	18	0
rosaura	18	0
rossum	18	0
roundhouse	18	0
ruda	18	0
rumblings	18	0
rungs	18	0
ruthlessness	18	0
rutles	18	0
sacraments	18	0
sahir	18	0
saigo	18	0
saipan	18	0
sala	18	0
saleem	18	0
salient	18	0
sandwiched	18	0
santy	18	0
sanya	18	0
saran	18	0
sarsaparilla	18	0
sashay	18	0
sasi	18	0
saskatchewan	18	0
satoko	18	0
savonarola	18	0
scabies	18	0
scapula	18	0
schafer	18	0
schlep	18	0
schnabel	18	0
scholastic	18	0
schrute	18	0
scolds	18	0
scotches	18	0
scrubber	18	0
scrupulous	18	0
sculptors	18	0
seacrest	18	0
seahorse	18	0
searcher	18	0
seeding	18	0
selene	18	0
selflessly	18	0
selflessness	18	0
sendai	18	0
servo	18	0
setter	18	0
seventeenth	18	0
sews	18	0
shadowhunters	18	0
shamefully	18	0
sharps	18	0
shawshank	18	0
sheepdog	18	0
sherpas	18	0
shill	18	0
shimon	18	0
shinagawa	18	0
shingen	18	0
shinhwa	18	0
shinpei	18	0
shod	18	0
shozo	18	0
shrubbery	18	0
shruthi	18	0
Sikhs	18	0
silene	18	0
simmi	18	0
simo	18	0
sio	18	0
sitch	18	0
sketchbook	18	0
skivvies	18	0
skjern	18	0
slippin	18	0
smarmy	18	0
smoothing	18	0
sneering	18	0
snook	18	0
snored	18	0
snuggling	18	0
soaks	18	0
soc	18	0
soe	18	0
softens	18	0
solana	18	0
soldering	18	0
someth	18	0
someway	18	0
sommelier	18	0
songyang	18	0
soonest	18	0
sortie	18	0
sot	18	0
sotheby	18	0
specialises	18	0
spiller	18	0
spivey	18	0
sponging	18	0
springboard	18	0
spritz	18	0
squinting	18	0
sss	18	0
staffing	18	0
stakeouts	18	0
stax	18	0
steckler	18	0
steinar	18	0
stephie	18	0
stiffness	18	0
stiffy	18	0
stipulation	18	0
stirrup	18	0
strang	18	0
streamline	18	0
strenght	18	0
stunningly	18	0
sturm	18	0
subdivision	18	0
subsidiaries	18	0
subsidize	18	0
sufferer	18	0
suffrage	18	0
sugi	18	0
suiting	18	0
supermen	18	0
supervisory	18	0
suzaku	18	0
swoops	18	0
synagogues	18	0
tailpipe	18	0
tajima	18	0
takechi	18	0
tandang	18	0
tapestries	18	0
tawney	18	0
taz	18	0
teamsters	18	0
teaspoons	18	0
teetering	18	0
telephoto	18	0
tengu	18	0
tenzin	18	0
tetch	18	0
thallium	18	0
thay	18	0
thejob	18	0
theora	18	0
theron	18	0
thorazine	18	0
thoughtfully	18	0
thundercats	18	0
thurber	18	0
thurgood	18	0
timeshare	18	0
tizzy	18	0
togashi	18	0
togusa	18	0
toine	18	0
tollbooth	18	0
tomfoolery	18	0
tomoe	18	0
tootin	18	0
tormentor	18	0
townie	18	0
trafficked	18	0
trafford	18	0
transcended	18	0
transverse	18	0
trapp	18	0
trawl	18	0
trawling	18	0
treblinka	18	0
trifled	18	0
triumphal	18	0
truscott	18	0
tubman	18	0
tullius	18	0
tumblers	18	0
tupper	18	0
tutsi	18	0
twayne	18	0
tweek	18	0
twiddling	18	0
twyla	18	0
tye	18	0
udder	18	0
ug	18	0
ui	18	0
ullman	18	0
uly	18	0
unadulterated	18	0
unblemished	18	0
unbuttoned	18	0
uncommonly	18	0
undershirt	18	0
unfurled	18	0
unhelpful	18	0
unimpressed	18	0
unleashes	18	0
unpatriotic	18	0
unrestrained	18	0
unsealed	18	0
unsophisticated	18	0
unsustainable	18	0
unwillingly	18	0
ursus	18	0
vaca	18	0
vani	18	0
vapid	18	0
varg	18	0
varrick	18	0
vasile	18	0
vassily	18	0
velociraptor	18	0
velour	18	0
vespers	18	0
vestal	18	0
viability	18	0
vicap	18	0
victimless	18	0
vindaloo	18	0
vishwamitra	18	0
visionaries	18	0
vladimirovich	18	0
vocally	18	0
wane	18	0
warder	18	0
warfield	18	0
waxy	18	0
wearable	18	0
webbing	18	0
wegener	18	0
weighty	18	0
wendigo	18	0
whatchamacallit	18	0
wheres	18	0
whiner	18	0
whistleblower	18	0
wilber	18	0
wilfrid	18	0
wilk	18	0
willin	18	0
winkie	18	0
winstone	18	0
wiryegung	18	0
witchy	18	0
wmd	18	0
wojtek	18	0
wolcott	18	0
wolfsbane	18	0
woodford	18	0
worldview	18	0
wove	18	0
wyndham	18	0
yamaha	18	0
yancy	18	0
yeehaw	18	0
yello	18	0
yeshiva	18	0
yokoyama	18	0
yosuke	18	0
youjust	18	0
youngblood	18	0
yuda	18	0
zag	18	0
zamora	18	0
zandra	18	0
zeek	18	0
zinger	18	0
zita	18	0
zloty	18	0
zuri	18	0
aba	17	0
abberline	17	0
abbreviation	17	0
absorbent	17	0
academies	17	0
accountancy	17	0
adaptability	17	0
addis	17	0
additive	17	0
adhered	17	0
adulteress	17	0
affable	17	0
aglow	17	0
agnese	17	0
agonies	17	0
airbrush	17	0
airspeed	17	0
aiyo	17	0
aizawa	17	0
ajin	17	0
akai	17	0
alack	17	0
algo	17	0
aligning	17	0
alkaline	17	0
allegro	17	0
allot	17	0
alloys	17	0
alsatian	17	0
altars	17	0
alway	17	0
amano	17	0
amass	17	0
amassing	17	0
ambushes	17	0
amenhotep	17	0
amex	17	0
amnesiac	17	0
amparo	17	0
amtrak	17	0
anabel	17	0
angiogram	17	0
anglo	17	0
animus	17	0
annexed	17	0
annuity	17	0
anny	17	0
anthropological	17	0
anythin	17	0
aphasia	17	0
applegate	17	0
appy	17	0
arav	17	0
archenemy	17	0
archivist	17	0
ard	17	0
argit	17	0
arlena	17	0
arsene	17	0
artemus	17	0
artisanal	17	0
artois	17	0
artworks	17	0
arvo	17	0
asexual	17	0
ashwini	17	0
asphyxia	17	0
assassinating	17	0
asu	17	0
asuna	17	0
augment	17	0
augmented	17	0
autobahn	17	0
avant	17	0
azaleas	17	0
babysat	17	0
backstrom	17	0
bagger	17	0
baldev	17	0
balle	17	0
baran	17	0
barbecuing	17	0
barbs	17	0
barreling	17	0
baumann	17	0
bayard	17	0
bayram	17	0
beachhead	17	0
beatnik	17	0
beckoned	17	0
bedpost	17	0
beeline	17	0
behaviours	17	0
belden	17	0
belittled	17	0
belker	17	0
bellagio	17	0
belleville	17	0
belli	17	0
bellyaching	17	0
belphegor	17	0
benvolio	17	0
berate	17	0
bestows	17	0
betide	17	0
bex	17	0
bhaiyya	17	0
bighorn	17	0
biometrics	17	0
bip	17	0
birdseed	17	0
birger	17	0
bish	17	0
bismillah	17	0
bittoo	17	0
bizarrely	17	0
blacksmiths	17	0
bladders	17	0
blazers	17	0
blighted	17	0
blithe	17	0
bloodsucking	17	0
bloomberg	17	0
bloop	17	0
blore	17	0
bluish	17	0
bmx	17	0
boastful	17	0
bobble	17	0
bogeys	17	0
boink	17	0
bolingbroke	17	0
bootlegging	17	0
bossed	17	0
bounded	17	0
bowlers	17	0
boyar	17	0
bratislava	17	0
brayden	17	0
broiled	17	0
brom	17	0
bromance	17	0
broncos	17	0
brophy	17	0
bru	17	0
brumby	17	0
buckman	17	0
budderball	17	0
buffett	17	0
bulldoze	17	0
bullfrog	17	0
bungling	17	0
burak	17	0
burbs	17	0
butane	17	0
butterball	17	0
buttonhole	17	0
caballero	17	0
cancan	17	0
cancellations	17	0
canker	17	0
capa	17	0
capillaries	17	0
capote	17	0
carissa	17	0
carleton	17	0
carting	17	0
casks	17	0
cassiopeia	17	0
catalano	17	0
catalog	17	0
catarina	17	0
categorize	17	0
cavorting	17	0
cellmates	17	0
centrifugal	17	0
cersei	17	0
cesium	17	0
chale	17	0
champollion	17	0
chandru	17	0
changin	17	0
chapin	17	0
charlottesville	17	0
charo	17	0
chartreuse	17	0
checkups	17	0
chernov	17	0
chocolat	17	0
chomps	17	0
choon	17	0
chromium	17	0
chucks	17	0
cin	17	0
classier	17	0
climatic	17	0
clotted	17	0
coddled	17	0
colley	17	0
colter	17	0
compactor	17	0
compadres	17	0
comprise	17	0
computation	17	0
conceiving	17	0
condense	17	0
condenser	17	0
condon	17	0
condoning	17	0
conferring	17	0
congenial	17	0
conk	17	0
constraint	17	0
constrictor	17	0
contemptuous	17	0
contrasts	17	0
contrite	17	0
corneas	17	0
cosmological	17	0
cosplay	17	0
costumed	17	0
coughlin	17	0
crackpots	17	0
creel	17	0
crimean	17	0
crisscross	17	0
crochet	17	0
croon	17	0
crossfit	17	0
crozier	17	0
crunched	17	0
cuando	17	0
cuervo	17	0
cumulative	17	0
cutesy	17	0
dacha	17	0
dado	17	0
dandridge	17	0
danko	17	0
darian	17	0
darkies	17	0
darting	17	0
deadlier	17	0
deathtrap	17	0
debauched	17	0
debussy	17	0
decorators	17	0
defaced	17	0
defne	17	0
deformities	17	0
defrauded	17	0
delos	17	0
dente	17	0
dependant	17	0
depots	17	0
derbyshire	17	0
despairing	17	0
dessie	17	0
detainment	17	0
deviants	17	0
dh	17	0
dhabi	17	0
diagnoses	17	0
dibble	17	0
dic	17	0
didnae	17	0
diogo	17	0
dirtbags	17	0
discernible	17	0
disconnecting	17	0
discus	17	0
disheveled	17	0
displace	17	0
dispossessed	17	0
dixieland	17	0
dmz	17	0
dodson	17	0
doktor	17	0
domicile	17	0
dooby	17	0
doot	17	0
dormitories	17	0
douchebags	17	0
dowdy	17	0
downgraded	17	0
dreadnought	17	0
dredged	17	0
dressy	17	0
dribbles	17	0
drooping	17	0
duality	17	0
dulled	17	0
duque	17	0
duras	17	0
dyle	17	0
dynasties	17	0
eagleton	17	0
earlobes	17	0
eastenders	17	0
editorials	17	0
eeyo	17	0
efficacy	17	0
egging	17	0
egocentric	17	0
egoist	17	0
ehi	17	0
elysium	17	0
emergent	17	0
emotionless	17	0
emre	17	0
endeavours	17	0
ensue	17	0
entertains	17	0
entomologist	17	0
eradication	17	0
erode	17	0
eroding	17	0
escalators	17	0
estes	17	0
evaporating	17	0
evicting	17	0
evoked	17	0
excellently	17	0
exhilaration	17	0
extraneous	17	0
exude	17	0
facetime	17	0
fagan	17	0
faggy	17	0
fagot	17	0
fairgrounds	17	0
fauntleroy	17	0
fayeed	17	0
feli	17	0
fermentation	17	0
fidget	17	0
figurative	17	0
fishnet	17	0
fixable	17	0
fixit	17	0
flange	17	0
flanked	17	0
flasher	17	0
flavio	17	0
flavoured	17	0
flickers	17	0
flim	17	0
flinched	17	0
flinching	17	0
flitting	17	0
flotsam	17	0
flyboy	17	0
folksy	17	0
fontainebleau	17	0
footballs	17	0
forints	17	0
forsyth	17	0
forthem	17	0
fosse	17	0
freighters	17	0
frenchies	17	0
friendliest	17	0
friendliness	17	0
frits	17	0
frocks	17	0
fronted	17	0
frothy	17	0
fuckwit	17	0
fudd	17	0
fuhrman	17	0
fullerton	17	0
funfair	17	0
gagnon	17	0
galicia	17	0
gallup	17	0
gamby	17	0
garwood	17	0
gath	17	0
gawk	17	0
gdp	17	0
geishas	17	0
genaro	17	0
geranium	17	0
gestation	17	0
gianluca	17	0
gibb	17	0
gilchrist	17	0
giordino	17	0
giuliani	17	0
gizzard	17	0
glazing	17	0
gleaned	17	0
glick	17	0
glub	17	0
gobs	17	0
goi	17	0
golding	17	0
gondo	17	0
goners	17	0
goodson	17	0
gopala	17	0
gordana	17	0
gorges	17	0
gorgonzola	17	0
grabber	17	0
grabby	17	0
graciela	17	0
grandparent	17	0
graziano	17	0
greasing	17	0
greely	17	0
grindr	17	0
groat	17	0
grosvenor	17	0
gruelling	17	0
grunwald	17	0
guddi	17	0
gumshoe	17	0
gyul	17	0
hacer	17	0
haemorrhaging	17	0
hagrid	17	0
hahahaha	17	0
hairstyles	17	0
hakuna	17	0
hamm	17	0
hammett	17	0
hanadarko	17	0
hanji	17	0
hanyang	17	0
harbours	17	0
harmonize	17	0
harps	17	0
harshness	17	0
havel	17	0
haves	17	0
hayek	17	0
headpiece	17	0
heared	17	0
heartaches	17	0
hebrides	17	0
heitor	17	0
herbivores	17	0
herders	17	0
hidalgo	17	0
highbrow	17	0
hildegard	17	0
hinduism	17	0
hitoshi	17	0
hofer	17	0
hojo	17	0
holl	17	0
hollows	17	0
honeydew	17	0
houseguests	17	0
hovered	17	0
hrt	17	0
humiliates	17	0
humiliations	17	0
hunh	17	0
huron	17	0
hydroponic	17	0
hypothermic	17	0
icc	17	0
ilaria	17	0
imai	17	0
imploded	17	0
impressionism	17	0
inaction	17	0
inari	17	0
incandescent	17	0
incantations	17	0
individualism	17	0
indulgences	17	0
ingestion	17	0
inhumanity	17	0
injectors	17	0
insofar	17	0
inspite	17	0
instigating	17	0
instrumentation	17	0
interlocking	17	0
interrogators	17	0
invests	17	0
ious	17	0
ishtar	17	0
jalapeno	17	0
jammy	17	0
janitorial	17	0
jedediah	17	0
jedikiah	17	0
jeffords	17	0
jellicle	17	0
jellies	17	0
jellybean	17	0
jellybeans	17	0
jesu	17	0
jewess	17	0
jibun	17	0
jiggly	17	0
jogged	17	0
jogs	17	0
johnathan	17	0
johnstone	17	0
jonno	17	0
joubert	17	0
jtp	17	0
jut	17	0
kagome	17	0
kaminsky	17	0
kamla	17	0
kannan	17	0
kardashians	17	0
kazu	17	0
keeled	17	0
keng	17	0
kenshiro	17	0
keppel	17	0
kerim	17	0
kernels	17	0
kettles	17	0
khalifa	17	0
kido	17	0
kif	17	0
kingly	17	0
kingsbridge	17	0
kinsella	17	0
kintaro	17	0
kir	17	0
kirsch	17	0
kisaragi	17	0
kleptomaniac	17	0
klimt	17	0
knowthe	17	0
knud	17	0
koalas	17	0
koe	17	0
kojiro	17	0
kojirou	17	0
kombat	17	0
koontz	17	0
kovach	17	0
kozue	17	0
krav	17	0
kusanagi	17	0
kuzmich	17	0
laborious	17	0
lafite	17	0
lambeth	17	0
lamentable	17	0
lamented	17	0
lancia	17	0
larks	17	0
lavery	17	0
lawmakers	17	0
lawyering	17	0
layne	17	0
lce	17	0
leafs	17	0
leant	17	0
leathery	17	0
lechery	17	0
legacies	17	0
lemming	17	0
lesbos	17	0
lewicki	17	0
licences	17	0
lichen	17	0
liebe	17	0
lieber	17	0
lifesaving	17	0
lincolnshire	17	0
lindberg	17	0
linde	17	0
lippy	17	0
liquored	17	0
lisping	17	0
liveth	17	0
lnternet	17	0
lodi	17	0
lohengrin	17	0
londoners	17	0
longhorn	17	0
loofah	17	0
lorde	17	0
lothar	17	0
louganis	17	0
loup	17	0
lov	17	0
lozano	17	0
luan	17	0
lucci	17	0
lucerne	17	0
luminol	17	0
lve	17	0
lyell	17	0
maarten	17	0
mab	17	0
maca	17	0
machiavellian	17	0
madelyn	17	0
madhavan	17	0
maksim	17	0
malawi	17	0
maleficent	17	0
malka	17	0
mangle	17	0
manhandled	17	0
manicures	17	0
maples	17	0
marce	17	0
mariska	17	0
marly	17	0
marquess	17	0
marsten	17	0
massager	17	0
matsushima	17	0
mccrae	17	0
mcd	17	0
medicate	17	0
meer	17	0
mehdi	17	0
melton	17	0
menthe	17	0
menzies	17	0
mercado	17	0
mervyn	17	0
messala	17	0
mestre	17	0
metaphysics	17	0
microns	17	0
microorganisms	17	0
mightily	17	0
miliband	17	0
milla	17	0
minecraft	17	0
minimalist	17	0
minuscule	17	0
miscavige	17	0
miscreants	17	0
misspoke	17	0
mn	17	0
mobilise	17	0
modigliani	17	0
modular	17	0
moneylender	17	0
moneypenny	17	0
monologues	17	0
morell	17	0
mores	17	0
morin	17	0
morphing	17	0
mosfilm	17	0
motherboard	17	0
mucous	17	0
mughal	17	0
mulling	17	0
mur	17	0
murari	17	0
muskrat	17	0
nagato	17	0
nagavalli	17	0
naivety	17	0
napoleonic	17	0
narasimha	17	0
nari	17	0
nassar	17	0
nastier	17	0
ncic	17	0
neath	17	0
nebuchadnezzar	17	0
needto	17	0
neeson	17	0
negra	17	0
neighbourhoods	17	0
nen	17	0
ner	17	0
neruda	17	0
nerv	17	0
neurotoxin	17	0
neuter	17	0
newsworthy	17	0
ngai	17	0
nicklas	17	0
nid	17	0
nightmarish	17	0
nightstick	17	0
nihaal	17	0
nima	17	0
nimbus	17	0
noirish	17	0
nondescript	17	0
noogie	17	0
nosedive	17	0
nowyou	17	0
nri	17	0
nutella	17	0
nyada	17	0
nyx	17	0
oddity	17	0
oftime	17	0
ofwhat	17	0
okamoto	17	0
olmedo	17	0
olsson	17	0
omelettes	17	0
omnibus	17	0
onassis	17	0
ons	17	0
onscreen	17	0
onyx	17	0
oom	17	0
oooo	17	0
oozes	17	0
ophthalmologist	17	0
oppressing	17	0
opulent	17	0
orale	17	0
orchestration	17	0
orgasmic	17	0
orkney	17	0
oryou	17	0
osten	17	0
oto	17	0
ourjob	17	0
outfield	17	0
overacting	17	0
overqualified	17	0
overshot	17	0
oversleep	17	0
overthrew	17	0
overthrowing	17	0
overton	17	0
overtures	17	0
oyabun	17	0
palomares	17	0
pammi	17	0
panes	17	0
parishioner	17	0
parochial	17	0
parsnip	17	0
partials	17	0
participates	17	0
patently	17	0
paterno	17	0
pathologists	17	0
pattaya	17	0
pattie	17	0
paunch	17	0
peaking	17	0
peaky	17	0
pease	17	0
pelosi	17	0
perce	17	0
pere	17	0
permanence	17	0
perspiring	17	0
pertain	17	0
peterman	17	0
phelan	17	0
phoenician	17	0
phonebook	17	0
phosphorous	17	0
piak	17	0
pickford	17	0
pigpen	17	0
pigskin	17	0
pilaf	17	0
pissarro	17	0
pix	17	0
pixy	17	0
plaintive	17	0
planters	17	0
pliable	17	0
plod	17	0
plying	17	0
poldi	17	0
polytechnic	17	0
poontang	17	0
poorhouse	17	0
porsches	17	0
portwenn	17	0
prager	17	0
prayin	17	0
precede	17	0
predates	17	0
predictive	17	0
premieres	17	0
prendergast	17	0
preparedness	17	0
priam	17	0
prideful	17	0
principally	17	0
probative	17	0
probert	17	0
problema	17	0
prohibiting	17	0
proliferation	17	0
prominently	17	0
prompter	17	0
prudhoe	17	0
psychically	17	0
pujol	17	0
puritanical	17	0
purty	17	0
px	17	0
pyrotechnics	17	0
qt	17	0
quads	17	0
quai	17	0
quash	17	0
quel	17	0
quesadilla	17	0
questionnaires	17	0
quietest	17	0
quincey	17	0
raben	17	0
racehorses	17	0
racoon	17	0
raindrop	17	0
rajjo	17	0
rammer	17	0
ranbir	17	0
ranching	17	0
rapido	17	0
rathod	17	0
razer	17	0
razia	17	0
reacquainted	17	0
rebecka	17	0
recitation	17	0
redesigned	17	0
reelected	17	0
renner	17	0
reorganization	17	0
repatriation	17	0
repopulate	17	0
resetting	17	0
resided	17	0
resonant	17	0
resonating	17	0
resound	17	0
reuse	17	0
reve	17	0
revelry	17	0
revenged	17	0
revisited	17	0
rewinds	17	0
rhib	17	0
rhymed	17	0
ribbentrop	17	0
rickard	17	0
rigoletto	17	0
riles	17	0
rino	17	0
rinsed	17	0
roasts	17	0
robbo	17	0
rondo	17	0
roofied	17	0
rosalinda	17	0
rosaria	17	0
rote	17	0
royston	17	0
rumbled	17	0
rupali	17	0
sacko	17	0
sacs	17	0
safa	17	0
safeguarding	17	0
safehouse	17	0
sahiba	17	0
sakina	17	0
saleh	17	0
satanist	17	0
saucepan	17	0
sauvage	17	0
sawaki	17	0
scalpels	17	0
scathing	17	0
scheherazade	17	0
schmitt	17	0
scobie	17	0
scopolamine	17	0
scrapings	17	0
searchers	17	0
searchlight	17	0
searchlights	17	0
seashell	17	0
secretion	17	0
sectioned	17	0
seedling	17	0
segawa	17	0
seiko	17	0
selleck	17	0
selwyn	17	0
sem	17	0
seurat	17	0
sevilla	17	0
sfpd	17	0
shamar	17	0
shamu	17	0
shapeshifter	17	0
sharat	17	0
shearing	17	0
shephard	17	0
sherm	17	0
shindou	17	0
shinto	17	0
shipbuilding	17	0
shivas	17	0
shizuo	17	0
shoplift	17	0
shorting	17	0
shostakovich	17	0
shrewsbury	17	0
shropshire	17	0
shuster	17	0
siggy	17	0
singe	17	0
situ	17	0
sixers	17	0
ska	17	0
skewered	17	0
slicer	17	0
slitting	17	0
sloop	17	0
snags	17	0
sniffle	17	0
snoot	17	0
snowplow	17	0
sofi	17	0
sohn	17	0
solidly	17	0
somber	17	0
sommer	17	0
sone	17	0
soriano	17	0
southpaw	17	0
spaceport	17	0
sparkler	17	0
spassky	17	0
speckled	17	0
speculators	17	0
spinoza	17	0
spiny	17	0
spittin	17	0
splattering	17	0
spore	17	0
sportscaster	17	0
spreadsheets	17	0
spurious	17	0
squelch	17	0
squiggly	17	0
sru	17	0
stache	17	0
standout	17	0
starched	17	0
starfighter	17	0
starves	17	0
stashing	17	0
steamers	17	0
stiffen	17	0
stoick	17	0
stonewalling	17	0
stoning	17	0
straddle	17	0
strapless	17	0
stuckey	17	0
studebaker	17	0
subclavian	17	0
subjecting	17	0
subjugated	17	0
suffocates	17	0
sufi	17	0
suga	17	0
sugita	17	0
sugu	17	0
summa	17	0
supermax	17	0
surrealism	17	0
suru	17	0
susu	17	0
suu	17	0
swarthy	17	0
swatches	17	0
swirly	17	0
syndicates	17	0
synopsis	17	0
synthetics	17	0
szabo	17	0
tadd	17	0
tailings	17	0
tamiya	17	0
tantalising	17	0
taran	17	0
tarragon	17	0
tassel	17	0
taters	17	0
teenie	17	0
tej	17	0
tele	17	0
teletype	17	0
temujin	17	0
tesoro	17	0
thais	17	0
thattaboy	17	0
thawing	17	0
theandromeda	17	0
thermometers	17	0
thespian	17	0
thessaloniki	17	0
theyjust	17	0
thompkins	17	0
thorgy	17	0
thoroughfare	17	0
threaded	17	0
tibetans	17	0
tibi	17	0
tics	17	0
tiers	17	0
tightest	17	0
tigre	17	0
timeframe	17	0
timepiece	17	0
tincture	17	0
tinge	17	0
tinsley	17	0
tobacconist	17	0
toge	17	0
tolerates	17	0
tommorow	17	0
toon	17	0
torquay	17	0
torrey	17	0
torvald	17	0
toti	17	0
tottenham	17	0
touma	17	0
townshend	17	0
tramping	17	0
trang	17	0
transcendence	17	0
transistors	17	0
transpo	17	0
trellis	17	0
tremblay	17	0
treme	17	0
troels	17	0
tso	17	0
tsukamoto	17	0
tuft	17	0
tulley	17	0
tulsi	17	0
tumbles	17	0
tumult	17	0
tuo	17	0
twiddle	17	0
twosome	17	0
tyrion	17	0
ulster	17	0
ume	17	0
undaunted	17	0
unease	17	0
unknowable	17	0
unreadable	17	0
unsullied	17	0
uppsala	17	0
uprisings	17	0
uriah	17	0
usda	17	0
username	17	0
valente	17	0
valise	17	0
varner	17	0
veena	17	0
venerated	17	0
venetians	17	0
vere	17	0
verena	17	0
versatility	17	0
vespasian	17	0
vetoed	17	0
vibrato	17	0
victini	17	0
viju	17	0
vil	17	0
vincey	17	0
vinton	17	0
vlog	17	0
vodkas	17	0
voicemails	17	0
vonda	17	0
vyvyan	17	0
wads	17	0
wafting	17	0
warblers	17	0
wasim	17	0
watchdogs	17	0
waterford	17	0
waterhole	17	0
waterhouse	17	0
wawa	17	0
waya	17	0
weems	17	0
weenies	17	0
whatare	17	0
whateveryou	17	0
wheaties	17	0
wheeljack	17	0
whelp	17	0
whitworth	17	0
whrt	17	0
wickedly	17	0
widdle	17	0
widmore	17	0
wiggum	17	0
wilmer	17	0
wiry	17	0
witching	17	0
witten	17	0
wobbles	17	0
woefully	17	0
wog	17	0
woodlands	17	0
wouidn	17	0
wpc	17	0
wracked	17	0
wristbands	17	0
wrongdoings	17	0
xiaoyi	17	0
xiaoyu	17	0
xl	17	0
yahweh	17	0
yana	17	0
yangjung	17	0
yarmulke	17	0
yasha	17	0
yesterdays	17	0
yod	17	0
yolo	17	0
youngpo	17	0
yugoslavian	17	0
yulia	17	0
yuta	17	0
yuwen	17	0
zandt	17	0
zany	17	0
zarek	17	0
zarkon	17	0
zis	17	0
zoloft	17	0
zoological	17	0
zosia	17	0
zpm	17	0
aborting	16	0
abstraction	16	0
abut	16	0
acetylene	16	0
acker	16	0
acl	16	0
acreage	16	0
adri	16	0
afew	16	0
aftershock	16	0
afteryou	16	0
ageless	16	0
ahana	16	0
ahmadi	16	0
aihara	16	0
aikawa	16	0
airtime	16	0
aja	16	0
alaykum	16	0
algonquin	16	0
alyona	16	0
amalfi	16	0
amphora	16	0
amply	16	0
amun	16	0
anarkali	16	0
anathema	16	0
anbu	16	0
andonof	16	0
andrade	16	0
anemone	16	0
anette	16	0
angy	16	0
animator	16	0
antagonism	16	0
anthea	16	0
anthropologists	16	0
aol	16	0
apostolic	16	0
appraise	16	0
appropriation	16	0
archived	16	0
ardor	16	0
argent	16	0
arghh	16	0
aristide	16	0
aromatherapy	16	0
asad	16	0
asi	16	0
asim	16	0
assent	16	0
asserted	16	0
atsuko	16	0
attendees	16	0
attractiveness	16	0
aver	16	0
ayanami	16	0
ayhan	16	0
babli	16	0
babylonians	16	0
backhoe	16	0
backstabber	16	0
backyards	16	0
baddies	16	0
bahar	16	0
balderdash	16	0
ballin	16	0
ballinger	16	0
ballu	16	0
banality	16	0
banku	16	0
banshees	16	0
baracus	16	0
barris	16	0
basalt	16	0
baseballs	16	0
bassist	16	0
bassoon	16	0
battista	16	0
beej	16	0
belittling	16	0
bellefleur	16	0
benadryl	16	0
bergdorf	16	0
biatch	16	0
bier	16	0
binders	16	0
bisbee	16	0
bizzy	16	0
blackballed	16	0
blipping	16	0
blitzed	16	0
blowhole	16	0
blume	16	0
blushes	16	0
bodywork	16	0
boffin	16	0
bonaventure	16	0
bookseller	16	0
bootleggers	16	0
bosse	16	0
boyars	16	0
boykewich	16	0
boylan	16	0
bracknell	16	0
brandeis	16	0
brandies	16	0
brantley	16	0
bronzed	16	0
brunhilde	16	0
brynn	16	0
buchman	16	0
buffers	16	0
buggery	16	0
burbuja	16	0
burk	16	0
burkett	16	0
cabron	16	0
cairn	16	0
cairns	16	0
caius	16	0
calamities	16	0
caledonia	16	0
calisthenics	16	0
campari	16	0
candi	16	0
canto	16	0
capella	16	0
capsize	16	0
carpaccio	16	0
catched	16	0
cawdor	16	0
ceaseless	16	0
cede	16	0
celebs	16	0
centralized	16	0
cessation	16	0
ceviche	16	0
chaddha	16	0
chagas	16	0
cham	16	0
chamois	16	0
chancery	16	0
chaperon	16	0
charcot	16	0
chegwidden	16	0
chhotu	16	0
chiyoko	16	0
chopstick	16	0
christmassy	16	0
cirinna	16	0
claptrap	16	0
clavo	16	0
clenching	16	0
clincher	16	0
cloistered	16	0
closures	16	0
clovers	16	0
cluny	16	0
coaxing	16	0
cocoons	16	0
coefficient	16	0
colorblind	16	0
colostomy	16	0
columbian	16	0
comely	16	0
comped	16	0
compensations	16	0
complying	16	0
compressing	16	0
concerted	16	0
concussed	16	0
confidences	16	0
congeniality	16	0
congestive	16	0
conjures	16	0
conni	16	0
consonants	16	0
constancy	16	0
contortionist	16	0
convening	16	0
convicting	16	0
copulate	16	0
copyrighted	16	0
corelli	16	0
coronal	16	0
counterclockwise	16	0
countered	16	0
countermeasure	16	0
cpt	16	0
cra	16	0
crain	16	0
creeks	16	0
crumple	16	0
cubicles	16	0
cuesta	16	0
culled	16	0
curare	16	0
curia	16	0
cursory	16	0
cuties	16	0
daan	16	0
daiquiris	16	0
dalrymple	16	0
danby	16	0
dander	16	0
daniken	16	0
darwinism	16	0
datsun	16	0
dayna	16	0
dcs	16	0
deandra	16	0
deandre	16	0
decanter	16	0
decrypted	16	0
deegan	16	0
deluding	16	0
dembe	16	0
dengue	16	0
deplore	16	0
depressions	16	0
deputized	16	0
desna	16	0
desoto	16	0
devo	16	0
diggy	16	0
dilate	16	0
dimitris	16	0
dint	16	0
disapproves	16	0
discusses	16	0
disembarked	16	0
disobeys	16	0
distancing	16	0
distributes	16	0
divisive	16	0
dobbin	16	0
docker	16	0
domains	16	0
dominos	16	0
dono	16	0
dorinda	16	0
doubtfire	16	0
dour	16	0
downy	16	0
draga	16	0
drazen	16	0
drea	16	0
droppin	16	0
dunkin	16	0
dvorak	16	0
eamonn	16	0
earlobe	16	0
eby	16	0
ectoplasm	16	0
edits	16	0
effusion	16	0
eggy	16	0
electromagnetism	16	0
elevating	16	0
eliminations	16	0
elissa	16	0
elms	16	0
emanuelle	16	0
embezzler	16	0
embittered	16	0
emigrants	16	0
emme	16	0
emmie	16	0
emmit	16	0
enceladus	16	0
engrave	16	0
engravings	16	0
enslavement	16	0
entertainments	16	0
erling	16	0
ern	16	0
etchings	16	0
eto	16	0
etty	16	0
euphrates	16	0
eurasian	16	0
euston	16	0
evos	16	0
exasperating	16	0
excepted	16	0
excommunication	16	0
executes	16	0
expend	16	0
extractor	16	0
facilitator	16	0
falconetti	16	0
falmouth	16	0
farfetched	16	0
farik	16	0
faustus	16	0
faxing	16	0
feckless	16	0
felonious	16	0
ferrous	16	0
fet	16	0
fett	16	0
ficus	16	0
fiddled	16	0
fievel	16	0
filaments	16	0
filibuster	16	0
fincher	16	0
finchley	16	0
fiore	16	0
fissures	16	0
fizzle	16	0
flashpoint	16	0
flasks	16	0
flaubert	16	0
flophouse	16	0
flossie	16	0
footlocker	16	0
forfeiture	16	0
forges	16	0
fracas	16	0
fragrances	16	0
fraiser	16	0
francais	16	0
franciscan	16	0
franta	16	0
frantz	16	0
fredrick	16	0
frequents	16	0
freshening	16	0
fri	16	0
frighteningly	16	0
fritzi	16	0
frivolity	16	0
frohike	16	0
fukuda	16	0
fulham	16	0
furnishing	16	0
furrow	16	0
gaffigan	16	0
galvanized	16	0
gangbusters	16	0
gangplank	16	0
gape	16	0
garrido	16	0
gautier	16	0
gaydar	16	0
geir	16	0
gelding	16	0
genial	16	0
geta	16	0
giardello	16	0
giblets	16	0
gisburne	16	0
gizmoduck	16	0
gk	16	0
glassware	16	0
glutes	16	0
goldfarb	16	0
gornt	16	0
gorski	16	0
goten	16	0
grafting	16	0
greggs	16	0
grenoble	16	0
grenouille	16	0
grizz	16	0
grossest	16	0
guffawing	16	0
gummer	16	0
gunboat	16	0
gunga	16	0
gyroscope	16	0
haben	16	0
hallow	16	0
hamoudi	16	0
handoff	16	0
handstand	16	0
haneda	16	0
harakiri	16	0
hardwicke	16	0
harlon	16	0
harun	16	0
haveyou	16	0
haydn	16	0
hazelwood	16	0
heartthrob	16	0
heatwave	16	0
heavies	16	0
heaviness	16	0
heckler	16	0
helpings	16	0
hexenbiest	16	0
hie	16	0
highsmith	16	0
hino	16	0
hippodrome	16	0
hirata	16	0
hirayama	16	0
hiruma	16	0
hitmen	16	0
hittite	16	0
hmmph	16	0
hocked	16	0
holier	16	0
honza	16	0
hoofs	16	0
hooke	16	0
hornstock	16	0
hospitalised	16	0
hostels	16	0
hotpot	16	0
howards	16	0
hsing	16	0
humoring	16	0
hus	16	0
hussars	16	0
hutu	16	0
huw	16	0
hyperbole	16	0
hypotenuse	16	0
icac	16	0
idealized	16	0
ieds	16	0
ifield	16	0
igarashi	16	0
ikebukuro	16	0
iku	16	0
iliad	16	0
iman	16	0
implicates	16	0
impurity	16	0
incalculable	16	0
incan	16	0
inclinations	16	0
inconsistency	16	0
indeterminate	16	0
indoctrination	16	0
industrialized	16	0
inexorably	16	0
inglewood	16	0
ingots	16	0
ingrates	16	0
inhabitant	16	0
inhibition	16	0
integrating	16	0
intendant	16	0
interning	16	0
interred	16	0
intricacies	16	0
iow	16	0
IPS	16	0
irises	16	0
isabela	16	0
islamist	16	0
istvan	16	0
itsy	16	0
iwaki	16	0
izmir	16	0
izumo	16	0
jaggery	16	0
jal	16	0
jamestown	16	0
janvier	16	0
jaridian	16	0
jaridians	16	0
jarle	16	0
jarndyce	16	0
jarro	16	0
jastrow	16	0
jealously	16	0
jef	16	0
jessop	16	0
jihadists	16	0
jinlun	16	0
joji	16	0
joyriding	16	0
jubilation	16	0
julieta	16	0
kagami	16	0
kak	16	0
kalashnikov	16	0
kash	16	0
kaul	16	0
kazuhiko	16	0
kenton	16	0
kenyan	16	0
khai	16	0
kida	16	0
kierkegaard	16	0
kindled	16	0
kirkpatrick	16	0
kirstie	16	0
kiryu	16	0
kisha	16	0
kishida	16	0
klepto	16	0
knobhead	16	0
koothrappali	16	0
kor	16	0
koryn	16	0
kotoba	16	0
koz	16	0
kronk	16	0
kujo	16	0
kuki	16	0
kurita	16	0
lafleur	16	0
lagertha	16	0
lakeshore	16	0
landslides	16	0
languish	16	0
lannisters	16	0
lapped	16	0
lassen	16	0
lattice	16	0
layaway	16	0
leandro	16	0
leapfrog	16	0
leathers	16	0
legitimize	16	0
lenora	16	0
lichtenstein	16	0
liechtenstein	16	0
lineman	16	0
lipsticks	16	0
liquefied	16	0
liquidity	16	0
liters	16	0
livable	16	0
livvie	16	0
loath	16	0
lockheed	16	0
lockout	16	0
locomotives	16	0
locus	16	0
lollypop	16	0
longworth	16	0
lookalike	16	0
loosens	16	0
louella	16	0
louts	16	0
lovelorn	16	0
lubrication	16	0
lucho	16	0
lucidity	16	0
lukey	16	0
lulled	16	0
lumberjacks	16	0
maar	16	0
macaroon	16	0
macfarlane	16	0
macha	16	0
machinations	16	0
madero	16	0
madigan	16	0
mainsail	16	0
malu	16	0
mammogram	16	0
manganese	16	0
mangroves	16	0
manuelo	16	0
marais	16	0
marauding	16	0
marchers	16	0
marchese	16	0
mariam	16	0
marianas	16	0
marigny	16	0
marksmen	16	0
marlborough	16	0
maroni	16	0
martens	16	0
marvelously	16	0
mase	16	0
matchup	16	0
mathai	16	0
matrices	16	0
matson	16	0
matterhorn	16	0
mayuri	16	0
maz	16	0
mckeever	16	0
mcmann	16	0
mcrae	16	0
meditative	16	0
meechum	16	0
meehan	16	0
memorials	16	0
memorised	16	0
menachem	16	0
menendez	16	0
menorah	16	0
mentored	16	0
meteoric	16	0
militarily	16	0
millimetres	16	0
mimmo	16	0
minato	16	0
mintz	16	0
misconstrued	16	0
miserly	16	0
mitigation	16	0
mitochondrial	16	0
moai	16	0
moldavia	16	0
molehill	16	0
monkfish	16	0
monopolize	16	0
morbidly	16	0
morg	16	0
mosul	16	0
moulded	16	0
mousey	16	0
muhammed	16	0
mujinju	16	0
mulrooney	16	0
mywife	16	0
nametag	16	0
naonka	16	0
nc	16	0
nco	16	0
neater	16	0
ngan	16	0
nigar	16	0
nige	16	0
nightshirt	16	0
nikolay	16	0
nisse	16	0
NIT	16	0
nitrates	16	0
nogales	16	0
noma	16	0
nonviolence	16	0
noooooo	16	0
noora	16	0
northman	16	0
norval	16	0
noteworthy	16	0
nou	16	0
nox	16	0
nuanced	16	0
numbering	16	0
nuno	16	0
odorless	16	0
ods	16	0
okabe	16	0
okano	16	0
okie	16	0
ometepe	16	0
oogie	16	0
oohs	16	0
opposable	16	0
optimization	16	0
oratory	16	0
orbison	16	0
orbiter	16	0
orchestrating	16	0
orm	16	0
orthodoxy	16	0
osprey	16	0
osteoporosis	16	0
otsuka	16	0
overpopulation	16	0
overrides	16	0
overtly	16	0
overwatch	16	0
oxnard	16	0
padilla	16	0
paedophiles	16	0
painlessly	16	0
paler	16	0
palomino	16	0
panditji	16	0
paolino	16	0
paquita	16	0
parachuting	16	0
parapet	16	0
parentheses	16	0
parolees	16	0
pasqualino	16	0
pasties	16	0
pastis	16	0
patchouli	16	0
pawel	16	0
paypal	16	0
pca	16	0
pecans	16	0
peeta	16	0
peons	16	0
peop	16	0
pericardium	16	0
peritta	16	0
periwinkle	16	0
personification	16	0
petitioning	16	0
pezzini	16	0
phan	16	0
phnom	16	0
phosphate	16	0
physiotherapy	16	0
pickwick	16	0
pietje	16	0
pikes	16	0
pimento	16	0
pineal	16	0
pinker	16	0
pinochle	16	0
pithy	16	0
piu	16	0
plantain	16	0
pliny	16	0
plows	16	0
poitiers	16	0
polynesia	16	0
pompadour	16	0
portrays	16	0
potentials	16	0
potters	16	0
precipitate	16	0
preconceptions	16	0
prefrontal	16	0
proctologist	16	0
proffer	16	0
promos	16	0
pronoun	16	0
pronouns	16	0
propositions	16	0
provocateur	16	0
pst	16	0
psychobabble	16	0
pucci	16	0
puerta	16	0
pulleys	16	0
pupkin	16	0
purim	16	0
pyjama	16	0
qatar	16	0
querida	16	0
quickens	16	0
quieten	16	0
quirt	16	0
quito	16	0
raah	16	0
rachmaninoff	16	0
railly	16	0
raisa	16	0
raji	16	0
ranged	16	0
rasa	16	0
rasp	16	0
ravish	16	0
rawdon	16	0
rayne	16	0
razzle	16	0
reacher	16	0
readjust	16	0
reams	16	0
rearden	16	0
rebate	16	0
rebellions	16	0
rechecked	16	0
redial	16	0
refocus	16	0
reformer	16	0
reformers	16	0
refurbished	16	0
regenerative	16	0
regress	16	0
rehash	16	0
reichsfuhrer	16	0
reimbursement	16	0
reintroduce	16	0
rejoined	16	0
rekindled	16	0
repressing	16	0
reprieved	16	0
respondent	16	0
resuscitated	16	0
resynced	16	0
reticent	16	0
reuven	16	0
reverie	16	0
revisiting	16	0
rework	16	0
rhe	16	0
rhinestones	16	0
riaz	16	0
riesling	16	0
rigidity	16	0
rikard	16	0
riyadh	16	0
roadway	16	0
rodders	16	0
rorschach	16	0
roseanna	16	0
rossetti	16	0
rotator	16	0
rotisserie	16	0
ruan	16	0
ruination	16	0
rukia	16	0
rushworth	16	0
ryosuke	16	0
saban	16	0
sabes	16	0
sacco	16	0
sadists	16	0
sagara	16	0
saijo	16	0
sainthood	16	0
saitama	16	0
salacious	16	0
salgado	16	0
samcro	16	0
sammie	16	0
samovar	16	0
sanding	16	0
sandstrom	16	0
sanson	16	0
saplings	16	0
sarina	16	0
savaii	16	0
savile	16	0
savio	16	0
savoury	16	0
sawant	16	0
sayu	16	0
scalping	16	0
scamper	16	0
scarecrows	16	0
scoping	16	0
screenplays	16	0
scrolling	16	0
seahawk	16	0
seaplane	16	0
seaport	16	0
seasickness	16	0
seaworthy	16	0
sediments	16	0
semiautomatic	16	0
semis	16	0
seperate	16	0
sequential	16	0
servalan	16	0
shadowhunter	16	0
shakuntala	16	0
shanxi	16	0
shapeless	16	0
sharath	16	0
sharpens	16	0
sharpness	16	0
sheehan	16	0
shekhawat	16	0
shere	16	0
shiho	16	0
shinwell	16	0
shizuku	16	0
shizuma	16	0
shizuru	16	0
shortbread	16	0
shoud	16	0
showoff	16	0
shum	16	0
sickos	16	0
silla	16	0
sindhu	16	0
singham	16	0
sippin	16	0
skeffington	16	0
skelter	16	0
skelton	16	0
skied	16	0
skirting	16	0
skitter	16	0
skoda	16	0
skydiver	16	0
skyrocketed	16	0
slags	16	0
slouching	16	0
slurry	16	0
smartness	16	0
smoothest	16	0
snakeskin	16	0
snively	16	0
snufkin	16	0
solveig	16	0
solver	16	0
soundwave	16	0
speeded	16	0
spinnin	16	0
spittle	16	0
splicing	16	0
sprechen	16	0
stargazer	16	0
starin	16	0
steelers	16	0
steen	16	0
steerage	16	0
stemming	16	0
stencil	16	0
stepladder	16	0
sterility	16	0
stiffer	16	0
stina	16	0
stormfly	16	0
stranglehold	16	0
stratagem	16	0
stretchy	16	0
strikingly	16	0
strongarm	16	0
stuyvesant	16	0
subbed	16	0
subjugate	16	0
subscribed	16	0
sugarplum	16	0
summing	16	0
supernovas	16	0
suppository	16	0
swamiji	16	0
swatting	16	0
sweatin	16	0
sweetums	16	0
swerving	16	0
switcheroo	16	0
symphonies	16	0
tach	16	0
tactically	16	0
takeru	16	0
takuto	16	0
talismans	16	0
tamayo	16	0
tamiko	16	0
tane	16	0
tarred	16	0
tempts	16	0
testimonials	16	0
tgs	16	0
thingie	16	0
thwack	16	0
tiago	16	0
tiggers	16	0
tightness	16	0
timelines	16	0
tipton	16	0
tolson	16	0
torching	16	0
tort	16	0
toting	16	0
tracheotomy	16	0
trajectories	16	0
transplantation	16	0
treetop	16	0
tremayne	16	0
tropicana	16	0
tuitions	16	0
tulle	16	0
tumours	16	0
tunney	16	0
turnstile	16	0
tutelage	16	0
twang	16	0
tyne	16	0
udders	16	0
uglies	16	0
uhn	16	0
uli	16	0
umar	16	0
unappealing	16	0
unconnected	16	0
undergoes	16	0
undertow	16	0
unsecured	16	0
unshakable	16	0
unskilled	16	0
untalented	16	0
untying	16	0
uptake	16	0
urals	16	0
usagi	16	0
usd	16	0
usury	16	0
utica	16	0
vaccinate	16	0
vaishali	16	0
vallarta	16	0
valter	16	0
vanities	16	0
vassili	16	0
velvety	16	0
venky	16	0
ventriloquism	16	0
vette	16	0
vez	16	0
vico	16	0
vid	16	0
villeneuve	16	0
vincente	16	0
virge	16	0
virginian	16	0
visualise	16	0
visualizing	16	0
vivan	16	0
viviana	16	0
vlasta	16	0
volm	16	0
vorenus	16	0
vx	16	0
waded	16	0
waked	16	0
walken	16	0
warble	16	0
wardroom	16	0
watari	16	0
watermark	16	0
wealthier	16	0
welt	16	0
weng	16	0
whalen	16	0
whaler	16	0
wheal	16	0
whereof	16	0
wherewithal	16	0
whittling	16	0
wholesalers	16	0
whys	16	0
whyte	16	0
wiggy	16	0
wiki	16	0
wilf	16	0
wilsons	16	0
wilts	16	0
windward	16	0
winehouse	16	0
winfrey	16	0
wining	16	0
wiretapping	16	0
wirt	16	0
wiseguy	16	0
wonton	16	0
woodbury	16	0
workspace	16	0
worrier	16	0
wrangling	16	0
wrenched	16	0
yabe	16	0
yami	16	0
yaw	16	0
yellin	16	0
yesteryear	16	0
yorick	16	0
youn	16	0
yourfriend	16	0
yr	16	0
yuntabal	16	0
zamboni	16	0
zapatera	16	0
zoologist	16	0
zucker	16	0
aaru	15	0
accommodated	15	0
accorded	15	0
adina	15	0
adonai	15	0
adopts	15	0
airbender	15	0
akasaka	15	0
alai	15	0
alarmingly	15	0
ambushing	15	0
amory	15	0
amundsen	15	0
annexation	15	0
antihistamine	15	0
antonov	15	0
aomori	15	0
aplenty	15	0
appeasement	15	0
aqueducts	15	0
arapaho	15	0
aright	15	0
arjuna	15	0
arsed	15	0
assuage	15	0
ata	15	0
aylin	15	0
ayres	15	0
babineaux	15	0
baldur	15	0
basal	15	0
bathtubs	15	0
bathwater	15	0
beanpole	15	0
bedsheets	15	0
beefsteak	15	0
beeman	15	0
beleaguered	15	0
believin	15	0
bellyful	15	0
belter	15	0
belting	15	0
bendix	15	0
benjie	15	0
ber	15	0
berwick	15	0
bes	15	0
betadine	15	0
bethel	15	0
biloxi	15	0
bink	15	0
biosphere	15	0
blaisdel	15	0
bloodletting	15	0
bodnar	15	0
bollock	15	0
bolting	15	0
bonbon	15	0
boof	15	0
boozy	15	0
borrowers	15	0
bouchard	15	0
bratton	15	0
breastplate	15	0
brer	15	0
bresson	15	0
broadside	15	0
brun	15	0
buchenwald	15	0
bueller	15	0
buggies	15	0
bungle	15	0
bur	15	0
burbage	15	0
burkhart	15	0
burris	15	0
businesslike	15	0
butjust	15	0
cabled	15	0
callas	15	0
campanella	15	0
camptown	15	0
cana	15	0
canceling	15	0
caramels	15	0
carburettor	15	0
carbury	15	0
caroll	15	0
casimir	15	0
castellan	15	0
catharsis	15	0
cauterize	15	0
ceausescu	15	0
celeb	15	0
centurions	15	0
chairperson	15	0
chantry	15	0
cherubs	15	0
cheveley	15	0
chickpeas	15	0
chinamen	15	0
chirpy	15	0
chronically	15	0
chuggington	15	0
cici	15	0
clamping	15	0
clausen	15	0
clo	15	0
coachella	15	0
coker	15	0
communique	15	0
compatriot	15	0
concretely	15	0
conquistador	15	0
conscripted	15	0
contraptions	15	0
conveyance	15	0
copacetic	15	0
corben	15	0
cornucopia	15	0
cortina	15	0
cotta	15	0
crasher	15	0
creaky	15	0
crooner	15	0
croup	15	0
crustacean	15	0
crustaceans	15	0
cubits	15	0
culling	15	0
culminated	15	0
czechoslovak	15	0
dalal	15	0
dally	15	0
dampening	15	0
daow	15	0
darzac	15	0
dashes	15	0
deepening	15	0
deft	15	0
degenerated	15	0
demeanour	15	0
demerits	15	0
depositors	15	0
desiccated	15	0
deterred	15	0
devaki	15	0
deville	15	0
dickwad	15	0
differing	15	0
dignitary	15	0
dilettante	15	0
diller	15	0
dimming	15	0
disassembled	15	0
dishonorably	15	0
dissonance	15	0
distaste	15	0
doily	15	0
donati	15	0
doofenshmirtz	15	0
dorotea	15	0
doubloons	15	0
doubters	15	0
dramamine	15	0
draupadi	15	0
duarte	15	0
dubenko	15	0
duplicity	15	0
dustpan	15	0
earwig	15	0
edelstein	15	0
egil	15	0
eligibility	15	0
elks	15	0
eller	15	0
empanadas	15	0
emphasize	15	0
endeavor	15	0
endemic	15	0
enriching	15	0
enrollment	15	0
envelops	15	0
eod	15	0
eph	15	0
epoxy	15	0
erkki	15	0
erudite	15	0
ery	15	0
estevez	15	0
etomidate	15	0
ewell	15	0
exempted	15	0
exorcisms	15	0
expiry	15	0
exterminators	15	0
farmyard	15	0
ferociously	15	0
fillets	15	0
fingertip	15	0
fini	15	0
fishies	15	0
fleeced	15	0
flynt	15	0
fogarty	15	0
foodie	15	0
fossilised	15	0
frag	15	0
frisked	15	0
fs	15	0
fsa	15	0
fueled	15	0
fume	15	0
fundraisers	15	0
gabbana	15	0
gales	15	0
gantu	15	0
gatwick	15	0
gennosuke	15	0
ghraib	15	0
gilfoyle	15	0
gilgamesh	15	0
gmo	15	0
goomer	15	0
gor	15	0
gora	15	0
gored	15	0
gormley	15	0
gra	15	0
gravitas	15	0
grays	15	0
greaser	15	0
grimsby	15	0
grisham	15	0
grossing	15	0
grovy	15	0
gypsum	15	0
hablo	15	0
hadron	15	0
hafiz	15	0
hairpiece	15	0
halitosis	15	0
haris	15	0
hatchlings	15	0
hayami	15	0
hazama	15	0
headstones	15	0
hearn	15	0
heatstroke	15	0
hedwig	15	0
helter	15	0
herbalist	15	0
heres	15	0
hertfordshire	15	0
hesselboe	15	0
hh	15	0
hideki	15	0
hikmet	15	0
himawari	15	0
himura	15	0
hin	15	0
hitori	15	0
hitotsu	15	0
hoa	15	0
hodor	15	0
hollingsworth	15	0
homeopathic	15	0
hootie	15	0
horseplay	15	0
hothouse	15	0
hove	15	0
idolize	15	0
ignoble	15	0
immensity	15	0
immobilize	15	0
immutable	15	0
impeccably	15	0
inasmuch	15	0
incapacitate	15	0
incisors	15	0
incontrovertible	15	0
indentations	15	0
independents	15	0
indigent	15	0
inducted	15	0
inexorable	15	0
inextricably	15	0
infiltrators	15	0
innovate	15	0
innovators	15	0
inopportune	15	0
inroads	15	0
inspirations	15	0
installment	15	0
interacts	15	0
interloper	15	0
interposing	15	0
interpreters	15	0
ipads	15	0
irishmen	15	0
irrationally	15	0
irritability	15	0
iscariot	15	0
jabez	15	0
jacobite	15	0
jaffar	15	0
jaimie	15	0
jamey	15	0
jardine	15	0
JEE	15	0
jetpack	15	0
jihadi	15	0
jollies	15	0
jordans	15	0
josefine	15	0
jostle	15	0
judgy	15	0
jumpsuits	15	0
junie	15	0
jurisdictional	15	0
jurisprudence	15	0
kabbalah	15	0
kaku	15	0
kaleel	15	0
karamazov	15	0
karat	15	0
karuta	15	0
kawahara	15	0
kawamura	15	0
keck	15	0
khaleesi	15	0
kijima	15	0
kiley	15	0
koreatown	15	0
kotoko	15	0
koyuki	15	0
krispies	15	0
kristoffer	15	0
labeled	15	0
lachie	15	0
laminate	15	0
landru	15	0
lats	15	0
lauder	15	0
lemel	15	0
lethargy	15	0
leyland	15	0
libertarian	15	0
limbic	15	0
linchpin	15	0
lingam	15	0
liter	15	0
litton	15	0
liverwurst	15	0
loder	15	0
loic	15	0
loosed	15	0
ludie	15	0
lumbago	15	0
lustig	15	0
magnifico	15	0
malaise	15	0
malted	15	0
malvina	15	0
mardle	15	0
marne	15	0
masai	15	0
mati	15	0
matsumura	15	0
mcnair	15	0
mcneal	15	0
meacham	15	0
mealtime	15	0
menage	15	0
menstruating	15	0
menswear	15	0
merriman	15	0
metas	15	0
microcosm	15	0
mieko	15	0
milkha	15	0
minefields	15	0
mirek	15	0
mirren	15	0
misconceptions	15	0
mitten	15	0
modernize	15	0
modulator	15	0
mogadishu	15	0
mongoloid	15	0
moonbeams	15	0
mopalmo	15	0
mortensen	15	0
mowbray	15	0
multiplex	15	0
muto	15	0
myer	15	0
mykonos	15	0
nakai	15	0
nanosecond	15	0
naosuke	15	0
narang	15	0
neb	15	0
negros	15	0
netted	15	0
newfangled	15	0
newgate	15	0
nez	15	0
niceness	15	0
nichol	15	0
nobuo	15	0
nol	15	0
nordmann	15	0
normandie	15	0
northumbria	15	0
obediently	15	0
obit	15	0
obliges	15	0
odi	15	0
odor	15	0
odum	15	0
oflife	15	0
ofus	15	0
okatsu	15	0
oktoberfest	15	0
okuda	15	0
oligarchs	15	0
olympiad	15	0
oodles	15	0
optometrist	15	0
organics	15	0
outgrew	15	0
outmoded	15	0
outpouring	15	0
overblown	15	0
overbooked	15	0
overflowed	15	0
overstating	15	0
owie	15	0
padlocked	15	0
palos	15	0
pamplona	15	0
paparazzo	15	0
paraphrase	15	0
parlance	15	0
pasting	15	0
patchy	15	0
patrolmen	15	0
peered	15	0
pera	15	0
pericardial	15	0
perishing	15	0
persevered	15	0
personage	15	0
petronius	15	0
pho	15	0
phoenicians	15	0
photonic	15	0
physicality	15	0
pictorial	15	0
pilfering	15	0
pimpin	15	0
pincer	15	0
pinche	15	0
placard	15	0
pleats	15	0
plimpton	15	0
plow	15	0
portobello	15	0
posies	15	0
practicality	15	0
prearranged	15	0
prig	15	0
prioritize	15	0
projectors	15	0
prosaic	15	0
punjabis	15	0
quasar	15	0
quicksilver	15	0
quilts	15	0
quips	15	0
quitted	15	0
rahm	15	0
Rakhi	15	0
ramaa	15	0
ramada	15	0
ransacking	15	0
ravenna	15	0
rcmp	15	0
realtors	15	0
reapply	15	0
recessed	15	0
recruiters	15	0
redefined	15	0
redline	15	0
remedied	15	0
renege	15	0
reposition	15	0
restorative	15	0
riend	15	0
rikke	15	0
ringle	15	0
rishabh	15	0
riskier	15	0
rito	15	0
ritzy	15	0
rivka	15	0
rocca	15	0
rolli	15	0
rooker	15	0
rucker	15	0
ruger	15	0
rustom	15	0
rutabaga	15	0
ruzek	15	0
sacrosanct	15	0
saddlebags	15	0
safecracker	15	0
saffy	15	0
sahab	15	0
sarasota	15	0
satch	15	0
sated	15	0
sawa	15	0
scapegoats	15	0
scatters	15	0
schizophrenics	15	0
schon	15	0
scientologist	15	0
scion	15	0
sciuto	15	0
scratcher	15	0
secrete	15	0
seiya	15	0
semple	15	0
senility	15	0
senta	15	0
sesh	15	0
sesterces	15	0
seve	15	0
seychelles	15	0
shaeffer	15	0
shanghaied	15	0
sheaves	15	0
sheepskin	15	0
shelved	15	0
shenandoah	15	0
shimako	15	0
sholto	15	0
shrouds	15	0
signage	15	0
sinaloa	15	0
sinestro	15	0
sirrah	15	0
siv	15	0
skeptical	15	0
skewers	15	0
slays	15	0
smackdown	15	0
snooper	15	0
socialise	15	0
sooraj	15	0
sorata	15	0
soyuz	15	0
specialize	15	0
specialized	15	0
spics	15	0
spiros	15	0
spork	15	0
sprague	15	0
srivastav	15	0
ssi	15	0
stabbings	15	0
staines	15	0
staircases	15	0
stanislaw	15	0
starsk	15	0
stedman	15	0
steffen	15	0
stipe	15	0
stipulates	15	0
stoners	15	0
storekeeper	15	0
storytellers	15	0
stubbed	15	0
stylings	15	0
summarize	15	0
summits	15	0
sump	15	0
sunburst	15	0
superheated	15	0
supervillain	15	0
surmised	15	0
swindon	15	0
synchronicity	15	0
tachycardic	15	0
tacs	15	0
tailspin	15	0
takigawa	15	0
talkers	15	0
tallied	15	0
tamponade	15	0
tangos	15	0
tardes	15	0
taskmaster	15	0
td	15	0
teela	15	0
teemu	15	0
teito	15	0
teleporting	15	0
tenements	15	0
terracotta	15	0
thawne	15	0
theaters	15	0
theologian	15	0
theywere	15	0
thiago	15	0
thoughtyou	15	0
thunderbolts	15	0
tiene	15	0
tigris	15	0
tira	15	0
titch	15	0
tootie	15	0
topsoil	15	0
toth	15	0
touchstone	15	0
tourney	15	0
transfered	15	0
trickles	15	0
trier	15	0
trog	15	0
trumpeter	15	0
tua	15	0
turbot	15	0
tus	15	0
tweaker	15	0
twiggy	15	0
twitchell	15	0
twixt	15	0
unblock	15	0
uneasiness	15	0
unequivocal	15	0
unfashionable	15	0
unicycle	15	0
uninformed	15	0
unmoved	15	0
unnerved	15	0
unpredictability	15	0
unzipped	15	0
valco	15	0
valparaiso	15	0
vapor	15	0
varda	15	0
vasa	15	0
vented	15	0
vert	15	0
villette	15	0
volkov	15	0
vour	15	0
wackos	15	0
wadsworth	15	0
wagstaff	15	0
wallice	15	0
weeny	15	0
weightlessness	15	0
wescott	15	0
westerner	15	0
westley	15	0
wetback	15	0
widener	15	0
wigwam	15	0
womanizing	15	0
wreaked	15	0
writhe	15	0
wyxchari	15	0
xylophone	15	0
yashiro	15	0
yasin	15	0
yasuo	15	0
yehuda	15	0
yens	15	0
yeohwa	15	0
yoru	15	0
yosef	15	0
yoshimura	15	0
yucca	15	0
zamani	15	0
zambrano	15	0
zayday	15	0
zbornak	15	0
zweig	15	0
NRI	7	0
ODI	5	0
asshole	0	1
assholes	0	1
bastard	0	1
bastards	0	1
bitch	0	1
bitches	0	1
bitchy	0	1
bullshit	0	1
cock	0	1
cocks	0	1
cunt	0	1
cunts	0	1
dick	0	1
dickhead	0	1
dicks	0	1
fag	0	1
faggot	0	1
faggots	0	1
fags	0	1
fuck	0	1
fucked	0	1
fucker	0	1
fuckers	0	1
fuckin	0	1
fucking	0	1
fucks	0	1
motherfucker	0	1
motherfuckers	0	1
nigga	0	1
niggas	0	1
nigger	0	1
niggers	0	1
pussy	0	1
retard	0	1
retarded	0	1
shit	0	1
shits	0	1
shitty	0	1
slut	0	1
sluts	0	1
spastic	0	1
twat	0	1
wanker	0	1
wankers	0	1
whore	0	1
whores	0	1
